Copyright 1986-2022 Xilinx, Inc. All Rights Reserved.
---------------------------------------------------------------------------------------------------------------------------------------------------------------------------------------------------------------------------------------
| Tool Version : Vivado v.2022.2 (win64) Build 3671981 Fri Oct 14 05:00:03 MDT 2022
| Date         : Wed Jun 17 13:41:49 2026
| Host         : HYB-ZEIVQOenqBQ running 64-bit major release  (build 9200)
| Command      : report_timing_summary -max_paths 10 -report_unconstrained -file top_level_proj_timing_summary_routed.rpt -pb top_level_proj_timing_summary_routed.pb -rpx top_level_proj_timing_summary_routed.rpx -warn_on_violation
| Design       : top_level_proj
| Device       : 7a100t-csg324
| Speed File   : -1  PRODUCTION 1.23 2018-06-13
---------------------------------------------------------------------------------------------------------------------------------------------------------------------------------------------------------------------------------------

Timing Summary Report

------------------------------------------------------------------------------------------------
| Timer Settings
| --------------
------------------------------------------------------------------------------------------------

  Enable Multi Corner Analysis               :  Yes
  Enable Pessimism Removal                   :  Yes
  Pessimism Removal Resolution               :  Nearest Common Node
  Enable Input Delay Default Clock           :  No
  Enable Preset / Clear Arcs                 :  No
  Disable Flight Delays                      :  No
  Ignore I/O Paths                           :  No
  Timing Early Launch at Borrowing Latches   :  No
  Borrow Time for Max Delay Exceptions       :  Yes
  Merge Timing Exceptions                    :  Yes

  Corner  Analyze    Analyze    
  Name    Max Paths  Min Paths  
  ------  ---------  ---------  
  Slow    Yes        Yes        
  Fast    Yes        Yes        


------------------------------------------------------------------------------------------------
| Report Methodology
| ------------------
------------------------------------------------------------------------------------------------

Rule       Severity  Description                    Violations  
---------  --------  -----------------------------  ----------  
LUTAR-1    Warning   LUT drives async reset alert   1           
TIMING-18  Warning   Missing input or output delay  49          

Note: This report is based on the most recent report_methodology run and may not be up-to-date. Run report_methodology on the current design for the latest report.



check_timing report

Table of Contents
-----------------
1. checking no_clock (0)
2. checking constant_clock (0)
3. checking pulse_width_clock (0)
4. checking unconstrained_internal_endpoints (0)
5. checking no_input_delay (4)
6. checking no_output_delay (19)
7. checking multiple_clock (0)
8. checking generated_clocks (0)
9. checking loops (0)
10. checking partial_input_delay (0)
11. checking partial_output_delay (0)
12. checking latch_loops (0)

1. checking no_clock (0)
------------------------
 There are 0 register/latch pins with no clock.


2. checking constant_clock (0)
------------------------------
 There are 0 register/latch pins with constant_clock.


3. checking pulse_width_clock (0)
---------------------------------
 There are 0 register/latch pins which need pulse_width check


4. checking unconstrained_internal_endpoints (0)
------------------------------------------------
 There are 0 pins that are not constrained for maximum delay.

 There are 0 pins that are not constrained for maximum delay due to constant clock.


5. checking no_input_delay (4)
------------------------------
 There are 4 input ports with no input delay specified. (HIGH)

 There are 0 input ports with no input delay but user has a false path constraint.


6. checking no_output_delay (19)
--------------------------------
 There are 19 ports with no output delay specified. (HIGH)

 There are 0 ports with no output delay but user has a false path constraint

 There are 0 ports with no output delay but with a timing clock defined on it or propagating through it


7. checking multiple_clock (0)
------------------------------
 There are 0 register/latch pins with multiple clocks.


8. checking generated_clocks (0)
--------------------------------
 There are 0 generated clocks that are not connected to a clock source.


9. checking loops (0)
---------------------
 There are 0 combinational loops in the design.


10. checking partial_input_delay (0)
------------------------------------
 There are 0 input ports with partial input delay specified.


11. checking partial_output_delay (0)
-------------------------------------
 There are 0 ports with partial output delay specified.


12. checking latch_loops (0)
----------------------------
 There are 0 combinational latch loops in the design through latch input



------------------------------------------------------------------------------------------------
| Design Timing Summary
| ---------------------
------------------------------------------------------------------------------------------------

    WNS(ns)      TNS(ns)  TNS Failing Endpoints  TNS Total Endpoints      WHS(ns)      THS(ns)  THS Failing Endpoints  THS Total Endpoints     WPWS(ns)     TPWS(ns)  TPWS Failing Endpoints  TPWS Total Endpoints  
    -------      -------  ---------------------  -------------------      -------      -------  ---------------------  -------------------     --------     --------  ----------------------  --------------------  
      2.294        0.000                      0                61411        0.015        0.000                      0                61411        3.750        0.000                       0                 25803  


All user specified timing constraints are met.


------------------------------------------------------------------------------------------------
| Clock Summary
| -------------
------------------------------------------------------------------------------------------------

Clock  Waveform(ns)       Period(ns)      Frequency(MHz)
-----  ------------       ----------      --------------
clk    {0.000 5.000}      10.000          100.000         


------------------------------------------------------------------------------------------------
| Intra Clock Table
| -----------------
------------------------------------------------------------------------------------------------

Clock             WNS(ns)      TNS(ns)  TNS Failing Endpoints  TNS Total Endpoints      WHS(ns)      THS(ns)  THS Failing Endpoints  THS Total Endpoints     WPWS(ns)     TPWS(ns)  TPWS Failing Endpoints  TPWS Total Endpoints  
-----             -------      -------  ---------------------  -------------------      -------      -------  ---------------------  -------------------     --------     --------  ----------------------  --------------------  
clk                 2.294        0.000                      0                61274        0.015        0.000                      0                61274        3.750        0.000                       0                 25803  


------------------------------------------------------------------------------------------------
| Inter Clock Table
| -----------------
------------------------------------------------------------------------------------------------

From Clock    To Clock          WNS(ns)      TNS(ns)  TNS Failing Endpoints  TNS Total Endpoints      WHS(ns)      THS(ns)  THS Failing Endpoints  THS Total Endpoints  
----------    --------          -------      -------  ---------------------  -------------------      -------      -------  ---------------------  -------------------  


------------------------------------------------------------------------------------------------
| Other Path Groups Table
| -----------------------
------------------------------------------------------------------------------------------------

Path Group         From Clock         To Clock               WNS(ns)      TNS(ns)  TNS Failing Endpoints  TNS Total Endpoints      WHS(ns)      THS(ns)  THS Failing Endpoints  THS Total Endpoints  
----------         ----------         --------               -------      -------  ---------------------  -------------------      -------      -------  ---------------------  -------------------  
**async_default**  clk                clk                      5.886        0.000                      0                  137        1.093        0.000                      0                  137  


------------------------------------------------------------------------------------------------
| User Ignored Path Table
| -----------------------
------------------------------------------------------------------------------------------------

Path Group    From Clock    To Clock    
----------    ----------    --------    
(none)                      clk           
(none)        clk           clk           


------------------------------------------------------------------------------------------------
| Unconstrained Path Table
| ------------------------
------------------------------------------------------------------------------------------------

Path Group    From Clock    To Clock    
----------    ----------    --------    
(none)        clk                         
(none)                      clk           


------------------------------------------------------------------------------------------------
| Timing Details
| --------------
------------------------------------------------------------------------------------------------


---------------------------------------------------------------------------------------------------
From Clock:  clk
  To Clock:  clk

Setup :            0  Failing Endpoints,  Worst Slack        2.294ns,  Total Violation        0.000ns
Hold  :            0  Failing Endpoints,  Worst Slack        0.015ns,  Total Violation        0.000ns
PW    :            0  Failing Endpoints,  Worst Slack        3.750ns,  Total Violation        0.000ns
---------------------------------------------------------------------------------------------------


Max Delay Paths
--------------------------------------------------------------------------------------
Slack (MET) :             2.294ns  (required time - arrival time)
  Source:                 cusum_inst/cusum/s_t_fifo_buffer/inst/gen_fifo.xpm_fifo_axis_inst/xpm_fifo_base_inst/gen_sdpram.xpm_memory_base_inst/gen_wr_a.gen_word_narrow.mem_reg_0/CLKARDCLK
                            (rising edge-triggered cell RAMB36E1 clocked by clk  {rise@0.000ns fall@5.000ns period=10.000ns})
  Destination:            cusum_inst/cusum/gn_s_t_sub/result_reg[61]/D
                            (rising edge-triggered cell FDRE clocked by clk  {rise@0.000ns fall@5.000ns period=10.000ns})
  Path Group:             clk
  Path Type:              Setup (Max at Slow Process Corner)
  Requirement:            10.000ns  (clk rise@10.000ns - clk rise@0.000ns)
  Data Path Delay:        7.654ns  (logic 3.160ns (41.286%)  route 4.494ns (58.714%))
  Logic Levels:           12  (CARRY4=8 LUT3=2 LUT5=1 LUT6=1)
  Clock Path Skew:        -0.078ns (DCD - SCD + CPR)
    Destination Clock Delay (DCD):    5.103ns = ( 15.103 - 10.000 ) 
    Source Clock Delay      (SCD):    5.465ns
    Clock Pessimism Removal (CPR):    0.283ns
  Clock Uncertainty:      0.035ns  ((TSJ^2 + TIJ^2)^1/2 + DJ) / 2 + PE
    Total System Jitter     (TSJ):    0.071ns
    Total Input Jitter      (TIJ):    0.000ns
    Discrete Jitter          (DJ):    0.000ns
    Phase Error              (PE):    0.000ns

    Location             Delay type                Incr(ns)  Path(ns)    Netlist Resource(s)
  -------------------------------------------------------------------    -------------------
                         (clock clk rise edge)        0.000     0.000 r  
    E3                                                0.000     0.000 r  clk (IN)
                         net (fo=0)                   0.000     0.000    clk
    E3                   IBUF (Prop_ibuf_I_O)         1.482     1.482 r  clk_IBUF_inst/O
                         net (fo=1, routed)           2.025     3.506    clk_IBUF
    BUFGCTRL_X0Y16       BUFG (Prop_bufg_I_O)         0.096     3.602 r  clk_IBUF_BUFG_inst/O
                         net (fo=25802, routed)       1.863     5.465    cusum_inst/cusum/s_t_fifo_buffer/inst/gen_fifo.xpm_fifo_axis_inst/xpm_fifo_base_inst/gen_sdpram.xpm_memory_base_inst/clka
    RAMB36_X0Y8          RAMB36E1                                     r  cusum_inst/cusum/s_t_fifo_buffer/inst/gen_fifo.xpm_fifo_axis_inst/xpm_fifo_base_inst/gen_sdpram.xpm_memory_base_inst/gen_wr_a.gen_word_narrow.mem_reg_0/CLKARDCLK
  -------------------------------------------------------------------    -------------------
    RAMB36_X0Y8          RAMB36E1 (Prop_ramb36e1_CLKARDCLK_DOADO[16])
                                                      0.882     6.347 f  cusum_inst/cusum/s_t_fifo_buffer/inst/gen_fifo.xpm_fifo_axis_inst/xpm_fifo_base_inst/gen_sdpram.xpm_memory_base_inst/gen_wr_a.gen_word_narrow.mem_reg_0/DOADO[16]
                         net (fo=95, routed)          1.857     8.204    cusum_inst/cusum/gp_s_t_add/m_axis_tdata[0]
    SLICE_X21Y21         LUT3 (Prop_lut3_I1_O)        0.153     8.357 r  cusum_inst/cusum/gp_s_t_add/result[31]_i_5/O
                         net (fo=127, routed)         1.528     9.885    cusum_inst/cusum/gn_fifo_gen[0].gn_fifo_buffer/result_reg[0]_2
    SLICE_X1Y18          LUT6 (Prop_lut6_I0_O)        0.327    10.212 r  cusum_inst/cusum/gn_fifo_gen[0].gn_fifo_buffer/minusOp_carry_i_12/O
                         net (fo=1, routed)           0.294    10.507    cusum_inst/cusum/gn_fifo_gen[3].gn_fifo_buffer/result_reg[35]_1
    SLICE_X1Y19          LUT5 (Prop_lut5_I4_O)        0.124    10.631 r  cusum_inst/cusum/gn_fifo_gen[3].gn_fifo_buffer/minusOp_carry_i_4/O
                         net (fo=2, routed)           0.806    11.436    cusum_inst/cusum/gn_fifo_gen[3].gn_fifo_buffer/DI[0]
    SLICE_X9Y22          LUT3 (Prop_lut3_I0_O)        0.124    11.560 r  cusum_inst/cusum/gn_fifo_gen[3].gn_fifo_buffer/minusOp_carry_i_8__0/O
                         net (fo=1, routed)           0.000    11.560    cusum_inst/cusum/gn_s_t_sub/S[0]
    SLICE_X9Y22          CARRY4 (Prop_carry4_S[0]_CO[3])
                                                      0.532    12.092 r  cusum_inst/cusum/gn_s_t_sub/minusOp_carry/CO[3]
                         net (fo=1, routed)           0.000    12.092    cusum_inst/cusum/gn_s_t_sub/minusOp_carry_n_0
    SLICE_X9Y23          CARRY4 (Prop_carry4_CI_CO[3])
                                                      0.114    12.206 r  cusum_inst/cusum/gn_s_t_sub/minusOp_carry__0/CO[3]
                         net (fo=1, routed)           0.000    12.206    cusum_inst/cusum/gn_s_t_sub/minusOp_carry__0_n_0
    SLICE_X9Y24          CARRY4 (Prop_carry4_CI_CO[3])
                                                      0.114    12.320 r  cusum_inst/cusum/gn_s_t_sub/minusOp_carry__1/CO[3]
                         net (fo=1, routed)           0.009    12.329    cusum_inst/cusum/gn_s_t_sub/minusOp_carry__1_n_0
    SLICE_X9Y25          CARRY4 (Prop_carry4_CI_CO[3])
                                                      0.114    12.443 r  cusum_inst/cusum/gn_s_t_sub/minusOp_carry__2/CO[3]
                         net (fo=1, routed)           0.000    12.443    cusum_inst/cusum/gn_s_t_sub/minusOp_carry__2_n_0
    SLICE_X9Y26          CARRY4 (Prop_carry4_CI_CO[3])
                                                      0.114    12.557 r  cusum_inst/cusum/gn_s_t_sub/minusOp_carry__3/CO[3]
                         net (fo=1, routed)           0.000    12.557    cusum_inst/cusum/gn_s_t_sub/minusOp_carry__3_n_0
    SLICE_X9Y27          CARRY4 (Prop_carry4_CI_CO[3])
                                                      0.114    12.671 r  cusum_inst/cusum/gn_s_t_sub/minusOp_carry__4/CO[3]
                         net (fo=1, routed)           0.000    12.671    cusum_inst/cusum/gn_s_t_sub/minusOp_carry__4_n_0
    SLICE_X9Y28          CARRY4 (Prop_carry4_CI_CO[3])
                                                      0.114    12.785 r  cusum_inst/cusum/gn_s_t_sub/minusOp_carry__5/CO[3]
                         net (fo=1, routed)           0.000    12.785    cusum_inst/cusum/gn_s_t_sub/minusOp_carry__5_n_0
    SLICE_X9Y29          CARRY4 (Prop_carry4_CI_O[1])
                                                      0.334    13.119 r  cusum_inst/cusum/gn_s_t_sub/minusOp_carry__6/O[1]
                         net (fo=1, routed)           0.000    13.119    cusum_inst/cusum/gn_s_t_sub/minusOp[29]
    SLICE_X9Y29          FDRE                                         r  cusum_inst/cusum/gn_s_t_sub/result_reg[61]/D
  -------------------------------------------------------------------    -------------------

                         (clock clk rise edge)       10.000    10.000 r  
    E3                                                0.000    10.000 r  clk (IN)
                         net (fo=0)                   0.000    10.000    clk
    E3                   IBUF (Prop_ibuf_I_O)         1.411    11.411 r  clk_IBUF_inst/O
                         net (fo=1, routed)           1.920    13.331    clk_IBUF
    BUFGCTRL_X0Y16       BUFG (Prop_bufg_I_O)         0.091    13.422 r  clk_IBUF_BUFG_inst/O
                         net (fo=25802, routed)       1.681    15.103    cusum_inst/cusum/gn_s_t_sub/clk_IBUF_BUFG
    SLICE_X9Y29          FDRE                                         r  cusum_inst/cusum/gn_s_t_sub/result_reg[61]/C
                         clock pessimism              0.283    15.387    
                         clock uncertainty           -0.035    15.351    
    SLICE_X9Y29          FDRE (Setup_fdre_C_D)        0.062    15.413    cusum_inst/cusum/gn_s_t_sub/result_reg[61]
  -------------------------------------------------------------------
                         required time                         15.413    
                         arrival time                         -13.119    
  -------------------------------------------------------------------
                         slack                                  2.294    

Slack (MET) :             2.315ns  (required time - arrival time)
  Source:                 cusum_inst/cusum/s_t_fifo_buffer/inst/gen_fifo.xpm_fifo_axis_inst/xpm_fifo_base_inst/gen_sdpram.xpm_memory_base_inst/gen_wr_a.gen_word_narrow.mem_reg_0/CLKARDCLK
                            (rising edge-triggered cell RAMB36E1 clocked by clk  {rise@0.000ns fall@5.000ns period=10.000ns})
  Destination:            cusum_inst/cusum/gn_s_t_sub/result_reg[63]/D
                            (rising edge-triggered cell FDRE clocked by clk  {rise@0.000ns fall@5.000ns period=10.000ns})
  Path Group:             clk
  Path Type:              Setup (Max at Slow Process Corner)
  Requirement:            10.000ns  (clk rise@10.000ns - clk rise@0.000ns)
  Data Path Delay:        7.633ns  (logic 3.139ns (41.124%)  route 4.494ns (58.875%))
  Logic Levels:           12  (CARRY4=8 LUT3=2 LUT5=1 LUT6=1)
  Clock Path Skew:        -0.078ns (DCD - SCD + CPR)
    Destination Clock Delay (DCD):    5.103ns = ( 15.103 - 10.000 ) 
    Source Clock Delay      (SCD):    5.465ns
    Clock Pessimism Removal (CPR):    0.283ns
  Clock Uncertainty:      0.035ns  ((TSJ^2 + TIJ^2)^1/2 + DJ) / 2 + PE
    Total System Jitter     (TSJ):    0.071ns
    Total Input Jitter      (TIJ):    0.000ns
    Discrete Jitter          (DJ):    0.000ns
    Phase Error              (PE):    0.000ns

    Location             Delay type                Incr(ns)  Path(ns)    Netlist Resource(s)
  -------------------------------------------------------------------    -------------------
                         (clock clk rise edge)        0.000     0.000 r  
    E3                                                0.000     0.000 r  clk (IN)
                         net (fo=0)                   0.000     0.000    clk
    E3                   IBUF (Prop_ibuf_I_O)         1.482     1.482 r  clk_IBUF_inst/O
                         net (fo=1, routed)           2.025     3.506    clk_IBUF
    BUFGCTRL_X0Y16       BUFG (Prop_bufg_I_O)         0.096     3.602 r  clk_IBUF_BUFG_inst/O
                         net (fo=25802, routed)       1.863     5.465    cusum_inst/cusum/s_t_fifo_buffer/inst/gen_fifo.xpm_fifo_axis_inst/xpm_fifo_base_inst/gen_sdpram.xpm_memory_base_inst/clka
    RAMB36_X0Y8          RAMB36E1                                     r  cusum_inst/cusum/s_t_fifo_buffer/inst/gen_fifo.xpm_fifo_axis_inst/xpm_fifo_base_inst/gen_sdpram.xpm_memory_base_inst/gen_wr_a.gen_word_narrow.mem_reg_0/CLKARDCLK
  -------------------------------------------------------------------    -------------------
    RAMB36_X0Y8          RAMB36E1 (Prop_ramb36e1_CLKARDCLK_DOADO[16])
                                                      0.882     6.347 f  cusum_inst/cusum/s_t_fifo_buffer/inst/gen_fifo.xpm_fifo_axis_inst/xpm_fifo_base_inst/gen_sdpram.xpm_memory_base_inst/gen_wr_a.gen_word_narrow.mem_reg_0/DOADO[16]
                         net (fo=95, routed)          1.857     8.204    cusum_inst/cusum/gp_s_t_add/m_axis_tdata[0]
    SLICE_X21Y21         LUT3 (Prop_lut3_I1_O)        0.153     8.357 r  cusum_inst/cusum/gp_s_t_add/result[31]_i_5/O
                         net (fo=127, routed)         1.528     9.885    cusum_inst/cusum/gn_fifo_gen[0].gn_fifo_buffer/result_reg[0]_2
    SLICE_X1Y18          LUT6 (Prop_lut6_I0_O)        0.327    10.212 r  cusum_inst/cusum/gn_fifo_gen[0].gn_fifo_buffer/minusOp_carry_i_12/O
                         net (fo=1, routed)           0.294    10.507    cusum_inst/cusum/gn_fifo_gen[3].gn_fifo_buffer/result_reg[35]_1
    SLICE_X1Y19          LUT5 (Prop_lut5_I4_O)        0.124    10.631 r  cusum_inst/cusum/gn_fifo_gen[3].gn_fifo_buffer/minusOp_carry_i_4/O
                         net (fo=2, routed)           0.806    11.436    cusum_inst/cusum/gn_fifo_gen[3].gn_fifo_buffer/DI[0]
    SLICE_X9Y22          LUT3 (Prop_lut3_I0_O)        0.124    11.560 r  cusum_inst/cusum/gn_fifo_gen[3].gn_fifo_buffer/minusOp_carry_i_8__0/O
                         net (fo=1, routed)           0.000    11.560    cusum_inst/cusum/gn_s_t_sub/S[0]
    SLICE_X9Y22          CARRY4 (Prop_carry4_S[0]_CO[3])
                                                      0.532    12.092 r  cusum_inst/cusum/gn_s_t_sub/minusOp_carry/CO[3]
                         net (fo=1, routed)           0.000    12.092    cusum_inst/cusum/gn_s_t_sub/minusOp_carry_n_0
    SLICE_X9Y23          CARRY4 (Prop_carry4_CI_CO[3])
                                                      0.114    12.206 r  cusum_inst/cusum/gn_s_t_sub/minusOp_carry__0/CO[3]
                         net (fo=1, routed)           0.000    12.206    cusum_inst/cusum/gn_s_t_sub/minusOp_carry__0_n_0
    SLICE_X9Y24          CARRY4 (Prop_carry4_CI_CO[3])
                                                      0.114    12.320 r  cusum_inst/cusum/gn_s_t_sub/minusOp_carry__1/CO[3]
                         net (fo=1, routed)           0.009    12.329    cusum_inst/cusum/gn_s_t_sub/minusOp_carry__1_n_0
    SLICE_X9Y25          CARRY4 (Prop_carry4_CI_CO[3])
                                                      0.114    12.443 r  cusum_inst/cusum/gn_s_t_sub/minusOp_carry__2/CO[3]
                         net (fo=1, routed)           0.000    12.443    cusum_inst/cusum/gn_s_t_sub/minusOp_carry__2_n_0
    SLICE_X9Y26          CARRY4 (Prop_carry4_CI_CO[3])
                                                      0.114    12.557 r  cusum_inst/cusum/gn_s_t_sub/minusOp_carry__3/CO[3]
                         net (fo=1, routed)           0.000    12.557    cusum_inst/cusum/gn_s_t_sub/minusOp_carry__3_n_0
    SLICE_X9Y27          CARRY4 (Prop_carry4_CI_CO[3])
                                                      0.114    12.671 r  cusum_inst/cusum/gn_s_t_sub/minusOp_carry__4/CO[3]
                         net (fo=1, routed)           0.000    12.671    cusum_inst/cusum/gn_s_t_sub/minusOp_carry__4_n_0
    SLICE_X9Y28          CARRY4 (Prop_carry4_CI_CO[3])
                                                      0.114    12.785 r  cusum_inst/cusum/gn_s_t_sub/minusOp_carry__5/CO[3]
                         net (fo=1, routed)           0.000    12.785    cusum_inst/cusum/gn_s_t_sub/minusOp_carry__5_n_0
    SLICE_X9Y29          CARRY4 (Prop_carry4_CI_O[3])
                                                      0.313    13.098 r  cusum_inst/cusum/gn_s_t_sub/minusOp_carry__6/O[3]
                         net (fo=1, routed)           0.000    13.098    cusum_inst/cusum/gn_s_t_sub/minusOp[31]
    SLICE_X9Y29          FDRE                                         r  cusum_inst/cusum/gn_s_t_sub/result_reg[63]/D
  -------------------------------------------------------------------    -------------------

                         (clock clk rise edge)       10.000    10.000 r  
    E3                                                0.000    10.000 r  clk (IN)
                         net (fo=0)                   0.000    10.000    clk
    E3                   IBUF (Prop_ibuf_I_O)         1.411    11.411 r  clk_IBUF_inst/O
                         net (fo=1, routed)           1.920    13.331    clk_IBUF
    BUFGCTRL_X0Y16       BUFG (Prop_bufg_I_O)         0.091    13.422 r  clk_IBUF_BUFG_inst/O
                         net (fo=25802, routed)       1.681    15.103    cusum_inst/cusum/gn_s_t_sub/clk_IBUF_BUFG
    SLICE_X9Y29          FDRE                                         r  cusum_inst/cusum/gn_s_t_sub/result_reg[63]/C
                         clock pessimism              0.283    15.387    
                         clock uncertainty           -0.035    15.351    
    SLICE_X9Y29          FDRE (Setup_fdre_C_D)        0.062    15.413    cusum_inst/cusum/gn_s_t_sub/result_reg[63]
  -------------------------------------------------------------------
                         required time                         15.413    
                         arrival time                         -13.098    
  -------------------------------------------------------------------
                         slack                                  2.315    

Slack (MET) :             2.318ns  (required time - arrival time)
  Source:                 cusum_inst/cusum/s_t_fifo_buffer/inst/gen_fifo.xpm_fifo_axis_inst/xpm_fifo_base_inst/gen_sdpram.xpm_memory_base_inst/gen_wr_a.gen_word_narrow.mem_reg_0/CLKARDCLK
                            (rising edge-triggered cell RAMB36E1 clocked by clk  {rise@0.000ns fall@5.000ns period=10.000ns})
  Destination:            cusum_inst/cusum/s_t_fifo_buffer/inst/gen_fifo.xpm_fifo_axis_inst/xpm_fifo_base_inst/gen_sdpram.xpm_memory_base_inst/gen_wr_a.gen_word_narrow.mem_reg_0/ENARDEN
                            (rising edge-triggered cell RAMB36E1 clocked by clk  {rise@0.000ns fall@5.000ns period=10.000ns})
  Path Group:             clk
  Path Type:              Setup (Max at Slow Process Corner)
  Requirement:            10.000ns  (clk rise@10.000ns - clk rise@0.000ns)
  Data Path Delay:        6.995ns  (logic 1.498ns (21.416%)  route 5.497ns (78.584%))
  Logic Levels:           5  (LUT2=1 LUT4=1 LUT6=3)
  Clock Path Skew:        -0.006ns (DCD - SCD + CPR)
    Destination Clock Delay (DCD):    5.151ns = ( 15.151 - 10.000 ) 
    Source Clock Delay      (SCD):    5.465ns
    Clock Pessimism Removal (CPR):    0.308ns
  Clock Uncertainty:      0.035ns  ((TSJ^2 + TIJ^2)^1/2 + DJ) / 2 + PE
    Total System Jitter     (TSJ):    0.071ns
    Total Input Jitter      (TIJ):    0.000ns
    Discrete Jitter          (DJ):    0.000ns
    Phase Error              (PE):    0.000ns

    Location             Delay type                Incr(ns)  Path(ns)    Netlist Resource(s)
  -------------------------------------------------------------------    -------------------
                         (clock clk rise edge)        0.000     0.000 r  
    E3                                                0.000     0.000 r  clk (IN)
                         net (fo=0)                   0.000     0.000    clk
    E3                   IBUF (Prop_ibuf_I_O)         1.482     1.482 r  clk_IBUF_inst/O
                         net (fo=1, routed)           2.025     3.506    clk_IBUF
    BUFGCTRL_X0Y16       BUFG (Prop_bufg_I_O)         0.096     3.602 r  clk_IBUF_BUFG_inst/O
                         net (fo=25802, routed)       1.863     5.465    cusum_inst/cusum/s_t_fifo_buffer/inst/gen_fifo.xpm_fifo_axis_inst/xpm_fifo_base_inst/gen_sdpram.xpm_memory_base_inst/clka
    RAMB36_X0Y8          RAMB36E1                                     r  cusum_inst/cusum/s_t_fifo_buffer/inst/gen_fifo.xpm_fifo_axis_inst/xpm_fifo_base_inst/gen_sdpram.xpm_memory_base_inst/gen_wr_a.gen_word_narrow.mem_reg_0/CLKARDCLK
  -------------------------------------------------------------------    -------------------
    RAMB36_X0Y8          RAMB36E1 (Prop_ramb36e1_CLKARDCLK_DOADO[16])
                                                      0.882     6.347 r  cusum_inst/cusum/s_t_fifo_buffer/inst/gen_fifo.xpm_fifo_axis_inst/xpm_fifo_base_inst/gen_sdpram.xpm_memory_base_inst/gen_wr_a.gen_word_narrow.mem_reg_0/DOADO[16]
                         net (fo=95, routed)          2.085     8.432    cusum_inst/cusum/gn_s_t_sub/m_axis_tdata[0]
    SLICE_X21Y21         LUT6 (Prop_lut6_I2_O)        0.124     8.556 r  cusum_inst/cusum/gn_s_t_sub/result[63]_i_2__2/O
                         net (fo=128, routed)         0.713     9.269    cusum_inst/cusum/gn_fifo_gen[2].gn_fifo_buffer/s_t_fifo_buffer_i_1_2
    SLICE_X22Y24         LUT6 (Prop_lut6_I5_O)        0.124     9.393 r  cusum_inst/cusum/gn_fifo_gen[2].gn_fifo_buffer/s_t_fifo_buffer_i_3/O
                         net (fo=1, routed)           0.159     9.552    cusum_inst/cusum/gn_fifo_gen[0].gn_fifo_buffer/s_t_fifo_buffer
    SLICE_X22Y24         LUT6 (Prop_lut6_I1_O)        0.124     9.676 r  cusum_inst/cusum/gn_fifo_gen[0].gn_fifo_buffer/s_t_fifo_buffer_i_1/O
                         net (fo=1, routed)           0.712    10.388    cusum_inst/cusum/s_t_fifo_buffer/inst/gen_fifo.xpm_fifo_axis_inst/m_axis_tready
    SLICE_X23Y28         LUT2 (Prop_lut2_I1_O)        0.124    10.512 r  cusum_inst/cusum/s_t_fifo_buffer/inst/gen_fifo.xpm_fifo_axis_inst/xpm_fifo_base_inst_i_1/O
                         net (fo=10, routed)          0.683    11.195    cusum_inst/cusum/s_t_fifo_buffer/inst/gen_fifo.xpm_fifo_axis_inst/xpm_fifo_base_inst/rdp_inst/rd_en
    SLICE_X24Y34         LUT4 (Prop_lut4_I2_O)        0.120    11.315 r  cusum_inst/cusum/s_t_fifo_buffer/inst/gen_fifo.xpm_fifo_axis_inst/xpm_fifo_base_inst/rdp_inst/gen_sdpram.xpm_memory_base_inst_i_2/O
                         net (fo=12, routed)          1.145    12.460    cusum_inst/cusum/s_t_fifo_buffer/inst/gen_fifo.xpm_fifo_axis_inst/xpm_fifo_base_inst/gen_sdpram.xpm_memory_base_inst/enb
    RAMB36_X0Y8          RAMB36E1                                     r  cusum_inst/cusum/s_t_fifo_buffer/inst/gen_fifo.xpm_fifo_axis_inst/xpm_fifo_base_inst/gen_sdpram.xpm_memory_base_inst/gen_wr_a.gen_word_narrow.mem_reg_0/ENARDEN
  -------------------------------------------------------------------    -------------------

                         (clock clk rise edge)       10.000    10.000 r  
    E3                                                0.000    10.000 r  clk (IN)
                         net (fo=0)                   0.000    10.000    clk
    E3                   IBUF (Prop_ibuf_I_O)         1.411    11.411 r  clk_IBUF_inst/O
                         net (fo=1, routed)           1.920    13.331    clk_IBUF
    BUFGCTRL_X0Y16       BUFG (Prop_bufg_I_O)         0.091    13.422 r  clk_IBUF_BUFG_inst/O
                         net (fo=25802, routed)       1.728    15.151    cusum_inst/cusum/s_t_fifo_buffer/inst/gen_fifo.xpm_fifo_axis_inst/xpm_fifo_base_inst/gen_sdpram.xpm_memory_base_inst/clka
    RAMB36_X0Y8          RAMB36E1                                     r  cusum_inst/cusum/s_t_fifo_buffer/inst/gen_fifo.xpm_fifo_axis_inst/xpm_fifo_base_inst/gen_sdpram.xpm_memory_base_inst/gen_wr_a.gen_word_narrow.mem_reg_0/CLKARDCLK
                         clock pessimism              0.308    15.459    
                         clock uncertainty           -0.035    15.424    
    RAMB36_X0Y8          RAMB36E1 (Setup_ramb36e1_CLKARDCLK_ENARDEN)
                                                     -0.646    14.778    cusum_inst/cusum/s_t_fifo_buffer/inst/gen_fifo.xpm_fifo_axis_inst/xpm_fifo_base_inst/gen_sdpram.xpm_memory_base_inst/gen_wr_a.gen_word_narrow.mem_reg_0
  -------------------------------------------------------------------
                         required time                         14.778    
                         arrival time                         -12.460    
  -------------------------------------------------------------------
                         slack                                  2.318    

Slack (MET) :             2.389ns  (required time - arrival time)
  Source:                 cusum_inst/cusum/s_t_fifo_buffer/inst/gen_fifo.xpm_fifo_axis_inst/xpm_fifo_base_inst/gen_sdpram.xpm_memory_base_inst/gen_wr_a.gen_word_narrow.mem_reg_0/CLKARDCLK
                            (rising edge-triggered cell RAMB36E1 clocked by clk  {rise@0.000ns fall@5.000ns period=10.000ns})
  Destination:            cusum_inst/cusum/gn_s_t_sub/result_reg[62]/D
                            (rising edge-triggered cell FDRE clocked by clk  {rise@0.000ns fall@5.000ns period=10.000ns})
  Path Group:             clk
  Path Type:              Setup (Max at Slow Process Corner)
  Requirement:            10.000ns  (clk rise@10.000ns - clk rise@0.000ns)
  Data Path Delay:        7.559ns  (logic 3.065ns (40.548%)  route 4.494ns (59.452%))
  Logic Levels:           12  (CARRY4=8 LUT3=2 LUT5=1 LUT6=1)
  Clock Path Skew:        -0.078ns (DCD - SCD + CPR)
    Destination Clock Delay (DCD):    5.103ns = ( 15.103 - 10.000 ) 
    Source Clock Delay      (SCD):    5.465ns
    Clock Pessimism Removal (CPR):    0.283ns
  Clock Uncertainty:      0.035ns  ((TSJ^2 + TIJ^2)^1/2 + DJ) / 2 + PE
    Total System Jitter     (TSJ):    0.071ns
    Total Input Jitter      (TIJ):    0.000ns
    Discrete Jitter          (DJ):    0.000ns
    Phase Error              (PE):    0.000ns

    Location             Delay type                Incr(ns)  Path(ns)    Netlist Resource(s)
  -------------------------------------------------------------------    -------------------
                         (clock clk rise edge)        0.000     0.000 r  
    E3                                                0.000     0.000 r  clk (IN)
                         net (fo=0)                   0.000     0.000    clk
    E3                   IBUF (Prop_ibuf_I_O)         1.482     1.482 r  clk_IBUF_inst/O
                         net (fo=1, routed)           2.025     3.506    clk_IBUF
    BUFGCTRL_X0Y16       BUFG (Prop_bufg_I_O)         0.096     3.602 r  clk_IBUF_BUFG_inst/O
                         net (fo=25802, routed)       1.863     5.465    cusum_inst/cusum/s_t_fifo_buffer/inst/gen_fifo.xpm_fifo_axis_inst/xpm_fifo_base_inst/gen_sdpram.xpm_memory_base_inst/clka
    RAMB36_X0Y8          RAMB36E1                                     r  cusum_inst/cusum/s_t_fifo_buffer/inst/gen_fifo.xpm_fifo_axis_inst/xpm_fifo_base_inst/gen_sdpram.xpm_memory_base_inst/gen_wr_a.gen_word_narrow.mem_reg_0/CLKARDCLK
  -------------------------------------------------------------------    -------------------
    RAMB36_X0Y8          RAMB36E1 (Prop_ramb36e1_CLKARDCLK_DOADO[16])
                                                      0.882     6.347 f  cusum_inst/cusum/s_t_fifo_buffer/inst/gen_fifo.xpm_fifo_axis_inst/xpm_fifo_base_inst/gen_sdpram.xpm_memory_base_inst/gen_wr_a.gen_word_narrow.mem_reg_0/DOADO[16]
                         net (fo=95, routed)          1.857     8.204    cusum_inst/cusum/gp_s_t_add/m_axis_tdata[0]
    SLICE_X21Y21         LUT3 (Prop_lut3_I1_O)        0.153     8.357 r  cusum_inst/cusum/gp_s_t_add/result[31]_i_5/O
                         net (fo=127, routed)         1.528     9.885    cusum_inst/cusum/gn_fifo_gen[0].gn_fifo_buffer/result_reg[0]_2
    SLICE_X1Y18          LUT6 (Prop_lut6_I0_O)        0.327    10.212 r  cusum_inst/cusum/gn_fifo_gen[0].gn_fifo_buffer/minusOp_carry_i_12/O
                         net (fo=1, routed)           0.294    10.507    cusum_inst/cusum/gn_fifo_gen[3].gn_fifo_buffer/result_reg[35]_1
    SLICE_X1Y19          LUT5 (Prop_lut5_I4_O)        0.124    10.631 r  cusum_inst/cusum/gn_fifo_gen[3].gn_fifo_buffer/minusOp_carry_i_4/O
                         net (fo=2, routed)           0.806    11.436    cusum_inst/cusum/gn_fifo_gen[3].gn_fifo_buffer/DI[0]
    SLICE_X9Y22          LUT3 (Prop_lut3_I0_O)        0.124    11.560 r  cusum_inst/cusum/gn_fifo_gen[3].gn_fifo_buffer/minusOp_carry_i_8__0/O
                         net (fo=1, routed)           0.000    11.560    cusum_inst/cusum/gn_s_t_sub/S[0]
    SLICE_X9Y22          CARRY4 (Prop_carry4_S[0]_CO[3])
                                                      0.532    12.092 r  cusum_inst/cusum/gn_s_t_sub/minusOp_carry/CO[3]
                         net (fo=1, routed)           0.000    12.092    cusum_inst/cusum/gn_s_t_sub/minusOp_carry_n_0
    SLICE_X9Y23          CARRY4 (Prop_carry4_CI_CO[3])
                                                      0.114    12.206 r  cusum_inst/cusum/gn_s_t_sub/minusOp_carry__0/CO[3]
                         net (fo=1, routed)           0.000    12.206    cusum_inst/cusum/gn_s_t_sub/minusOp_carry__0_n_0
    SLICE_X9Y24          CARRY4 (Prop_carry4_CI_CO[3])
                                                      0.114    12.320 r  cusum_inst/cusum/gn_s_t_sub/minusOp_carry__1/CO[3]
                         net (fo=1, routed)           0.009    12.329    cusum_inst/cusum/gn_s_t_sub/minusOp_carry__1_n_0
    SLICE_X9Y25          CARRY4 (Prop_carry4_CI_CO[3])
                                                      0.114    12.443 r  cusum_inst/cusum/gn_s_t_sub/minusOp_carry__2/CO[3]
                         net (fo=1, routed)           0.000    12.443    cusum_inst/cusum/gn_s_t_sub/minusOp_carry__2_n_0
    SLICE_X9Y26          CARRY4 (Prop_carry4_CI_CO[3])
                                                      0.114    12.557 r  cusum_inst/cusum/gn_s_t_sub/minusOp_carry__3/CO[3]
                         net (fo=1, routed)           0.000    12.557    cusum_inst/cusum/gn_s_t_sub/minusOp_carry__3_n_0
    SLICE_X9Y27          CARRY4 (Prop_carry4_CI_CO[3])
                                                      0.114    12.671 r  cusum_inst/cusum/gn_s_t_sub/minusOp_carry__4/CO[3]
                         net (fo=1, routed)           0.000    12.671    cusum_inst/cusum/gn_s_t_sub/minusOp_carry__4_n_0
    SLICE_X9Y28          CARRY4 (Prop_carry4_CI_CO[3])
                                                      0.114    12.785 r  cusum_inst/cusum/gn_s_t_sub/minusOp_carry__5/CO[3]
                         net (fo=1, routed)           0.000    12.785    cusum_inst/cusum/gn_s_t_sub/minusOp_carry__5_n_0
    SLICE_X9Y29          CARRY4 (Prop_carry4_CI_O[2])
                                                      0.239    13.024 r  cusum_inst/cusum/gn_s_t_sub/minusOp_carry__6/O[2]
                         net (fo=1, routed)           0.000    13.024    cusum_inst/cusum/gn_s_t_sub/minusOp[30]
    SLICE_X9Y29          FDRE                                         r  cusum_inst/cusum/gn_s_t_sub/result_reg[62]/D
  -------------------------------------------------------------------    -------------------

                         (clock clk rise edge)       10.000    10.000 r  
    E3                                                0.000    10.000 r  clk (IN)
                         net (fo=0)                   0.000    10.000    clk
    E3                   IBUF (Prop_ibuf_I_O)         1.411    11.411 r  clk_IBUF_inst/O
                         net (fo=1, routed)           1.920    13.331    clk_IBUF
    BUFGCTRL_X0Y16       BUFG (Prop_bufg_I_O)         0.091    13.422 r  clk_IBUF_BUFG_inst/O
                         net (fo=25802, routed)       1.681    15.103    cusum_inst/cusum/gn_s_t_sub/clk_IBUF_BUFG
    SLICE_X9Y29          FDRE                                         r  cusum_inst/cusum/gn_s_t_sub/result_reg[62]/C
                         clock pessimism              0.283    15.387    
                         clock uncertainty           -0.035    15.351    
    SLICE_X9Y29          FDRE (Setup_fdre_C_D)        0.062    15.413    cusum_inst/cusum/gn_s_t_sub/result_reg[62]
  -------------------------------------------------------------------
                         required time                         15.413    
                         arrival time                         -13.024    
  -------------------------------------------------------------------
                         slack                                  2.389    

Slack (MET) :             2.405ns  (required time - arrival time)
  Source:                 cusum_inst/cusum/s_t_fifo_buffer/inst/gen_fifo.xpm_fifo_axis_inst/xpm_fifo_base_inst/gen_sdpram.xpm_memory_base_inst/gen_wr_a.gen_word_narrow.mem_reg_0/CLKARDCLK
                            (rising edge-triggered cell RAMB36E1 clocked by clk  {rise@0.000ns fall@5.000ns period=10.000ns})
  Destination:            cusum_inst/cusum/gn_s_t_sub/result_reg[60]/D
                            (rising edge-triggered cell FDRE clocked by clk  {rise@0.000ns fall@5.000ns period=10.000ns})
  Path Group:             clk
  Path Type:              Setup (Max at Slow Process Corner)
  Requirement:            10.000ns  (clk rise@10.000ns - clk rise@0.000ns)
  Data Path Delay:        7.543ns  (logic 3.049ns (40.422%)  route 4.494ns (59.578%))
  Logic Levels:           12  (CARRY4=8 LUT3=2 LUT5=1 LUT6=1)
  Clock Path Skew:        -0.078ns (DCD - SCD + CPR)
    Destination Clock Delay (DCD):    5.103ns = ( 15.103 - 10.000 ) 
    Source Clock Delay      (SCD):    5.465ns
    Clock Pessimism Removal (CPR):    0.283ns
  Clock Uncertainty:      0.035ns  ((TSJ^2 + TIJ^2)^1/2 + DJ) / 2 + PE
    Total System Jitter     (TSJ):    0.071ns
    Total Input Jitter      (TIJ):    0.000ns
    Discrete Jitter          (DJ):    0.000ns
    Phase Error              (PE):    0.000ns

    Location             Delay type                Incr(ns)  Path(ns)    Netlist Resource(s)
  -------------------------------------------------------------------    -------------------
                         (clock clk rise edge)        0.000     0.000 r  
    E3                                                0.000     0.000 r  clk (IN)
                         net (fo=0)                   0.000     0.000    clk
    E3                   IBUF (Prop_ibuf_I_O)         1.482     1.482 r  clk_IBUF_inst/O
                         net (fo=1, routed)           2.025     3.506    clk_IBUF
    BUFGCTRL_X0Y16       BUFG (Prop_bufg_I_O)         0.096     3.602 r  clk_IBUF_BUFG_inst/O
                         net (fo=25802, routed)       1.863     5.465    cusum_inst/cusum/s_t_fifo_buffer/inst/gen_fifo.xpm_fifo_axis_inst/xpm_fifo_base_inst/gen_sdpram.xpm_memory_base_inst/clka
    RAMB36_X0Y8          RAMB36E1                                     r  cusum_inst/cusum/s_t_fifo_buffer/inst/gen_fifo.xpm_fifo_axis_inst/xpm_fifo_base_inst/gen_sdpram.xpm_memory_base_inst/gen_wr_a.gen_word_narrow.mem_reg_0/CLKARDCLK
  -------------------------------------------------------------------    -------------------
    RAMB36_X0Y8          RAMB36E1 (Prop_ramb36e1_CLKARDCLK_DOADO[16])
                                                      0.882     6.347 f  cusum_inst/cusum/s_t_fifo_buffer/inst/gen_fifo.xpm_fifo_axis_inst/xpm_fifo_base_inst/gen_sdpram.xpm_memory_base_inst/gen_wr_a.gen_word_narrow.mem_reg_0/DOADO[16]
                         net (fo=95, routed)          1.857     8.204    cusum_inst/cusum/gp_s_t_add/m_axis_tdata[0]
    SLICE_X21Y21         LUT3 (Prop_lut3_I1_O)        0.153     8.357 r  cusum_inst/cusum/gp_s_t_add/result[31]_i_5/O
                         net (fo=127, routed)         1.528     9.885    cusum_inst/cusum/gn_fifo_gen[0].gn_fifo_buffer/result_reg[0]_2
    SLICE_X1Y18          LUT6 (Prop_lut6_I0_O)        0.327    10.212 r  cusum_inst/cusum/gn_fifo_gen[0].gn_fifo_buffer/minusOp_carry_i_12/O
                         net (fo=1, routed)           0.294    10.507    cusum_inst/cusum/gn_fifo_gen[3].gn_fifo_buffer/result_reg[35]_1
    SLICE_X1Y19          LUT5 (Prop_lut5_I4_O)        0.124    10.631 r  cusum_inst/cusum/gn_fifo_gen[3].gn_fifo_buffer/minusOp_carry_i_4/O
                         net (fo=2, routed)           0.806    11.436    cusum_inst/cusum/gn_fifo_gen[3].gn_fifo_buffer/DI[0]
    SLICE_X9Y22          LUT3 (Prop_lut3_I0_O)        0.124    11.560 r  cusum_inst/cusum/gn_fifo_gen[3].gn_fifo_buffer/minusOp_carry_i_8__0/O
                         net (fo=1, routed)           0.000    11.560    cusum_inst/cusum/gn_s_t_sub/S[0]
    SLICE_X9Y22          CARRY4 (Prop_carry4_S[0]_CO[3])
                                                      0.532    12.092 r  cusum_inst/cusum/gn_s_t_sub/minusOp_carry/CO[3]
                         net (fo=1, routed)           0.000    12.092    cusum_inst/cusum/gn_s_t_sub/minusOp_carry_n_0
    SLICE_X9Y23          CARRY4 (Prop_carry4_CI_CO[3])
                                                      0.114    12.206 r  cusum_inst/cusum/gn_s_t_sub/minusOp_carry__0/CO[3]
                         net (fo=1, routed)           0.000    12.206    cusum_inst/cusum/gn_s_t_sub/minusOp_carry__0_n_0
    SLICE_X9Y24          CARRY4 (Prop_carry4_CI_CO[3])
                                                      0.114    12.320 r  cusum_inst/cusum/gn_s_t_sub/minusOp_carry__1/CO[3]
                         net (fo=1, routed)           0.009    12.329    cusum_inst/cusum/gn_s_t_sub/minusOp_carry__1_n_0
    SLICE_X9Y25          CARRY4 (Prop_carry4_CI_CO[3])
                                                      0.114    12.443 r  cusum_inst/cusum/gn_s_t_sub/minusOp_carry__2/CO[3]
                         net (fo=1, routed)           0.000    12.443    cusum_inst/cusum/gn_s_t_sub/minusOp_carry__2_n_0
    SLICE_X9Y26          CARRY4 (Prop_carry4_CI_CO[3])
                                                      0.114    12.557 r  cusum_inst/cusum/gn_s_t_sub/minusOp_carry__3/CO[3]
                         net (fo=1, routed)           0.000    12.557    cusum_inst/cusum/gn_s_t_sub/minusOp_carry__3_n_0
    SLICE_X9Y27          CARRY4 (Prop_carry4_CI_CO[3])
                                                      0.114    12.671 r  cusum_inst/cusum/gn_s_t_sub/minusOp_carry__4/CO[3]
                         net (fo=1, routed)           0.000    12.671    cusum_inst/cusum/gn_s_t_sub/minusOp_carry__4_n_0
    SLICE_X9Y28          CARRY4 (Prop_carry4_CI_CO[3])
                                                      0.114    12.785 r  cusum_inst/cusum/gn_s_t_sub/minusOp_carry__5/CO[3]
                         net (fo=1, routed)           0.000    12.785    cusum_inst/cusum/gn_s_t_sub/minusOp_carry__5_n_0
    SLICE_X9Y29          CARRY4 (Prop_carry4_CI_O[0])
                                                      0.223    13.008 r  cusum_inst/cusum/gn_s_t_sub/minusOp_carry__6/O[0]
                         net (fo=1, routed)           0.000    13.008    cusum_inst/cusum/gn_s_t_sub/minusOp[28]
    SLICE_X9Y29          FDRE                                         r  cusum_inst/cusum/gn_s_t_sub/result_reg[60]/D
  -------------------------------------------------------------------    -------------------

                         (clock clk rise edge)       10.000    10.000 r  
    E3                                                0.000    10.000 r  clk (IN)
                         net (fo=0)                   0.000    10.000    clk
    E3                   IBUF (Prop_ibuf_I_O)         1.411    11.411 r  clk_IBUF_inst/O
                         net (fo=1, routed)           1.920    13.331    clk_IBUF
    BUFGCTRL_X0Y16       BUFG (Prop_bufg_I_O)         0.091    13.422 r  clk_IBUF_BUFG_inst/O
                         net (fo=25802, routed)       1.681    15.103    cusum_inst/cusum/gn_s_t_sub/clk_IBUF_BUFG
    SLICE_X9Y29          FDRE                                         r  cusum_inst/cusum/gn_s_t_sub/result_reg[60]/C
                         clock pessimism              0.283    15.387    
                         clock uncertainty           -0.035    15.351    
    SLICE_X9Y29          FDRE (Setup_fdre_C_D)        0.062    15.413    cusum_inst/cusum/gn_s_t_sub/result_reg[60]
  -------------------------------------------------------------------
                         required time                         15.413    
                         arrival time                         -13.008    
  -------------------------------------------------------------------
                         slack                                  2.405    

Slack (MET) :             2.407ns  (required time - arrival time)
  Source:                 cusum_inst/cusum/s_t_fifo_buffer/inst/gen_fifo.xpm_fifo_axis_inst/xpm_fifo_base_inst/gen_sdpram.xpm_memory_base_inst/gen_wr_a.gen_word_narrow.mem_reg_0/CLKARDCLK
                            (rising edge-triggered cell RAMB36E1 clocked by clk  {rise@0.000ns fall@5.000ns period=10.000ns})
  Destination:            cusum_inst/cusum/gn_s_t_sub/result_reg[57]/D
                            (rising edge-triggered cell FDRE clocked by clk  {rise@0.000ns fall@5.000ns period=10.000ns})
  Path Group:             clk
  Path Type:              Setup (Max at Slow Process Corner)
  Requirement:            10.000ns  (clk rise@10.000ns - clk rise@0.000ns)
  Data Path Delay:        7.540ns  (logic 3.046ns (40.398%)  route 4.494ns (59.602%))
  Logic Levels:           11  (CARRY4=7 LUT3=2 LUT5=1 LUT6=1)
  Clock Path Skew:        -0.079ns (DCD - SCD + CPR)
    Destination Clock Delay (DCD):    5.102ns = ( 15.102 - 10.000 ) 
    Source Clock Delay      (SCD):    5.465ns
    Clock Pessimism Removal (CPR):    0.283ns
  Clock Uncertainty:      0.035ns  ((TSJ^2 + TIJ^2)^1/2 + DJ) / 2 + PE
    Total System Jitter     (TSJ):    0.071ns
    Total Input Jitter      (TIJ):    0.000ns
    Discrete Jitter          (DJ):    0.000ns
    Phase Error              (PE):    0.000ns

    Location             Delay type                Incr(ns)  Path(ns)    Netlist Resource(s)
  -------------------------------------------------------------------    -------------------
                         (clock clk rise edge)        0.000     0.000 r  
    E3                                                0.000     0.000 r  clk (IN)
                         net (fo=0)                   0.000     0.000    clk
    E3                   IBUF (Prop_ibuf_I_O)         1.482     1.482 r  clk_IBUF_inst/O
                         net (fo=1, routed)           2.025     3.506    clk_IBUF
    BUFGCTRL_X0Y16       BUFG (Prop_bufg_I_O)         0.096     3.602 r  clk_IBUF_BUFG_inst/O
                         net (fo=25802, routed)       1.863     5.465    cusum_inst/cusum/s_t_fifo_buffer/inst/gen_fifo.xpm_fifo_axis_inst/xpm_fifo_base_inst/gen_sdpram.xpm_memory_base_inst/clka
    RAMB36_X0Y8          RAMB36E1                                     r  cusum_inst/cusum/s_t_fifo_buffer/inst/gen_fifo.xpm_fifo_axis_inst/xpm_fifo_base_inst/gen_sdpram.xpm_memory_base_inst/gen_wr_a.gen_word_narrow.mem_reg_0/CLKARDCLK
  -------------------------------------------------------------------    -------------------
    RAMB36_X0Y8          RAMB36E1 (Prop_ramb36e1_CLKARDCLK_DOADO[16])
                                                      0.882     6.347 f  cusum_inst/cusum/s_t_fifo_buffer/inst/gen_fifo.xpm_fifo_axis_inst/xpm_fifo_base_inst/gen_sdpram.xpm_memory_base_inst/gen_wr_a.gen_word_narrow.mem_reg_0/DOADO[16]
                         net (fo=95, routed)          1.857     8.204    cusum_inst/cusum/gp_s_t_add/m_axis_tdata[0]
    SLICE_X21Y21         LUT3 (Prop_lut3_I1_O)        0.153     8.357 r  cusum_inst/cusum/gp_s_t_add/result[31]_i_5/O
                         net (fo=127, routed)         1.528     9.885    cusum_inst/cusum/gn_fifo_gen[0].gn_fifo_buffer/result_reg[0]_2
    SLICE_X1Y18          LUT6 (Prop_lut6_I0_O)        0.327    10.212 r  cusum_inst/cusum/gn_fifo_gen[0].gn_fifo_buffer/minusOp_carry_i_12/O
                         net (fo=1, routed)           0.294    10.507    cusum_inst/cusum/gn_fifo_gen[3].gn_fifo_buffer/result_reg[35]_1
    SLICE_X1Y19          LUT5 (Prop_lut5_I4_O)        0.124    10.631 r  cusum_inst/cusum/gn_fifo_gen[3].gn_fifo_buffer/minusOp_carry_i_4/O
                         net (fo=2, routed)           0.806    11.436    cusum_inst/cusum/gn_fifo_gen[3].gn_fifo_buffer/DI[0]
    SLICE_X9Y22          LUT3 (Prop_lut3_I0_O)        0.124    11.560 r  cusum_inst/cusum/gn_fifo_gen[3].gn_fifo_buffer/minusOp_carry_i_8__0/O
                         net (fo=1, routed)           0.000    11.560    cusum_inst/cusum/gn_s_t_sub/S[0]
    SLICE_X9Y22          CARRY4 (Prop_carry4_S[0]_CO[3])
                                                      0.532    12.092 r  cusum_inst/cusum/gn_s_t_sub/minusOp_carry/CO[3]
                         net (fo=1, routed)           0.000    12.092    cusum_inst/cusum/gn_s_t_sub/minusOp_carry_n_0
    SLICE_X9Y23          CARRY4 (Prop_carry4_CI_CO[3])
                                                      0.114    12.206 r  cusum_inst/cusum/gn_s_t_sub/minusOp_carry__0/CO[3]
                         net (fo=1, routed)           0.000    12.206    cusum_inst/cusum/gn_s_t_sub/minusOp_carry__0_n_0
    SLICE_X9Y24          CARRY4 (Prop_carry4_CI_CO[3])
                                                      0.114    12.320 r  cusum_inst/cusum/gn_s_t_sub/minusOp_carry__1/CO[3]
                         net (fo=1, routed)           0.009    12.329    cusum_inst/cusum/gn_s_t_sub/minusOp_carry__1_n_0
    SLICE_X9Y25          CARRY4 (Prop_carry4_CI_CO[3])
                                                      0.114    12.443 r  cusum_inst/cusum/gn_s_t_sub/minusOp_carry__2/CO[3]
                         net (fo=1, routed)           0.000    12.443    cusum_inst/cusum/gn_s_t_sub/minusOp_carry__2_n_0
    SLICE_X9Y26          CARRY4 (Prop_carry4_CI_CO[3])
                                                      0.114    12.557 r  cusum_inst/cusum/gn_s_t_sub/minusOp_carry__3/CO[3]
                         net (fo=1, routed)           0.000    12.557    cusum_inst/cusum/gn_s_t_sub/minusOp_carry__3_n_0
    SLICE_X9Y27          CARRY4 (Prop_carry4_CI_CO[3])
                                                      0.114    12.671 r  cusum_inst/cusum/gn_s_t_sub/minusOp_carry__4/CO[3]
                         net (fo=1, routed)           0.000    12.671    cusum_inst/cusum/gn_s_t_sub/minusOp_carry__4_n_0
    SLICE_X9Y28          CARRY4 (Prop_carry4_CI_O[1])
                                                      0.334    13.005 r  cusum_inst/cusum/gn_s_t_sub/minusOp_carry__5/O[1]
                         net (fo=1, routed)           0.000    13.005    cusum_inst/cusum/gn_s_t_sub/minusOp[25]
    SLICE_X9Y28          FDRE                                         r  cusum_inst/cusum/gn_s_t_sub/result_reg[57]/D
  -------------------------------------------------------------------    -------------------

                         (clock clk rise edge)       10.000    10.000 r  
    E3                                                0.000    10.000 r  clk (IN)
                         net (fo=0)                   0.000    10.000    clk
    E3                   IBUF (Prop_ibuf_I_O)         1.411    11.411 r  clk_IBUF_inst/O
                         net (fo=1, routed)           1.920    13.331    clk_IBUF
    BUFGCTRL_X0Y16       BUFG (Prop_bufg_I_O)         0.091    13.422 r  clk_IBUF_BUFG_inst/O
                         net (fo=25802, routed)       1.680    15.102    cusum_inst/cusum/gn_s_t_sub/clk_IBUF_BUFG
    SLICE_X9Y28          FDRE                                         r  cusum_inst/cusum/gn_s_t_sub/result_reg[57]/C
                         clock pessimism              0.283    15.386    
                         clock uncertainty           -0.035    15.350    
    SLICE_X9Y28          FDRE (Setup_fdre_C_D)        0.062    15.412    cusum_inst/cusum/gn_s_t_sub/result_reg[57]
  -------------------------------------------------------------------
                         required time                         15.412    
                         arrival time                         -13.005    
  -------------------------------------------------------------------
                         slack                                  2.407    

Slack (MET) :             2.427ns  (required time - arrival time)
  Source:                 cusum_inst/cusum/s_t_fifo_buffer/inst/gen_fifo.xpm_fifo_axis_inst/xpm_fifo_base_inst/gen_sdpram.xpm_memory_base_inst/gen_wr_a.gen_word_narrow.mem_reg_0/CLKARDCLK
                            (rising edge-triggered cell RAMB36E1 clocked by clk  {rise@0.000ns fall@5.000ns period=10.000ns})
  Destination:            cusum_inst/cusum/gp_s_t_add/result_reg[61]/D
                            (rising edge-triggered cell FDRE clocked by clk  {rise@0.000ns fall@5.000ns period=10.000ns})
  Path Group:             clk
  Path Type:              Setup (Max at Slow Process Corner)
  Requirement:            10.000ns  (clk rise@10.000ns - clk rise@0.000ns)
  Data Path Delay:        7.505ns  (logic 3.064ns (40.824%)  route 4.441ns (59.176%))
  Logic Levels:           11  (CARRY4=7 LUT3=2 LUT5=1 LUT6=1)
  Clock Path Skew:        -0.094ns (DCD - SCD + CPR)
    Destination Clock Delay (DCD):    5.103ns = ( 15.103 - 10.000 ) 
    Source Clock Delay      (SCD):    5.465ns
    Clock Pessimism Removal (CPR):    0.267ns
  Clock Uncertainty:      0.035ns  ((TSJ^2 + TIJ^2)^1/2 + DJ) / 2 + PE
    Total System Jitter     (TSJ):    0.071ns
    Total Input Jitter      (TIJ):    0.000ns
    Discrete Jitter          (DJ):    0.000ns
    Phase Error              (PE):    0.000ns

    Location             Delay type                Incr(ns)  Path(ns)    Netlist Resource(s)
  -------------------------------------------------------------------    -------------------
                         (clock clk rise edge)        0.000     0.000 r  
    E3                                                0.000     0.000 r  clk (IN)
                         net (fo=0)                   0.000     0.000    clk
    E3                   IBUF (Prop_ibuf_I_O)         1.482     1.482 r  clk_IBUF_inst/O
                         net (fo=1, routed)           2.025     3.506    clk_IBUF
    BUFGCTRL_X0Y16       BUFG (Prop_bufg_I_O)         0.096     3.602 r  clk_IBUF_BUFG_inst/O
                         net (fo=25802, routed)       1.863     5.465    cusum_inst/cusum/s_t_fifo_buffer/inst/gen_fifo.xpm_fifo_axis_inst/xpm_fifo_base_inst/gen_sdpram.xpm_memory_base_inst/clka
    RAMB36_X0Y8          RAMB36E1                                     r  cusum_inst/cusum/s_t_fifo_buffer/inst/gen_fifo.xpm_fifo_axis_inst/xpm_fifo_base_inst/gen_sdpram.xpm_memory_base_inst/gen_wr_a.gen_word_narrow.mem_reg_0/CLKARDCLK
  -------------------------------------------------------------------    -------------------
    RAMB36_X0Y8          RAMB36E1 (Prop_ramb36e1_CLKARDCLK_DOADO[16])
                                                      0.882     6.347 f  cusum_inst/cusum/s_t_fifo_buffer/inst/gen_fifo.xpm_fifo_axis_inst/xpm_fifo_base_inst/gen_sdpram.xpm_memory_base_inst/gen_wr_a.gen_word_narrow.mem_reg_0/DOADO[16]
                         net (fo=95, routed)          1.857     8.204    cusum_inst/cusum/gp_s_t_add/m_axis_tdata[0]
    SLICE_X21Y21         LUT3 (Prop_lut3_I1_O)        0.153     8.357 r  cusum_inst/cusum/gp_s_t_add/result[31]_i_5/O
                         net (fo=127, routed)         1.456     9.813    cusum_inst/cusum/gp_fifo_gen[0].gp_fifo_buffer/result_reg[0]_2
    SLICE_X7Y18          LUT6 (Prop_lut6_I0_O)        0.327    10.140 r  cusum_inst/cusum/gp_fifo_gen[0].gp_fifo_buffer/plusOp_carry__0_i_11/O
                         net (fo=1, routed)           0.403    10.543    cusum_inst/cusum/gp_fifo_gen[3].gp_fifo_buffer/result_reg[39]_2
    SLICE_X7Y18          LUT5 (Prop_lut5_I4_O)        0.124    10.667 r  cusum_inst/cusum/gp_fifo_gen[3].gp_fifo_buffer/plusOp_carry__0_i_3/O
                         net (fo=2, routed)           0.716    11.384    cusum_inst/cusum/gp_fifo_gen[3].gp_fifo_buffer/s_axis_a_tdata__0[5]
    SLICE_X11Y22         LUT3 (Prop_lut3_I0_O)        0.124    11.508 r  cusum_inst/cusum/gp_fifo_gen[3].gp_fifo_buffer/plusOp_carry__0_i_7/O
                         net (fo=1, routed)           0.000    11.508    cusum_inst/cusum/gp_s_t_add/result_reg[39]_0[1]
    SLICE_X11Y22         CARRY4 (Prop_carry4_S[1]_CO[3])
                                                      0.550    12.058 r  cusum_inst/cusum/gp_s_t_add/plusOp_carry__0/CO[3]
                         net (fo=1, routed)           0.000    12.058    cusum_inst/cusum/gp_s_t_add/plusOp_carry__0_n_0
    SLICE_X11Y23         CARRY4 (Prop_carry4_CI_CO[3])
                                                      0.114    12.172 r  cusum_inst/cusum/gp_s_t_add/plusOp_carry__1/CO[3]
                         net (fo=1, routed)           0.000    12.172    cusum_inst/cusum/gp_s_t_add/plusOp_carry__1_n_0
    SLICE_X11Y24         CARRY4 (Prop_carry4_CI_CO[3])
                                                      0.114    12.286 r  cusum_inst/cusum/gp_s_t_add/plusOp_carry__2/CO[3]
                         net (fo=1, routed)           0.009    12.295    cusum_inst/cusum/gp_s_t_add/plusOp_carry__2_n_0
    SLICE_X11Y25         CARRY4 (Prop_carry4_CI_CO[3])
                                                      0.114    12.409 r  cusum_inst/cusum/gp_s_t_add/plusOp_carry__3/CO[3]
                         net (fo=1, routed)           0.000    12.409    cusum_inst/cusum/gp_s_t_add/plusOp_carry__3_n_0
    SLICE_X11Y26         CARRY4 (Prop_carry4_CI_CO[3])
                                                      0.114    12.523 r  cusum_inst/cusum/gp_s_t_add/plusOp_carry__4/CO[3]
                         net (fo=1, routed)           0.000    12.523    cusum_inst/cusum/gp_s_t_add/plusOp_carry__4_n_0
    SLICE_X11Y27         CARRY4 (Prop_carry4_CI_CO[3])
                                                      0.114    12.637 r  cusum_inst/cusum/gp_s_t_add/plusOp_carry__5/CO[3]
                         net (fo=1, routed)           0.000    12.637    cusum_inst/cusum/gp_s_t_add/plusOp_carry__5_n_0
    SLICE_X11Y28         CARRY4 (Prop_carry4_CI_O[1])
                                                      0.334    12.971 r  cusum_inst/cusum/gp_s_t_add/plusOp_carry__6/O[1]
                         net (fo=1, routed)           0.000    12.971    cusum_inst/cusum/gp_s_t_add/plusOp[29]
    SLICE_X11Y28         FDRE                                         r  cusum_inst/cusum/gp_s_t_add/result_reg[61]/D
  -------------------------------------------------------------------    -------------------

                         (clock clk rise edge)       10.000    10.000 r  
    E3                                                0.000    10.000 r  clk (IN)
                         net (fo=0)                   0.000    10.000    clk
    E3                   IBUF (Prop_ibuf_I_O)         1.411    11.411 r  clk_IBUF_inst/O
                         net (fo=1, routed)           1.920    13.331    clk_IBUF
    BUFGCTRL_X0Y16       BUFG (Prop_bufg_I_O)         0.091    13.422 r  clk_IBUF_BUFG_inst/O
                         net (fo=25802, routed)       1.681    15.103    cusum_inst/cusum/gp_s_t_add/clk_IBUF_BUFG
    SLICE_X11Y28         FDRE                                         r  cusum_inst/cusum/gp_s_t_add/result_reg[61]/C
                         clock pessimism              0.267    15.371    
                         clock uncertainty           -0.035    15.335    
    SLICE_X11Y28         FDRE (Setup_fdre_C_D)        0.062    15.397    cusum_inst/cusum/gp_s_t_add/result_reg[61]
  -------------------------------------------------------------------
                         required time                         15.397    
                         arrival time                         -12.971    
  -------------------------------------------------------------------
                         slack                                  2.427    

Slack (MET) :             2.428ns  (required time - arrival time)
  Source:                 cusum_inst/cusum/s_t_fifo_buffer/inst/gen_fifo.xpm_fifo_axis_inst/xpm_fifo_base_inst/gen_sdpram.xpm_memory_base_inst/gen_wr_a.gen_word_narrow.mem_reg_0/CLKARDCLK
                            (rising edge-triggered cell RAMB36E1 clocked by clk  {rise@0.000ns fall@5.000ns period=10.000ns})
  Destination:            cusum_inst/cusum/gn_s_t_sub/result_reg[59]/D
                            (rising edge-triggered cell FDRE clocked by clk  {rise@0.000ns fall@5.000ns period=10.000ns})
  Path Group:             clk
  Path Type:              Setup (Max at Slow Process Corner)
  Requirement:            10.000ns  (clk rise@10.000ns - clk rise@0.000ns)
  Data Path Delay:        7.519ns  (logic 3.025ns (40.232%)  route 4.494ns (59.768%))
  Logic Levels:           11  (CARRY4=7 LUT3=2 LUT5=1 LUT6=1)
  Clock Path Skew:        -0.079ns (DCD - SCD + CPR)
    Destination Clock Delay (DCD):    5.102ns = ( 15.102 - 10.000 ) 
    Source Clock Delay      (SCD):    5.465ns
    Clock Pessimism Removal (CPR):    0.283ns
  Clock Uncertainty:      0.035ns  ((TSJ^2 + TIJ^2)^1/2 + DJ) / 2 + PE
    Total System Jitter     (TSJ):    0.071ns
    Total Input Jitter      (TIJ):    0.000ns
    Discrete Jitter          (DJ):    0.000ns
    Phase Error              (PE):    0.000ns

    Location             Delay type                Incr(ns)  Path(ns)    Netlist Resource(s)
  -------------------------------------------------------------------    -------------------
                         (clock clk rise edge)        0.000     0.000 r  
    E3                                                0.000     0.000 r  clk (IN)
                         net (fo=0)                   0.000     0.000    clk
    E3                   IBUF (Prop_ibuf_I_O)         1.482     1.482 r  clk_IBUF_inst/O
                         net (fo=1, routed)           2.025     3.506    clk_IBUF
    BUFGCTRL_X0Y16       BUFG (Prop_bufg_I_O)         0.096     3.602 r  clk_IBUF_BUFG_inst/O
                         net (fo=25802, routed)       1.863     5.465    cusum_inst/cusum/s_t_fifo_buffer/inst/gen_fifo.xpm_fifo_axis_inst/xpm_fifo_base_inst/gen_sdpram.xpm_memory_base_inst/clka
    RAMB36_X0Y8          RAMB36E1                                     r  cusum_inst/cusum/s_t_fifo_buffer/inst/gen_fifo.xpm_fifo_axis_inst/xpm_fifo_base_inst/gen_sdpram.xpm_memory_base_inst/gen_wr_a.gen_word_narrow.mem_reg_0/CLKARDCLK
  -------------------------------------------------------------------    -------------------
    RAMB36_X0Y8          RAMB36E1 (Prop_ramb36e1_CLKARDCLK_DOADO[16])
                                                      0.882     6.347 f  cusum_inst/cusum/s_t_fifo_buffer/inst/gen_fifo.xpm_fifo_axis_inst/xpm_fifo_base_inst/gen_sdpram.xpm_memory_base_inst/gen_wr_a.gen_word_narrow.mem_reg_0/DOADO[16]
                         net (fo=95, routed)          1.857     8.204    cusum_inst/cusum/gp_s_t_add/m_axis_tdata[0]
    SLICE_X21Y21         LUT3 (Prop_lut3_I1_O)        0.153     8.357 r  cusum_inst/cusum/gp_s_t_add/result[31]_i_5/O
                         net (fo=127, routed)         1.528     9.885    cusum_inst/cusum/gn_fifo_gen[0].gn_fifo_buffer/result_reg[0]_2
    SLICE_X1Y18          LUT6 (Prop_lut6_I0_O)        0.327    10.212 r  cusum_inst/cusum/gn_fifo_gen[0].gn_fifo_buffer/minusOp_carry_i_12/O
                         net (fo=1, routed)           0.294    10.507    cusum_inst/cusum/gn_fifo_gen[3].gn_fifo_buffer/result_reg[35]_1
    SLICE_X1Y19          LUT5 (Prop_lut5_I4_O)        0.124    10.631 r  cusum_inst/cusum/gn_fifo_gen[3].gn_fifo_buffer/minusOp_carry_i_4/O
                         net (fo=2, routed)           0.806    11.436    cusum_inst/cusum/gn_fifo_gen[3].gn_fifo_buffer/DI[0]
    SLICE_X9Y22          LUT3 (Prop_lut3_I0_O)        0.124    11.560 r  cusum_inst/cusum/gn_fifo_gen[3].gn_fifo_buffer/minusOp_carry_i_8__0/O
                         net (fo=1, routed)           0.000    11.560    cusum_inst/cusum/gn_s_t_sub/S[0]
    SLICE_X9Y22          CARRY4 (Prop_carry4_S[0]_CO[3])
                                                      0.532    12.092 r  cusum_inst/cusum/gn_s_t_sub/minusOp_carry/CO[3]
                         net (fo=1, routed)           0.000    12.092    cusum_inst/cusum/gn_s_t_sub/minusOp_carry_n_0
    SLICE_X9Y23          CARRY4 (Prop_carry4_CI_CO[3])
                                                      0.114    12.206 r  cusum_inst/cusum/gn_s_t_sub/minusOp_carry__0/CO[3]
                         net (fo=1, routed)           0.000    12.206    cusum_inst/cusum/gn_s_t_sub/minusOp_carry__0_n_0
    SLICE_X9Y24          CARRY4 (Prop_carry4_CI_CO[3])
                                                      0.114    12.320 r  cusum_inst/cusum/gn_s_t_sub/minusOp_carry__1/CO[3]
                         net (fo=1, routed)           0.009    12.329    cusum_inst/cusum/gn_s_t_sub/minusOp_carry__1_n_0
    SLICE_X9Y25          CARRY4 (Prop_carry4_CI_CO[3])
                                                      0.114    12.443 r  cusum_inst/cusum/gn_s_t_sub/minusOp_carry__2/CO[3]
                         net (fo=1, routed)           0.000    12.443    cusum_inst/cusum/gn_s_t_sub/minusOp_carry__2_n_0
    SLICE_X9Y26          CARRY4 (Prop_carry4_CI_CO[3])
                                                      0.114    12.557 r  cusum_inst/cusum/gn_s_t_sub/minusOp_carry__3/CO[3]
                         net (fo=1, routed)           0.000    12.557    cusum_inst/cusum/gn_s_t_sub/minusOp_carry__3_n_0
    SLICE_X9Y27          CARRY4 (Prop_carry4_CI_CO[3])
                                                      0.114    12.671 r  cusum_inst/cusum/gn_s_t_sub/minusOp_carry__4/CO[3]
                         net (fo=1, routed)           0.000    12.671    cusum_inst/cusum/gn_s_t_sub/minusOp_carry__4_n_0
    SLICE_X9Y28          CARRY4 (Prop_carry4_CI_O[3])
                                                      0.313    12.984 r  cusum_inst/cusum/gn_s_t_sub/minusOp_carry__5/O[3]
                         net (fo=1, routed)           0.000    12.984    cusum_inst/cusum/gn_s_t_sub/minusOp[27]
    SLICE_X9Y28          FDRE                                         r  cusum_inst/cusum/gn_s_t_sub/result_reg[59]/D
  -------------------------------------------------------------------    -------------------

                         (clock clk rise edge)       10.000    10.000 r  
    E3                                                0.000    10.000 r  clk (IN)
                         net (fo=0)                   0.000    10.000    clk
    E3                   IBUF (Prop_ibuf_I_O)         1.411    11.411 r  clk_IBUF_inst/O
                         net (fo=1, routed)           1.920    13.331    clk_IBUF
    BUFGCTRL_X0Y16       BUFG (Prop_bufg_I_O)         0.091    13.422 r  clk_IBUF_BUFG_inst/O
                         net (fo=25802, routed)       1.680    15.102    cusum_inst/cusum/gn_s_t_sub/clk_IBUF_BUFG
    SLICE_X9Y28          FDRE                                         r  cusum_inst/cusum/gn_s_t_sub/result_reg[59]/C
                         clock pessimism              0.283    15.386    
                         clock uncertainty           -0.035    15.350    
    SLICE_X9Y28          FDRE (Setup_fdre_C_D)        0.062    15.412    cusum_inst/cusum/gn_s_t_sub/result_reg[59]
  -------------------------------------------------------------------
                         required time                         15.412    
                         arrival time                         -12.984    
  -------------------------------------------------------------------
                         slack                                  2.428    

Slack (MET) :             2.448ns  (required time - arrival time)
  Source:                 cusum_inst/cusum/s_t_fifo_buffer/inst/gen_fifo.xpm_fifo_axis_inst/xpm_fifo_base_inst/gen_sdpram.xpm_memory_base_inst/gen_wr_a.gen_word_narrow.mem_reg_0/CLKARDCLK
                            (rising edge-triggered cell RAMB36E1 clocked by clk  {rise@0.000ns fall@5.000ns period=10.000ns})
  Destination:            cusum_inst/cusum/gp_s_t_add/result_reg[63]/D
                            (rising edge-triggered cell FDRE clocked by clk  {rise@0.000ns fall@5.000ns period=10.000ns})
  Path Group:             clk
  Path Type:              Setup (Max at Slow Process Corner)
  Requirement:            10.000ns  (clk rise@10.000ns - clk rise@0.000ns)
  Data Path Delay:        7.484ns  (logic 3.043ns (40.658%)  route 4.441ns (59.342%))
  Logic Levels:           11  (CARRY4=7 LUT3=2 LUT5=1 LUT6=1)
  Clock Path Skew:        -0.094ns (DCD - SCD + CPR)
    Destination Clock Delay (DCD):    5.103ns = ( 15.103 - 10.000 ) 
    Source Clock Delay      (SCD):    5.465ns
    Clock Pessimism Removal (CPR):    0.267ns
  Clock Uncertainty:      0.035ns  ((TSJ^2 + TIJ^2)^1/2 + DJ) / 2 + PE
    Total System Jitter     (TSJ):    0.071ns
    Total Input Jitter      (TIJ):    0.000ns
    Discrete Jitter          (DJ):    0.000ns
    Phase Error              (PE):    0.000ns

    Location             Delay type                Incr(ns)  Path(ns)    Netlist Resource(s)
  -------------------------------------------------------------------    -------------------
                         (clock clk rise edge)        0.000     0.000 r  
    E3                                                0.000     0.000 r  clk (IN)
                         net (fo=0)                   0.000     0.000    clk
    E3                   IBUF (Prop_ibuf_I_O)         1.482     1.482 r  clk_IBUF_inst/O
                         net (fo=1, routed)           2.025     3.506    clk_IBUF
    BUFGCTRL_X0Y16       BUFG (Prop_bufg_I_O)         0.096     3.602 r  clk_IBUF_BUFG_inst/O
                         net (fo=25802, routed)       1.863     5.465    cusum_inst/cusum/s_t_fifo_buffer/inst/gen_fifo.xpm_fifo_axis_inst/xpm_fifo_base_inst/gen_sdpram.xpm_memory_base_inst/clka
    RAMB36_X0Y8          RAMB36E1                                     r  cusum_inst/cusum/s_t_fifo_buffer/inst/gen_fifo.xpm_fifo_axis_inst/xpm_fifo_base_inst/gen_sdpram.xpm_memory_base_inst/gen_wr_a.gen_word_narrow.mem_reg_0/CLKARDCLK
  -------------------------------------------------------------------    -------------------
    RAMB36_X0Y8          RAMB36E1 (Prop_ramb36e1_CLKARDCLK_DOADO[16])
                                                      0.882     6.347 f  cusum_inst/cusum/s_t_fifo_buffer/inst/gen_fifo.xpm_fifo_axis_inst/xpm_fifo_base_inst/gen_sdpram.xpm_memory_base_inst/gen_wr_a.gen_word_narrow.mem_reg_0/DOADO[16]
                         net (fo=95, routed)          1.857     8.204    cusum_inst/cusum/gp_s_t_add/m_axis_tdata[0]
    SLICE_X21Y21         LUT3 (Prop_lut3_I1_O)        0.153     8.357 r  cusum_inst/cusum/gp_s_t_add/result[31]_i_5/O
                         net (fo=127, routed)         1.456     9.813    cusum_inst/cusum/gp_fifo_gen[0].gp_fifo_buffer/result_reg[0]_2
    SLICE_X7Y18          LUT6 (Prop_lut6_I0_O)        0.327    10.140 r  cusum_inst/cusum/gp_fifo_gen[0].gp_fifo_buffer/plusOp_carry__0_i_11/O
                         net (fo=1, routed)           0.403    10.543    cusum_inst/cusum/gp_fifo_gen[3].gp_fifo_buffer/result_reg[39]_2
    SLICE_X7Y18          LUT5 (Prop_lut5_I4_O)        0.124    10.667 r  cusum_inst/cusum/gp_fifo_gen[3].gp_fifo_buffer/plusOp_carry__0_i_3/O
                         net (fo=2, routed)           0.716    11.384    cusum_inst/cusum/gp_fifo_gen[3].gp_fifo_buffer/s_axis_a_tdata__0[5]
    SLICE_X11Y22         LUT3 (Prop_lut3_I0_O)        0.124    11.508 r  cusum_inst/cusum/gp_fifo_gen[3].gp_fifo_buffer/plusOp_carry__0_i_7/O
                         net (fo=1, routed)           0.000    11.508    cusum_inst/cusum/gp_s_t_add/result_reg[39]_0[1]
    SLICE_X11Y22         CARRY4 (Prop_carry4_S[1]_CO[3])
                                                      0.550    12.058 r  cusum_inst/cusum/gp_s_t_add/plusOp_carry__0/CO[3]
                         net (fo=1, routed)           0.000    12.058    cusum_inst/cusum/gp_s_t_add/plusOp_carry__0_n_0
    SLICE_X11Y23         CARRY4 (Prop_carry4_CI_CO[3])
                                                      0.114    12.172 r  cusum_inst/cusum/gp_s_t_add/plusOp_carry__1/CO[3]
                         net (fo=1, routed)           0.000    12.172    cusum_inst/cusum/gp_s_t_add/plusOp_carry__1_n_0
    SLICE_X11Y24         CARRY4 (Prop_carry4_CI_CO[3])
                                                      0.114    12.286 r  cusum_inst/cusum/gp_s_t_add/plusOp_carry__2/CO[3]
                         net (fo=1, routed)           0.009    12.295    cusum_inst/cusum/gp_s_t_add/plusOp_carry__2_n_0
    SLICE_X11Y25         CARRY4 (Prop_carry4_CI_CO[3])
                                                      0.114    12.409 r  cusum_inst/cusum/gp_s_t_add/plusOp_carry__3/CO[3]
                         net (fo=1, routed)           0.000    12.409    cusum_inst/cusum/gp_s_t_add/plusOp_carry__3_n_0
    SLICE_X11Y26         CARRY4 (Prop_carry4_CI_CO[3])
                                                      0.114    12.523 r  cusum_inst/cusum/gp_s_t_add/plusOp_carry__4/CO[3]
                         net (fo=1, routed)           0.000    12.523    cusum_inst/cusum/gp_s_t_add/plusOp_carry__4_n_0
    SLICE_X11Y27         CARRY4 (Prop_carry4_CI_CO[3])
                                                      0.114    12.637 r  cusum_inst/cusum/gp_s_t_add/plusOp_carry__5/CO[3]
                         net (fo=1, routed)           0.000    12.637    cusum_inst/cusum/gp_s_t_add/plusOp_carry__5_n_0
    SLICE_X11Y28         CARRY4 (Prop_carry4_CI_O[3])
                                                      0.313    12.950 r  cusum_inst/cusum/gp_s_t_add/plusOp_carry__6/O[3]
                         net (fo=1, routed)           0.000    12.950    cusum_inst/cusum/gp_s_t_add/plusOp[31]
    SLICE_X11Y28         FDRE                                         r  cusum_inst/cusum/gp_s_t_add/result_reg[63]/D
  -------------------------------------------------------------------    -------------------

                         (clock clk rise edge)       10.000    10.000 r  
    E3                                                0.000    10.000 r  clk (IN)
                         net (fo=0)                   0.000    10.000    clk
    E3                   IBUF (Prop_ibuf_I_O)         1.411    11.411 r  clk_IBUF_inst/O
                         net (fo=1, routed)           1.920    13.331    clk_IBUF
    BUFGCTRL_X0Y16       BUFG (Prop_bufg_I_O)         0.091    13.422 r  clk_IBUF_BUFG_inst/O
                         net (fo=25802, routed)       1.681    15.103    cusum_inst/cusum/gp_s_t_add/clk_IBUF_BUFG
    SLICE_X11Y28         FDRE                                         r  cusum_inst/cusum/gp_s_t_add/result_reg[63]/C
                         clock pessimism              0.267    15.371    
                         clock uncertainty           -0.035    15.335    
    SLICE_X11Y28         FDRE (Setup_fdre_C_D)        0.062    15.397    cusum_inst/cusum/gp_s_t_add/result_reg[63]
  -------------------------------------------------------------------
                         required time                         15.397    
                         arrival time                         -12.950    
  -------------------------------------------------------------------
                         slack                                  2.448    

Slack (MET) :             2.502ns  (required time - arrival time)
  Source:                 cusum_inst/cusum/s_t_fifo_buffer/inst/gen_fifo.xpm_fifo_axis_inst/xpm_fifo_base_inst/gen_sdpram.xpm_memory_base_inst/gen_wr_a.gen_word_narrow.mem_reg_0/CLKARDCLK
                            (rising edge-triggered cell RAMB36E1 clocked by clk  {rise@0.000ns fall@5.000ns period=10.000ns})
  Destination:            cusum_inst/cusum/gn_s_t_sub/result_reg[58]/D
                            (rising edge-triggered cell FDRE clocked by clk  {rise@0.000ns fall@5.000ns period=10.000ns})
  Path Group:             clk
  Path Type:              Setup (Max at Slow Process Corner)
  Requirement:            10.000ns  (clk rise@10.000ns - clk rise@0.000ns)
  Data Path Delay:        7.445ns  (logic 2.951ns (39.638%)  route 4.494ns (60.362%))
  Logic Levels:           11  (CARRY4=7 LUT3=2 LUT5=1 LUT6=1)
  Clock Path Skew:        -0.079ns (DCD - SCD + CPR)
    Destination Clock Delay (DCD):    5.102ns = ( 15.102 - 10.000 ) 
    Source Clock Delay      (SCD):    5.465ns
    Clock Pessimism Removal (CPR):    0.283ns
  Clock Uncertainty:      0.035ns  ((TSJ^2 + TIJ^2)^1/2 + DJ) / 2 + PE
    Total System Jitter     (TSJ):    0.071ns
    Total Input Jitter      (TIJ):    0.000ns
    Discrete Jitter          (DJ):    0.000ns
    Phase Error              (PE):    0.000ns

    Location             Delay type                Incr(ns)  Path(ns)    Netlist Resource(s)
  -------------------------------------------------------------------    -------------------
                         (clock clk rise edge)        0.000     0.000 r  
    E3                                                0.000     0.000 r  clk (IN)
                         net (fo=0)                   0.000     0.000    clk
    E3                   IBUF (Prop_ibuf_I_O)         1.482     1.482 r  clk_IBUF_inst/O
                         net (fo=1, routed)           2.025     3.506    clk_IBUF
    BUFGCTRL_X0Y16       BUFG (Prop_bufg_I_O)         0.096     3.602 r  clk_IBUF_BUFG_inst/O
                         net (fo=25802, routed)       1.863     5.465    cusum_inst/cusum/s_t_fifo_buffer/inst/gen_fifo.xpm_fifo_axis_inst/xpm_fifo_base_inst/gen_sdpram.xpm_memory_base_inst/clka
    RAMB36_X0Y8          RAMB36E1                                     r  cusum_inst/cusum/s_t_fifo_buffer/inst/gen_fifo.xpm_fifo_axis_inst/xpm_fifo_base_inst/gen_sdpram.xpm_memory_base_inst/gen_wr_a.gen_word_narrow.mem_reg_0/CLKARDCLK
  -------------------------------------------------------------------    -------------------
    RAMB36_X0Y8          RAMB36E1 (Prop_ramb36e1_CLKARDCLK_DOADO[16])
                                                      0.882     6.347 f  cusum_inst/cusum/s_t_fifo_buffer/inst/gen_fifo.xpm_fifo_axis_inst/xpm_fifo_base_inst/gen_sdpram.xpm_memory_base_inst/gen_wr_a.gen_word_narrow.mem_reg_0/DOADO[16]
                         net (fo=95, routed)          1.857     8.204    cusum_inst/cusum/gp_s_t_add/m_axis_tdata[0]
    SLICE_X21Y21         LUT3 (Prop_lut3_I1_O)        0.153     8.357 r  cusum_inst/cusum/gp_s_t_add/result[31]_i_5/O
                         net (fo=127, routed)         1.528     9.885    cusum_inst/cusum/gn_fifo_gen[0].gn_fifo_buffer/result_reg[0]_2
    SLICE_X1Y18          LUT6 (Prop_lut6_I0_O)        0.327    10.212 r  cusum_inst/cusum/gn_fifo_gen[0].gn_fifo_buffer/minusOp_carry_i_12/O
                         net (fo=1, routed)           0.294    10.507    cusum_inst/cusum/gn_fifo_gen[3].gn_fifo_buffer/result_reg[35]_1
    SLICE_X1Y19          LUT5 (Prop_lut5_I4_O)        0.124    10.631 r  cusum_inst/cusum/gn_fifo_gen[3].gn_fifo_buffer/minusOp_carry_i_4/O
                         net (fo=2, routed)           0.806    11.436    cusum_inst/cusum/gn_fifo_gen[3].gn_fifo_buffer/DI[0]
    SLICE_X9Y22          LUT3 (Prop_lut3_I0_O)        0.124    11.560 r  cusum_inst/cusum/gn_fifo_gen[3].gn_fifo_buffer/minusOp_carry_i_8__0/O
                         net (fo=1, routed)           0.000    11.560    cusum_inst/cusum/gn_s_t_sub/S[0]
    SLICE_X9Y22          CARRY4 (Prop_carry4_S[0]_CO[3])
                                                      0.532    12.092 r  cusum_inst/cusum/gn_s_t_sub/minusOp_carry/CO[3]
                         net (fo=1, routed)           0.000    12.092    cusum_inst/cusum/gn_s_t_sub/minusOp_carry_n_0
    SLICE_X9Y23          CARRY4 (Prop_carry4_CI_CO[3])
                                                      0.114    12.206 r  cusum_inst/cusum/gn_s_t_sub/minusOp_carry__0/CO[3]
                         net (fo=1, routed)           0.000    12.206    cusum_inst/cusum/gn_s_t_sub/minusOp_carry__0_n_0
    SLICE_X9Y24          CARRY4 (Prop_carry4_CI_CO[3])
                                                      0.114    12.320 r  cusum_inst/cusum/gn_s_t_sub/minusOp_carry__1/CO[3]
                         net (fo=1, routed)           0.009    12.329    cusum_inst/cusum/gn_s_t_sub/minusOp_carry__1_n_0
    SLICE_X9Y25          CARRY4 (Prop_carry4_CI_CO[3])
                                                      0.114    12.443 r  cusum_inst/cusum/gn_s_t_sub/minusOp_carry__2/CO[3]
                         net (fo=1, routed)           0.000    12.443    cusum_inst/cusum/gn_s_t_sub/minusOp_carry__2_n_0
    SLICE_X9Y26          CARRY4 (Prop_carry4_CI_CO[3])
                                                      0.114    12.557 r  cusum_inst/cusum/gn_s_t_sub/minusOp_carry__3/CO[3]
                         net (fo=1, routed)           0.000    12.557    cusum_inst/cusum/gn_s_t_sub/minusOp_carry__3_n_0
    SLICE_X9Y27          CARRY4 (Prop_carry4_CI_CO[3])
                                                      0.114    12.671 r  cusum_inst/cusum/gn_s_t_sub/minusOp_carry__4/CO[3]
                         net (fo=1, routed)           0.000    12.671    cusum_inst/cusum/gn_s_t_sub/minusOp_carry__4_n_0
    SLICE_X9Y28          CARRY4 (Prop_carry4_CI_O[2])
                                                      0.239    12.910 r  cusum_inst/cusum/gn_s_t_sub/minusOp_carry__5/O[2]
                         net (fo=1, routed)           0.000    12.910    cusum_inst/cusum/gn_s_t_sub/minusOp[26]
    SLICE_X9Y28          FDRE                                         r  cusum_inst/cusum/gn_s_t_sub/result_reg[58]/D
  -------------------------------------------------------------------    -------------------

                         (clock clk rise edge)       10.000    10.000 r  
    E3                                                0.000    10.000 r  clk (IN)
                         net (fo=0)                   0.000    10.000    clk
    E3                   IBUF (Prop_ibuf_I_O)         1.411    11.411 r  clk_IBUF_inst/O
                         net (fo=1, routed)           1.920    13.331    clk_IBUF
    BUFGCTRL_X0Y16       BUFG (Prop_bufg_I_O)         0.091    13.422 r  clk_IBUF_BUFG_inst/O
                         net (fo=25802, routed)       1.680    15.102    cusum_inst/cusum/gn_s_t_sub/clk_IBUF_BUFG
    SLICE_X9Y28          FDRE                                         r  cusum_inst/cusum/gn_s_t_sub/result_reg[58]/C
                         clock pessimism              0.283    15.386    
                         clock uncertainty           -0.035    15.350    
    SLICE_X9Y28          FDRE (Setup_fdre_C_D)        0.062    15.412    cusum_inst/cusum/gn_s_t_sub/result_reg[58]
  -------------------------------------------------------------------
                         required time                         15.412    
                         arrival time                         -12.910    
  -------------------------------------------------------------------
                         slack                                  2.502    





Min Delay Paths
--------------------------------------------------------------------------------------
Slack (MET) :             0.015ns  (arrival time - required time)
  Source:                 z_score_inst/std_dev_inst/div_inst/inst/i_synth/need_combiner.use_2to1.skid_buffer_combiner/gen_has_z_tready.reg2_a_tdata_reg[31]/C
                            (rising edge-triggered cell FDRE clocked by clk  {rise@0.000ns fall@5.000ns period=10.000ns})
  Destination:            z_score_inst/std_dev_inst/div_inst/inst/i_synth/DIV_OP.SPD.OP/EXP/PROD_DELAY/i_pipe/opt_has_pipe.first_q_reg[0]/D
                            (rising edge-triggered cell FDRE clocked by clk  {rise@0.000ns fall@5.000ns period=10.000ns})
  Path Group:             clk
  Path Type:              Hold (Min at Fast Process Corner)
  Requirement:            0.000ns  (clk rise@0.000ns - clk rise@0.000ns)
  Data Path Delay:        0.287ns  (logic 0.128ns (44.645%)  route 0.159ns (55.355%))
  Logic Levels:           0  
  Clock Path Skew:        0.265ns (DCD - SCD - CPR)
    Destination Clock Delay (DCD):    1.995ns
    Source Clock Delay      (SCD):    1.479ns
    Clock Pessimism Removal (CPR):    0.250ns

    Location             Delay type                Incr(ns)  Path(ns)    Netlist Resource(s)
  -------------------------------------------------------------------    -------------------
                         (clock clk rise edge)        0.000     0.000 r  
    E3                                                0.000     0.000 r  clk (IN)
                         net (fo=0)                   0.000     0.000    clk
    E3                   IBUF (Prop_ibuf_I_O)         0.250     0.250 r  clk_IBUF_inst/O
                         net (fo=1, routed)           0.644     0.894    clk_IBUF
    BUFGCTRL_X0Y16       BUFG (Prop_bufg_I_O)         0.026     0.920 r  clk_IBUF_BUFG_inst/O
                         net (fo=25802, routed)       0.560     1.479    z_score_inst/std_dev_inst/div_inst/inst/i_synth/need_combiner.use_2to1.skid_buffer_combiner/aclk
    SLICE_X52Y86         FDRE                                         r  z_score_inst/std_dev_inst/div_inst/inst/i_synth/need_combiner.use_2to1.skid_buffer_combiner/gen_has_z_tready.reg2_a_tdata_reg[31]/C
  -------------------------------------------------------------------    -------------------
    SLICE_X52Y86         FDRE (Prop_fdre_C_Q)         0.128     1.607 r  z_score_inst/std_dev_inst/div_inst/inst/i_synth/need_combiner.use_2to1.skid_buffer_combiner/gen_has_z_tready.reg2_a_tdata_reg[31]/Q
                         net (fo=1, routed)           0.159     1.766    z_score_inst/std_dev_inst/div_inst/inst/i_synth/DIV_OP.SPD.OP/EXP/PROD_DELAY/i_pipe/prod_sign_ip
    SLICE_X50Y85         FDRE                                         r  z_score_inst/std_dev_inst/div_inst/inst/i_synth/DIV_OP.SPD.OP/EXP/PROD_DELAY/i_pipe/opt_has_pipe.first_q_reg[0]/D
  -------------------------------------------------------------------    -------------------

                         (clock clk rise edge)        0.000     0.000 r  
    E3                                                0.000     0.000 r  clk (IN)
                         net (fo=0)                   0.000     0.000    clk
    E3                   IBUF (Prop_ibuf_I_O)         0.438     0.438 r  clk_IBUF_inst/O
                         net (fo=1, routed)           0.699     1.136    clk_IBUF
    BUFGCTRL_X0Y16       BUFG (Prop_bufg_I_O)         0.029     1.165 r  clk_IBUF_BUFG_inst/O
                         net (fo=25802, routed)       0.830     1.995    z_score_inst/std_dev_inst/div_inst/inst/i_synth/DIV_OP.SPD.OP/EXP/PROD_DELAY/i_pipe/aclk
    SLICE_X50Y85         FDRE                                         r  z_score_inst/std_dev_inst/div_inst/inst/i_synth/DIV_OP.SPD.OP/EXP/PROD_DELAY/i_pipe/opt_has_pipe.first_q_reg[0]/C
                         clock pessimism             -0.250     1.744    
    SLICE_X50Y85         FDRE (Hold_fdre_C_D)         0.007     1.751    z_score_inst/std_dev_inst/div_inst/inst/i_synth/DIV_OP.SPD.OP/EXP/PROD_DELAY/i_pipe/opt_has_pipe.first_q_reg[0]
  -------------------------------------------------------------------
                         required time                         -1.751    
                         arrival time                           1.766    
  -------------------------------------------------------------------
                         slack                                  0.015    

Slack (MET) :             0.018ns  (arrival time - required time)
  Source:                 z_score_inst/std_dev_inst/sqrt_inst/inst/i_synth/SQRT_OP.SPD.OP/i_mant_calc.EXP/EXP_SIG_DEL/i_pipe/opt_has_pipe.first_q_reg[0]/C
                            (rising edge-triggered cell FDRE clocked by clk  {rise@0.000ns fall@5.000ns period=10.000ns})
  Destination:            z_score_inst/std_dev_inst/sqrt_inst/inst/i_synth/SQRT_OP.SPD.OP/i_mant_calc.EXP/EXP_SIG_DEL/i_pipe/opt_has_pipe.i_pipe[26].pipe_reg[26][0]_srl25/D
                            (rising edge-triggered cell SRLC32E clocked by clk  {rise@0.000ns fall@5.000ns period=10.000ns})
  Path Group:             clk
  Path Type:              Hold (Min at Fast Process Corner)
  Requirement:            0.000ns  (clk rise@0.000ns - clk rise@0.000ns)
  Data Path Delay:        0.345ns  (logic 0.128ns (37.142%)  route 0.217ns (62.858%))
  Logic Levels:           0  
  Clock Path Skew:        0.264ns (DCD - SCD - CPR)
    Destination Clock Delay (DCD):    1.988ns
    Source Clock Delay      (SCD):    1.473ns
    Clock Pessimism Removal (CPR):    0.250ns

    Location             Delay type                Incr(ns)  Path(ns)    Netlist Resource(s)
  -------------------------------------------------------------------    -------------------
                         (clock clk rise edge)        0.000     0.000 r  
    E3                                                0.000     0.000 r  clk (IN)
                         net (fo=0)                   0.000     0.000    clk
    E3                   IBUF (Prop_ibuf_I_O)         0.250     0.250 r  clk_IBUF_inst/O
                         net (fo=1, routed)           0.644     0.894    clk_IBUF
    BUFGCTRL_X0Y16       BUFG (Prop_bufg_I_O)         0.026     0.920 r  clk_IBUF_BUFG_inst/O
                         net (fo=25802, routed)       0.554     1.473    z_score_inst/std_dev_inst/sqrt_inst/inst/i_synth/SQRT_OP.SPD.OP/i_mant_calc.EXP/EXP_SIG_DEL/i_pipe/aclk
    SLICE_X53Y72         FDRE                                         r  z_score_inst/std_dev_inst/sqrt_inst/inst/i_synth/SQRT_OP.SPD.OP/i_mant_calc.EXP/EXP_SIG_DEL/i_pipe/opt_has_pipe.first_q_reg[0]/C
  -------------------------------------------------------------------    -------------------
    SLICE_X53Y72         FDRE (Prop_fdre_C_Q)         0.128     1.601 r  z_score_inst/std_dev_inst/sqrt_inst/inst/i_synth/SQRT_OP.SPD.OP/i_mant_calc.EXP/EXP_SIG_DEL/i_pipe/opt_has_pipe.first_q_reg[0]/Q
                         net (fo=1, routed)           0.217     1.818    z_score_inst/std_dev_inst/sqrt_inst/inst/i_synth/SQRT_OP.SPD.OP/i_mant_calc.EXP/EXP_SIG_DEL/i_pipe/opt_has_pipe.first_q[0]
    SLICE_X50Y71         SRLC32E                                      r  z_score_inst/std_dev_inst/sqrt_inst/inst/i_synth/SQRT_OP.SPD.OP/i_mant_calc.EXP/EXP_SIG_DEL/i_pipe/opt_has_pipe.i_pipe[26].pipe_reg[26][0]_srl25/D
  -------------------------------------------------------------------    -------------------

                         (clock clk rise edge)        0.000     0.000 r  
    E3                                                0.000     0.000 r  clk (IN)
                         net (fo=0)                   0.000     0.000    clk
    E3                   IBUF (Prop_ibuf_I_O)         0.438     0.438 r  clk_IBUF_inst/O
                         net (fo=1, routed)           0.699     1.136    clk_IBUF
    BUFGCTRL_X0Y16       BUFG (Prop_bufg_I_O)         0.029     1.165 r  clk_IBUF_BUFG_inst/O
                         net (fo=25802, routed)       0.823     1.988    z_score_inst/std_dev_inst/sqrt_inst/inst/i_synth/SQRT_OP.SPD.OP/i_mant_calc.EXP/EXP_SIG_DEL/i_pipe/aclk
    SLICE_X50Y71         SRLC32E                                      r  z_score_inst/std_dev_inst/sqrt_inst/inst/i_synth/SQRT_OP.SPD.OP/i_mant_calc.EXP/EXP_SIG_DEL/i_pipe/opt_has_pipe.i_pipe[26].pipe_reg[26][0]_srl25/CLK
                         clock pessimism             -0.250     1.737    
    SLICE_X50Y71         SRLC32E (Hold_srlc32e_CLK_D)
                                                      0.063     1.800    z_score_inst/std_dev_inst/sqrt_inst/inst/i_synth/SQRT_OP.SPD.OP/i_mant_calc.EXP/EXP_SIG_DEL/i_pipe/opt_has_pipe.i_pipe[26].pipe_reg[26][0]_srl25
  -------------------------------------------------------------------
                         required time                         -1.800    
                         arrival time                           1.818    
  -------------------------------------------------------------------
                         slack                                  0.018    

Slack (MET) :             0.019ns  (arrival time - required time)
  Source:                 z_score_inst/std_dev_inst/sqrd_dev_inst/sum_buffering_instances[1].sum_buffering_inst_i/sum_inst/acc_inst/inst/i_synth/ACCUM_OP.OP/i_flt_to_fix/ALIGN_SHIFT/MUX_LOOP[2].DEL_SHIFT/i_pipe/opt_has_pipe.first_q_reg[23]/C
                            (rising edge-triggered cell FDRE clocked by clk  {rise@0.000ns fall@5.000ns period=10.000ns})
  Destination:            z_score_inst/std_dev_inst/sqrd_dev_inst/sum_buffering_instances[1].sum_buffering_inst_i/sum_inst/acc_inst/inst/i_synth/ACCUM_OP.OP/i_flt_to_fix/RESULT_reg[23]/D
                            (rising edge-triggered cell FDRE clocked by clk  {rise@0.000ns fall@5.000ns period=10.000ns})
  Path Group:             clk
  Path Type:              Hold (Min at Fast Process Corner)
  Requirement:            0.000ns  (clk rise@0.000ns - clk rise@0.000ns)
  Data Path Delay:        0.387ns  (logic 0.186ns (48.082%)  route 0.201ns (51.918%))
  Logic Levels:           1  (LUT3=1)
  Clock Path Skew:        0.276ns (DCD - SCD - CPR)
    Destination Clock Delay (DCD):    2.038ns
    Source Clock Delay      (SCD):    1.516ns
    Clock Pessimism Removal (CPR):    0.245ns

    Location             Delay type                Incr(ns)  Path(ns)    Netlist Resource(s)
  -------------------------------------------------------------------    -------------------
                         (clock clk rise edge)        0.000     0.000 r  
    E3                                                0.000     0.000 r  clk (IN)
                         net (fo=0)                   0.000     0.000    clk
    E3                   IBUF (Prop_ibuf_I_O)         0.250     0.250 r  clk_IBUF_inst/O
                         net (fo=1, routed)           0.644     0.894    clk_IBUF
    BUFGCTRL_X0Y16       BUFG (Prop_bufg_I_O)         0.026     0.920 r  clk_IBUF_BUFG_inst/O
                         net (fo=25802, routed)       0.597     1.516    z_score_inst/std_dev_inst/sqrd_dev_inst/sum_buffering_instances[1].sum_buffering_inst_i/sum_inst/acc_inst/inst/i_synth/ACCUM_OP.OP/i_flt_to_fix/ALIGN_SHIFT/MUX_LOOP[2].DEL_SHIFT/i_pipe/aclk
    SLICE_X81Y101        FDRE                                         r  z_score_inst/std_dev_inst/sqrd_dev_inst/sum_buffering_instances[1].sum_buffering_inst_i/sum_inst/acc_inst/inst/i_synth/ACCUM_OP.OP/i_flt_to_fix/ALIGN_SHIFT/MUX_LOOP[2].DEL_SHIFT/i_pipe/opt_has_pipe.first_q_reg[23]/C
  -------------------------------------------------------------------    -------------------
    SLICE_X81Y101        FDRE (Prop_fdre_C_Q)         0.141     1.657 r  z_score_inst/std_dev_inst/sqrd_dev_inst/sum_buffering_instances[1].sum_buffering_inst_i/sum_inst/acc_inst/inst/i_synth/ACCUM_OP.OP/i_flt_to_fix/ALIGN_SHIFT/MUX_LOOP[2].DEL_SHIFT/i_pipe/opt_has_pipe.first_q_reg[23]/Q
                         net (fo=1, routed)           0.201     1.858    z_score_inst/std_dev_inst/sqrd_dev_inst/sum_buffering_instances[1].sum_buffering_inst_i/sum_inst/acc_inst/inst/i_synth/ACCUM_OP.OP/i_flt_to_fix/OP_STATE_P1_REG/i_pipe/RESULT_reg[63]_0[23]
    SLICE_X79Y99         LUT3 (Prop_lut3_I0_O)        0.045     1.903 r  z_score_inst/std_dev_inst/sqrd_dev_inst/sum_buffering_instances[1].sum_buffering_inst_i/sum_inst/acc_inst/inst/i_synth/ACCUM_OP.OP/i_flt_to_fix/OP_STATE_P1_REG/i_pipe/RESULT[23]_i_1/O
                         net (fo=1, routed)           0.000     1.903    z_score_inst/std_dev_inst/sqrd_dev_inst/sum_buffering_instances[1].sum_buffering_inst_i/sum_inst/acc_inst/inst/i_synth/ACCUM_OP.OP/i_flt_to_fix/OP_STATE_P1_REG_n_41
    SLICE_X79Y99         FDRE                                         r  z_score_inst/std_dev_inst/sqrd_dev_inst/sum_buffering_instances[1].sum_buffering_inst_i/sum_inst/acc_inst/inst/i_synth/ACCUM_OP.OP/i_flt_to_fix/RESULT_reg[23]/D
  -------------------------------------------------------------------    -------------------

                         (clock clk rise edge)        0.000     0.000 r  
    E3                                                0.000     0.000 r  clk (IN)
                         net (fo=0)                   0.000     0.000    clk
    E3                   IBUF (Prop_ibuf_I_O)         0.438     0.438 r  clk_IBUF_inst/O
                         net (fo=1, routed)           0.699     1.136    clk_IBUF
    BUFGCTRL_X0Y16       BUFG (Prop_bufg_I_O)         0.029     1.165 r  clk_IBUF_BUFG_inst/O
                         net (fo=25802, routed)       0.873     2.038    z_score_inst/std_dev_inst/sqrd_dev_inst/sum_buffering_instances[1].sum_buffering_inst_i/sum_inst/acc_inst/inst/i_synth/ACCUM_OP.OP/i_flt_to_fix/aclk
    SLICE_X79Y99         FDRE                                         r  z_score_inst/std_dev_inst/sqrd_dev_inst/sum_buffering_instances[1].sum_buffering_inst_i/sum_inst/acc_inst/inst/i_synth/ACCUM_OP.OP/i_flt_to_fix/RESULT_reg[23]/C
                         clock pessimism             -0.245     1.792    
    SLICE_X79Y99         FDRE (Hold_fdre_C_D)         0.092     1.884    z_score_inst/std_dev_inst/sqrd_dev_inst/sum_buffering_instances[1].sum_buffering_inst_i/sum_inst/acc_inst/inst/i_synth/ACCUM_OP.OP/i_flt_to_fix/RESULT_reg[23]
  -------------------------------------------------------------------
                         required time                         -1.884    
                         arrival time                           1.903    
  -------------------------------------------------------------------
                         slack                                  0.019    

Slack (MET) :             0.021ns  (arrival time - required time)
  Source:                 z_score_inst/div_inst/div_inst/inst/i_synth/DIV_OP.SPD.OP/EXP/EXP_SIG_DEL/i_pipe/opt_has_pipe.first_q_reg[2]/C
                            (rising edge-triggered cell FDRE clocked by clk  {rise@0.000ns fall@5.000ns period=10.000ns})
  Destination:            z_score_inst/div_inst/div_inst/inst/i_synth/DIV_OP.SPD.OP/EXP/EXP_SIG_DEL/i_pipe/opt_has_pipe.i_pipe[2].pipe_reg[2][2]/D
                            (rising edge-triggered cell FDRE clocked by clk  {rise@0.000ns fall@5.000ns period=10.000ns})
  Path Group:             clk
  Path Type:              Hold (Min at Fast Process Corner)
  Requirement:            0.000ns  (clk rise@0.000ns - clk rise@0.000ns)
  Data Path Delay:        0.362ns  (logic 0.164ns (45.320%)  route 0.198ns (54.680%))
  Logic Levels:           0  
  Clock Path Skew:        0.266ns (DCD - SCD - CPR)
    Destination Clock Delay (DCD):    2.000ns
    Source Clock Delay      (SCD):    1.483ns
    Clock Pessimism Removal (CPR):    0.250ns

    Location             Delay type                Incr(ns)  Path(ns)    Netlist Resource(s)
  -------------------------------------------------------------------    -------------------
                         (clock clk rise edge)        0.000     0.000 r  
    E3                                                0.000     0.000 r  clk (IN)
                         net (fo=0)                   0.000     0.000    clk
    E3                   IBUF (Prop_ibuf_I_O)         0.250     0.250 r  clk_IBUF_inst/O
                         net (fo=1, routed)           0.644     0.894    clk_IBUF
    BUFGCTRL_X0Y16       BUFG (Prop_bufg_I_O)         0.026     0.920 r  clk_IBUF_BUFG_inst/O
                         net (fo=25802, routed)       0.564     1.483    z_score_inst/div_inst/div_inst/inst/i_synth/DIV_OP.SPD.OP/EXP/EXP_SIG_DEL/i_pipe/aclk
    SLICE_X54Y55         FDRE                                         r  z_score_inst/div_inst/div_inst/inst/i_synth/DIV_OP.SPD.OP/EXP/EXP_SIG_DEL/i_pipe/opt_has_pipe.first_q_reg[2]/C
  -------------------------------------------------------------------    -------------------
    SLICE_X54Y55         FDRE (Prop_fdre_C_Q)         0.164     1.647 r  z_score_inst/div_inst/div_inst/inst/i_synth/DIV_OP.SPD.OP/EXP/EXP_SIG_DEL/i_pipe/opt_has_pipe.first_q_reg[2]/Q
                         net (fo=1, routed)           0.198     1.845    z_score_inst/div_inst/div_inst/inst/i_synth/DIV_OP.SPD.OP/EXP/EXP_SIG_DEL/i_pipe/opt_has_pipe.first_q[2]
    SLICE_X51Y55         FDRE                                         r  z_score_inst/div_inst/div_inst/inst/i_synth/DIV_OP.SPD.OP/EXP/EXP_SIG_DEL/i_pipe/opt_has_pipe.i_pipe[2].pipe_reg[2][2]/D
  -------------------------------------------------------------------    -------------------

                         (clock clk rise edge)        0.000     0.000 r  
    E3                                                0.000     0.000 r  clk (IN)
                         net (fo=0)                   0.000     0.000    clk
    E3                   IBUF (Prop_ibuf_I_O)         0.438     0.438 r  clk_IBUF_inst/O
                         net (fo=1, routed)           0.699     1.136    clk_IBUF
    BUFGCTRL_X0Y16       BUFG (Prop_bufg_I_O)         0.029     1.165 r  clk_IBUF_BUFG_inst/O
                         net (fo=25802, routed)       0.835     2.000    z_score_inst/div_inst/div_inst/inst/i_synth/DIV_OP.SPD.OP/EXP/EXP_SIG_DEL/i_pipe/aclk
    SLICE_X51Y55         FDRE                                         r  z_score_inst/div_inst/div_inst/inst/i_synth/DIV_OP.SPD.OP/EXP/EXP_SIG_DEL/i_pipe/opt_has_pipe.i_pipe[2].pipe_reg[2][2]/C
                         clock pessimism             -0.250     1.749    
    SLICE_X51Y55         FDRE (Hold_fdre_C_D)         0.075     1.824    z_score_inst/div_inst/div_inst/inst/i_synth/DIV_OP.SPD.OP/EXP/EXP_SIG_DEL/i_pipe/opt_has_pipe.i_pipe[2].pipe_reg[2][2]
  -------------------------------------------------------------------
                         required time                         -1.824    
                         arrival time                           1.845    
  -------------------------------------------------------------------
                         slack                                  0.021    

Slack (MET) :             0.024ns  (arrival time - required time)
  Source:                 z_score_inst/std_dev_inst/sqrt_inst/inst/i_synth/SQRT_OP.SPD.OP/i_mant_calc.EXP/EXP_SIG_DEL/i_pipe/opt_has_pipe.first_q_reg[6]/C
                            (rising edge-triggered cell FDRE clocked by clk  {rise@0.000ns fall@5.000ns period=10.000ns})
  Destination:            z_score_inst/std_dev_inst/sqrt_inst/inst/i_synth/SQRT_OP.SPD.OP/i_mant_calc.EXP/EXP_SIG_DEL/i_pipe/opt_has_pipe.i_pipe[26].pipe_reg[26][6]_srl25/D
                            (rising edge-triggered cell SRLC32E clocked by clk  {rise@0.000ns fall@5.000ns period=10.000ns})
  Path Group:             clk
  Path Type:              Hold (Min at Fast Process Corner)
  Requirement:            0.000ns  (clk rise@0.000ns - clk rise@0.000ns)
  Data Path Delay:        0.350ns  (logic 0.148ns (42.306%)  route 0.202ns (57.694%))
  Logic Levels:           0  
  Clock Path Skew:        0.264ns (DCD - SCD - CPR)
    Destination Clock Delay (DCD):    1.988ns
    Source Clock Delay      (SCD):    1.473ns
    Clock Pessimism Removal (CPR):    0.250ns

    Location             Delay type                Incr(ns)  Path(ns)    Netlist Resource(s)
  -------------------------------------------------------------------    -------------------
                         (clock clk rise edge)        0.000     0.000 r  
    E3                                                0.000     0.000 r  clk (IN)
                         net (fo=0)                   0.000     0.000    clk
    E3                   IBUF (Prop_ibuf_I_O)         0.250     0.250 r  clk_IBUF_inst/O
                         net (fo=1, routed)           0.644     0.894    clk_IBUF
    BUFGCTRL_X0Y16       BUFG (Prop_bufg_I_O)         0.026     0.920 r  clk_IBUF_BUFG_inst/O
                         net (fo=25802, routed)       0.554     1.473    z_score_inst/std_dev_inst/sqrt_inst/inst/i_synth/SQRT_OP.SPD.OP/i_mant_calc.EXP/EXP_SIG_DEL/i_pipe/aclk
    SLICE_X54Y71         FDRE                                         r  z_score_inst/std_dev_inst/sqrt_inst/inst/i_synth/SQRT_OP.SPD.OP/i_mant_calc.EXP/EXP_SIG_DEL/i_pipe/opt_has_pipe.first_q_reg[6]/C
  -------------------------------------------------------------------    -------------------
    SLICE_X54Y71         FDRE (Prop_fdre_C_Q)         0.148     1.621 r  z_score_inst/std_dev_inst/sqrt_inst/inst/i_synth/SQRT_OP.SPD.OP/i_mant_calc.EXP/EXP_SIG_DEL/i_pipe/opt_has_pipe.first_q_reg[6]/Q
                         net (fo=1, routed)           0.202     1.823    z_score_inst/std_dev_inst/sqrt_inst/inst/i_synth/SQRT_OP.SPD.OP/i_mant_calc.EXP/EXP_SIG_DEL/i_pipe/opt_has_pipe.first_q[6]
    SLICE_X50Y71         SRLC32E                                      r  z_score_inst/std_dev_inst/sqrt_inst/inst/i_synth/SQRT_OP.SPD.OP/i_mant_calc.EXP/EXP_SIG_DEL/i_pipe/opt_has_pipe.i_pipe[26].pipe_reg[26][6]_srl25/D
  -------------------------------------------------------------------    -------------------

                         (clock clk rise edge)        0.000     0.000 r  
    E3                                                0.000     0.000 r  clk (IN)
                         net (fo=0)                   0.000     0.000    clk
    E3                   IBUF (Prop_ibuf_I_O)         0.438     0.438 r  clk_IBUF_inst/O
                         net (fo=1, routed)           0.699     1.136    clk_IBUF
    BUFGCTRL_X0Y16       BUFG (Prop_bufg_I_O)         0.029     1.165 r  clk_IBUF_BUFG_inst/O
                         net (fo=25802, routed)       0.823     1.988    z_score_inst/std_dev_inst/sqrt_inst/inst/i_synth/SQRT_OP.SPD.OP/i_mant_calc.EXP/EXP_SIG_DEL/i_pipe/aclk
    SLICE_X50Y71         SRLC32E                                      r  z_score_inst/std_dev_inst/sqrt_inst/inst/i_synth/SQRT_OP.SPD.OP/i_mant_calc.EXP/EXP_SIG_DEL/i_pipe/opt_has_pipe.i_pipe[26].pipe_reg[26][6]_srl25/CLK
                         clock pessimism             -0.250     1.737    
    SLICE_X50Y71         SRLC32E (Hold_srlc32e_CLK_D)
                                                      0.062     1.799    z_score_inst/std_dev_inst/sqrt_inst/inst/i_synth/SQRT_OP.SPD.OP/i_mant_calc.EXP/EXP_SIG_DEL/i_pipe/opt_has_pipe.i_pipe[26].pipe_reg[26][6]_srl25
  -------------------------------------------------------------------
                         required time                         -1.799    
                         arrival time                           1.823    
  -------------------------------------------------------------------
                         slack                                  0.024    

Slack (MET) :             0.024ns  (arrival time - required time)
  Source:                 z_score_inst/div_inst/div_inst/inst/i_synth/DIV_OP.SPD.OP/MANT_DIV/RT[1].MANT_DEL/i_pipe/opt_has_pipe.first_q_reg[19]/C
                            (rising edge-triggered cell FDRE clocked by clk  {rise@0.000ns fall@5.000ns period=10.000ns})
  Destination:            z_score_inst/div_inst/div_inst/inst/i_synth/DIV_OP.SPD.OP/MANT_DIV/RT[2].MANT_DEL/i_pipe/opt_has_pipe.first_q_reg[19]/D
                            (rising edge-triggered cell FDRE clocked by clk  {rise@0.000ns fall@5.000ns period=10.000ns})
  Path Group:             clk
  Path Type:              Hold (Min at Fast Process Corner)
  Requirement:            0.000ns  (clk rise@0.000ns - clk rise@0.000ns)
  Data Path Delay:        0.300ns  (logic 0.128ns (42.683%)  route 0.172ns (57.317%))
  Logic Levels:           0  
  Clock Path Skew:        0.266ns (DCD - SCD - CPR)
    Destination Clock Delay (DCD):    1.998ns
    Source Clock Delay      (SCD):    1.481ns
    Clock Pessimism Removal (CPR):    0.250ns

    Location             Delay type                Incr(ns)  Path(ns)    Netlist Resource(s)
  -------------------------------------------------------------------    -------------------
                         (clock clk rise edge)        0.000     0.000 r  
    E3                                                0.000     0.000 r  clk (IN)
                         net (fo=0)                   0.000     0.000    clk
    E3                   IBUF (Prop_ibuf_I_O)         0.250     0.250 r  clk_IBUF_inst/O
                         net (fo=1, routed)           0.644     0.894    clk_IBUF
    BUFGCTRL_X0Y16       BUFG (Prop_bufg_I_O)         0.026     0.920 r  clk_IBUF_BUFG_inst/O
                         net (fo=25802, routed)       0.562     1.481    z_score_inst/div_inst/div_inst/inst/i_synth/DIV_OP.SPD.OP/MANT_DIV/RT[1].MANT_DEL/i_pipe/aclk
    SLICE_X53Y61         FDRE                                         r  z_score_inst/div_inst/div_inst/inst/i_synth/DIV_OP.SPD.OP/MANT_DIV/RT[1].MANT_DEL/i_pipe/opt_has_pipe.first_q_reg[19]/C
  -------------------------------------------------------------------    -------------------
    SLICE_X53Y61         FDRE (Prop_fdre_C_Q)         0.128     1.609 r  z_score_inst/div_inst/div_inst/inst/i_synth/DIV_OP.SPD.OP/MANT_DIV/RT[1].MANT_DEL/i_pipe/opt_has_pipe.first_q_reg[19]/Q
                         net (fo=2, routed)           0.172     1.781    z_score_inst/div_inst/div_inst/inst/i_synth/DIV_OP.SPD.OP/MANT_DIV/RT[2].MANT_DEL/i_pipe/D[19]
    SLICE_X50Y61         FDRE                                         r  z_score_inst/div_inst/div_inst/inst/i_synth/DIV_OP.SPD.OP/MANT_DIV/RT[2].MANT_DEL/i_pipe/opt_has_pipe.first_q_reg[19]/D
  -------------------------------------------------------------------    -------------------

                         (clock clk rise edge)        0.000     0.000 r  
    E3                                                0.000     0.000 r  clk (IN)
                         net (fo=0)                   0.000     0.000    clk
    E3                   IBUF (Prop_ibuf_I_O)         0.438     0.438 r  clk_IBUF_inst/O
                         net (fo=1, routed)           0.699     1.136    clk_IBUF
    BUFGCTRL_X0Y16       BUFG (Prop_bufg_I_O)         0.029     1.165 r  clk_IBUF_BUFG_inst/O
                         net (fo=25802, routed)       0.833     1.998    z_score_inst/div_inst/div_inst/inst/i_synth/DIV_OP.SPD.OP/MANT_DIV/RT[2].MANT_DEL/i_pipe/aclk
    SLICE_X50Y61         FDRE                                         r  z_score_inst/div_inst/div_inst/inst/i_synth/DIV_OP.SPD.OP/MANT_DIV/RT[2].MANT_DEL/i_pipe/opt_has_pipe.first_q_reg[19]/C
                         clock pessimism             -0.250     1.747    
    SLICE_X50Y61         FDRE (Hold_fdre_C_D)         0.010     1.757    z_score_inst/div_inst/div_inst/inst/i_synth/DIV_OP.SPD.OP/MANT_DIV/RT[2].MANT_DEL/i_pipe/opt_has_pipe.first_q_reg[19]
  -------------------------------------------------------------------
                         required time                         -1.757    
                         arrival time                           1.781    
  -------------------------------------------------------------------
                         slack                                  0.024    

Slack (MET) :             0.025ns  (arrival time - required time)
  Source:                 z_score_inst/div_inst/div_inst/inst/i_synth/DIV_OP.SPD.OP/MANT_DIV/RT[1].MANT_DEL/i_pipe/opt_has_pipe.first_q_reg[16]/C
                            (rising edge-triggered cell FDRE clocked by clk  {rise@0.000ns fall@5.000ns period=10.000ns})
  Destination:            z_score_inst/div_inst/div_inst/inst/i_synth/DIV_OP.SPD.OP/MANT_DIV/RT[2].MANT_DEL/i_pipe/opt_has_pipe.first_q_reg[16]/D
                            (rising edge-triggered cell FDRE clocked by clk  {rise@0.000ns fall@5.000ns period=10.000ns})
  Path Group:             clk
  Path Type:              Hold (Min at Fast Process Corner)
  Requirement:            0.000ns  (clk rise@0.000ns - clk rise@0.000ns)
  Data Path Delay:        0.295ns  (logic 0.128ns (43.335%)  route 0.167ns (56.665%))
  Logic Levels:           0  
  Clock Path Skew:        0.265ns (DCD - SCD - CPR)
    Destination Clock Delay (DCD):    1.996ns
    Source Clock Delay      (SCD):    1.480ns
    Clock Pessimism Removal (CPR):    0.250ns

    Location             Delay type                Incr(ns)  Path(ns)    Netlist Resource(s)
  -------------------------------------------------------------------    -------------------
                         (clock clk rise edge)        0.000     0.000 r  
    E3                                                0.000     0.000 r  clk (IN)
                         net (fo=0)                   0.000     0.000    clk
    E3                   IBUF (Prop_ibuf_I_O)         0.250     0.250 r  clk_IBUF_inst/O
                         net (fo=1, routed)           0.644     0.894    clk_IBUF
    BUFGCTRL_X0Y16       BUFG (Prop_bufg_I_O)         0.026     0.920 r  clk_IBUF_BUFG_inst/O
                         net (fo=25802, routed)       0.561     1.480    z_score_inst/div_inst/div_inst/inst/i_synth/DIV_OP.SPD.OP/MANT_DIV/RT[1].MANT_DEL/i_pipe/aclk
    SLICE_X52Y62         FDRE                                         r  z_score_inst/div_inst/div_inst/inst/i_synth/DIV_OP.SPD.OP/MANT_DIV/RT[1].MANT_DEL/i_pipe/opt_has_pipe.first_q_reg[16]/C
  -------------------------------------------------------------------    -------------------
    SLICE_X52Y62         FDRE (Prop_fdre_C_Q)         0.128     1.608 r  z_score_inst/div_inst/div_inst/inst/i_synth/DIV_OP.SPD.OP/MANT_DIV/RT[1].MANT_DEL/i_pipe/opt_has_pipe.first_q_reg[16]/Q
                         net (fo=2, routed)           0.167     1.776    z_score_inst/div_inst/div_inst/inst/i_synth/DIV_OP.SPD.OP/MANT_DIV/RT[2].MANT_DEL/i_pipe/D[16]
    SLICE_X50Y62         FDRE                                         r  z_score_inst/div_inst/div_inst/inst/i_synth/DIV_OP.SPD.OP/MANT_DIV/RT[2].MANT_DEL/i_pipe/opt_has_pipe.first_q_reg[16]/D
  -------------------------------------------------------------------    -------------------

                         (clock clk rise edge)        0.000     0.000 r  
    E3                                                0.000     0.000 r  clk (IN)
                         net (fo=0)                   0.000     0.000    clk
    E3                   IBUF (Prop_ibuf_I_O)         0.438     0.438 r  clk_IBUF_inst/O
                         net (fo=1, routed)           0.699     1.136    clk_IBUF
    BUFGCTRL_X0Y16       BUFG (Prop_bufg_I_O)         0.029     1.165 r  clk_IBUF_BUFG_inst/O
                         net (fo=25802, routed)       0.831     1.996    z_score_inst/div_inst/div_inst/inst/i_synth/DIV_OP.SPD.OP/MANT_DIV/RT[2].MANT_DEL/i_pipe/aclk
    SLICE_X50Y62         FDRE                                         r  z_score_inst/div_inst/div_inst/inst/i_synth/DIV_OP.SPD.OP/MANT_DIV/RT[2].MANT_DEL/i_pipe/opt_has_pipe.first_q_reg[16]/C
                         clock pessimism             -0.250     1.745    
    SLICE_X50Y62         FDRE (Hold_fdre_C_D)         0.005     1.750    z_score_inst/div_inst/div_inst/inst/i_synth/DIV_OP.SPD.OP/MANT_DIV/RT[2].MANT_DEL/i_pipe/opt_has_pipe.first_q_reg[16]
  -------------------------------------------------------------------
                         required time                         -1.750    
                         arrival time                           1.776    
  -------------------------------------------------------------------
                         slack                                  0.025    

Slack (MET) :             0.027ns  (arrival time - required time)
  Source:                 z_score_inst/div_inst/fifo_inst_2/inst/gen_fifo.xpm_fifo_axis_inst/xpm_fifo_base_inst/gen_sdpram.xpm_memory_base_inst/gen_rd_b.gen_rd_b_synth_template.gen_nc_narrow_pipe.doutb_reg_reg[2]/C
                            (rising edge-triggered cell FDRE clocked by clk  {rise@0.000ns fall@5.000ns period=10.000ns})
  Destination:            z_score_inst/div_inst/fifo_inst_2/inst/gen_fifo.xpm_fifo_axis_inst/xpm_fifo_base_inst/gen_sdpram.xpm_memory_base_inst/gen_rd_b.gen_doutb_pipe.gen_stage.doutb_pipe_reg[0][2]/D
                            (rising edge-triggered cell FDRE clocked by clk  {rise@0.000ns fall@5.000ns period=10.000ns})
  Path Group:             clk
  Path Type:              Hold (Min at Fast Process Corner)
  Requirement:            0.000ns  (clk rise@0.000ns - clk rise@0.000ns)
  Data Path Delay:        0.306ns  (logic 0.148ns (48.409%)  route 0.158ns (51.591%))
  Logic Levels:           0  
  Clock Path Skew:        0.262ns (DCD - SCD - CPR)
    Destination Clock Delay (DCD):    1.993ns
    Source Clock Delay      (SCD):    1.480ns
    Clock Pessimism Removal (CPR):    0.250ns

    Location             Delay type                Incr(ns)  Path(ns)    Netlist Resource(s)
  -------------------------------------------------------------------    -------------------
                         (clock clk rise edge)        0.000     0.000 r  
    E3                                                0.000     0.000 r  clk (IN)
                         net (fo=0)                   0.000     0.000    clk
    E3                   IBUF (Prop_ibuf_I_O)         0.250     0.250 r  clk_IBUF_inst/O
                         net (fo=1, routed)           0.644     0.894    clk_IBUF
    BUFGCTRL_X0Y16       BUFG (Prop_bufg_I_O)         0.026     0.920 r  clk_IBUF_BUFG_inst/O
                         net (fo=25802, routed)       0.561     1.480    z_score_inst/div_inst/fifo_inst_2/inst/gen_fifo.xpm_fifo_axis_inst/xpm_fifo_base_inst/gen_sdpram.xpm_memory_base_inst/clka
    SLICE_X50Y65         FDRE                                         r  z_score_inst/div_inst/fifo_inst_2/inst/gen_fifo.xpm_fifo_axis_inst/xpm_fifo_base_inst/gen_sdpram.xpm_memory_base_inst/gen_rd_b.gen_rd_b_synth_template.gen_nc_narrow_pipe.doutb_reg_reg[2]/C
  -------------------------------------------------------------------    -------------------
    SLICE_X50Y65         FDRE (Prop_fdre_C_Q)         0.148     1.628 r  z_score_inst/div_inst/fifo_inst_2/inst/gen_fifo.xpm_fifo_axis_inst/xpm_fifo_base_inst/gen_sdpram.xpm_memory_base_inst/gen_rd_b.gen_rd_b_synth_template.gen_nc_narrow_pipe.doutb_reg_reg[2]/Q
                         net (fo=1, routed)           0.158     1.786    z_score_inst/div_inst/fifo_inst_2/inst/gen_fifo.xpm_fifo_axis_inst/xpm_fifo_base_inst/gen_sdpram.xpm_memory_base_inst/gen_rd_b.gen_rd_b_synth_template.gen_nc_narrow_pipe.doutb_reg_reg[2]
    SLICE_X52Y65         FDRE                                         r  z_score_inst/div_inst/fifo_inst_2/inst/gen_fifo.xpm_fifo_axis_inst/xpm_fifo_base_inst/gen_sdpram.xpm_memory_base_inst/gen_rd_b.gen_doutb_pipe.gen_stage.doutb_pipe_reg[0][2]/D
  -------------------------------------------------------------------    -------------------

                         (clock clk rise edge)        0.000     0.000 r  
    E3                                                0.000     0.000 r  clk (IN)
                         net (fo=0)                   0.000     0.000    clk
    E3                   IBUF (Prop_ibuf_I_O)         0.438     0.438 r  clk_IBUF_inst/O
                         net (fo=1, routed)           0.699     1.136    clk_IBUF
    BUFGCTRL_X0Y16       BUFG (Prop_bufg_I_O)         0.029     1.165 r  clk_IBUF_BUFG_inst/O
                         net (fo=25802, routed)       0.828     1.993    z_score_inst/div_inst/fifo_inst_2/inst/gen_fifo.xpm_fifo_axis_inst/xpm_fifo_base_inst/gen_sdpram.xpm_memory_base_inst/clka
    SLICE_X52Y65         FDRE                                         r  z_score_inst/div_inst/fifo_inst_2/inst/gen_fifo.xpm_fifo_axis_inst/xpm_fifo_base_inst/gen_sdpram.xpm_memory_base_inst/gen_rd_b.gen_doutb_pipe.gen_stage.doutb_pipe_reg[0][2]/C
                         clock pessimism             -0.250     1.742    
    SLICE_X52Y65         FDRE (Hold_fdre_C_D)         0.017     1.759    z_score_inst/div_inst/fifo_inst_2/inst/gen_fifo.xpm_fifo_axis_inst/xpm_fifo_base_inst/gen_sdpram.xpm_memory_base_inst/gen_rd_b.gen_doutb_pipe.gen_stage.doutb_pipe_reg[0][2]
  -------------------------------------------------------------------
                         required time                         -1.759    
                         arrival time                           1.786    
  -------------------------------------------------------------------
                         slack                                  0.027    

Slack (MET) :             0.028ns  (arrival time - required time)
  Source:                 z_score_inst/std_dev_inst/sqrd_dev_inst/sum_buffering_instances[2].sum_buffering_inst_i/sum_inst/acc_inst/inst/i_synth/ACCUM_OP.OP/g_accum_split[0].g_lsb_and_msb_bit_detection.i_msb_detect/g_msb_select[1].i_msb_select/CHAIN_GEN[2].CARRYS_DEL.NEED_DEL.CARRYS_FD/C
                            (rising edge-triggered cell FDRE clocked by clk  {rise@0.000ns fall@5.000ns period=10.000ns})
  Destination:            z_score_inst/std_dev_inst/sqrd_dev_inst/sum_buffering_instances[2].sum_buffering_inst_i/sum_inst/acc_inst/inst/i_synth/ACCUM_OP.OP/g_accum_split[0].g_lsb_and_msb_bit_detection.i_msb_detect/g_msb_select[1].i_msb_select/CHAIN_GEN[2].CARRYS_DEL.NEED_DEL.CARRYS_DEL/i_pipe/opt_has_pipe.first_q_reg[0]/D
                            (rising edge-triggered cell FDRE clocked by clk  {rise@0.000ns fall@5.000ns period=10.000ns})
  Path Group:             clk
  Path Type:              Hold (Min at Fast Process Corner)
  Requirement:            0.000ns  (clk rise@0.000ns - clk rise@0.000ns)
  Data Path Delay:        0.363ns  (logic 0.141ns (38.798%)  route 0.222ns (61.202%))
  Logic Levels:           0  
  Clock Path Skew:        0.266ns (DCD - SCD - CPR)
    Destination Clock Delay (DCD):    2.000ns
    Source Clock Delay      (SCD):    1.488ns
    Clock Pessimism Removal (CPR):    0.245ns

    Location             Delay type                Incr(ns)  Path(ns)    Netlist Resource(s)
  -------------------------------------------------------------------    -------------------
                         (clock clk rise edge)        0.000     0.000 r  
    E3                                                0.000     0.000 r  clk (IN)
                         net (fo=0)                   0.000     0.000    clk
    E3                   IBUF (Prop_ibuf_I_O)         0.250     0.250 r  clk_IBUF_inst/O
                         net (fo=1, routed)           0.644     0.894    clk_IBUF
    BUFGCTRL_X0Y16       BUFG (Prop_bufg_I_O)         0.026     0.920 r  clk_IBUF_BUFG_inst/O
                         net (fo=25802, routed)       0.569     1.488    z_score_inst/std_dev_inst/sqrd_dev_inst/sum_buffering_instances[2].sum_buffering_inst_i/sum_inst/acc_inst/inst/i_synth/ACCUM_OP.OP/g_accum_split[0].g_lsb_and_msb_bit_detection.i_msb_detect/g_msb_select[1].i_msb_select/aclk
    SLICE_X43Y99         FDRE                                         r  z_score_inst/std_dev_inst/sqrd_dev_inst/sum_buffering_instances[2].sum_buffering_inst_i/sum_inst/acc_inst/inst/i_synth/ACCUM_OP.OP/g_accum_split[0].g_lsb_and_msb_bit_detection.i_msb_detect/g_msb_select[1].i_msb_select/CHAIN_GEN[2].CARRYS_DEL.NEED_DEL.CARRYS_FD/C
  -------------------------------------------------------------------    -------------------
    SLICE_X43Y99         FDRE (Prop_fdre_C_Q)         0.141     1.629 r  z_score_inst/std_dev_inst/sqrd_dev_inst/sum_buffering_instances[2].sum_buffering_inst_i/sum_inst/acc_inst/inst/i_synth/ACCUM_OP.OP/g_accum_split[0].g_lsb_and_msb_bit_detection.i_msb_detect/g_msb_select[1].i_msb_select/CHAIN_GEN[2].CARRYS_DEL.NEED_DEL.CARRYS_FD/Q
                         net (fo=1, routed)           0.222     1.852    z_score_inst/std_dev_inst/sqrd_dev_inst/sum_buffering_instances[2].sum_buffering_inst_i/sum_inst/acc_inst/inst/i_synth/ACCUM_OP.OP/g_accum_split[0].g_lsb_and_msb_bit_detection.i_msb_detect/g_msb_select[1].i_msb_select/CHAIN_GEN[2].CARRYS_DEL.NEED_DEL.CARRYS_DEL/i_pipe/carrys_int[0]
    SLICE_X39Y102        FDRE                                         r  z_score_inst/std_dev_inst/sqrd_dev_inst/sum_buffering_instances[2].sum_buffering_inst_i/sum_inst/acc_inst/inst/i_synth/ACCUM_OP.OP/g_accum_split[0].g_lsb_and_msb_bit_detection.i_msb_detect/g_msb_select[1].i_msb_select/CHAIN_GEN[2].CARRYS_DEL.NEED_DEL.CARRYS_DEL/i_pipe/opt_has_pipe.first_q_reg[0]/D
  -------------------------------------------------------------------    -------------------

                         (clock clk rise edge)        0.000     0.000 r  
    E3                                                0.000     0.000 r  clk (IN)
                         net (fo=0)                   0.000     0.000    clk
    E3                   IBUF (Prop_ibuf_I_O)         0.438     0.438 r  clk_IBUF_inst/O
                         net (fo=1, routed)           0.699     1.136    clk_IBUF
    BUFGCTRL_X0Y16       BUFG (Prop_bufg_I_O)         0.029     1.165 r  clk_IBUF_BUFG_inst/O
                         net (fo=25802, routed)       0.835     2.000    z_score_inst/std_dev_inst/sqrd_dev_inst/sum_buffering_instances[2].sum_buffering_inst_i/sum_inst/acc_inst/inst/i_synth/ACCUM_OP.OP/g_accum_split[0].g_lsb_and_msb_bit_detection.i_msb_detect/g_msb_select[1].i_msb_select/CHAIN_GEN[2].CARRYS_DEL.NEED_DEL.CARRYS_DEL/i_pipe/aclk
    SLICE_X39Y102        FDRE                                         r  z_score_inst/std_dev_inst/sqrd_dev_inst/sum_buffering_instances[2].sum_buffering_inst_i/sum_inst/acc_inst/inst/i_synth/ACCUM_OP.OP/g_accum_split[0].g_lsb_and_msb_bit_detection.i_msb_detect/g_msb_select[1].i_msb_select/CHAIN_GEN[2].CARRYS_DEL.NEED_DEL.CARRYS_DEL/i_pipe/opt_has_pipe.first_q_reg[0]/C
                         clock pessimism             -0.245     1.754    
    SLICE_X39Y102        FDRE (Hold_fdre_C_D)         0.070     1.824    z_score_inst/std_dev_inst/sqrd_dev_inst/sum_buffering_instances[2].sum_buffering_inst_i/sum_inst/acc_inst/inst/i_synth/ACCUM_OP.OP/g_accum_split[0].g_lsb_and_msb_bit_detection.i_msb_detect/g_msb_select[1].i_msb_select/CHAIN_GEN[2].CARRYS_DEL.NEED_DEL.CARRYS_DEL/i_pipe/opt_has_pipe.first_q_reg[0]
  -------------------------------------------------------------------
                         required time                         -1.824    
                         arrival time                           1.852    
  -------------------------------------------------------------------
                         slack                                  0.028    

Slack (MET) :             0.030ns  (arrival time - required time)
  Source:                 z_score_inst/std_dev_inst/sqrd_dev_inst/sum_buffering_instances[1].sum_buffering_inst_i/sum_inst/acc_inst/inst/i_synth/ACCUM_OP.OP/g_accum_split[1].g_other_overflow.i_is_zero/CARRY_ZERO_DET/CHAIN_GEN[7].CARRYS_DEL.NEED_DEL.CARRYS_FD/C
                            (rising edge-triggered cell FDRE clocked by clk  {rise@0.000ns fall@5.000ns period=10.000ns})
  Destination:            z_score_inst/std_dev_inst/sqrd_dev_inst/sum_buffering_instances[1].sum_buffering_inst_i/sum_inst/acc_inst/inst/i_synth/ACCUM_OP.OP/g_accum_split[1].g_other_overflow.i_is_zero/CARRY_ZERO_DET/CHAIN_GEN[7].CARRYS_DEL.NEED_DEL.CARRYS_DEL/i_pipe/opt_has_pipe.first_q_reg[0]/D
                            (rising edge-triggered cell FDRE clocked by clk  {rise@0.000ns fall@5.000ns period=10.000ns})
  Path Group:             clk
  Path Type:              Hold (Min at Fast Process Corner)
  Requirement:            0.000ns  (clk rise@0.000ns - clk rise@0.000ns)
  Data Path Delay:        0.366ns  (logic 0.141ns (38.537%)  route 0.225ns (61.463%))
  Logic Levels:           0  
  Clock Path Skew:        0.266ns (DCD - SCD - CPR)
    Destination Clock Delay (DCD):    2.000ns
    Source Clock Delay      (SCD):    1.488ns
    Clock Pessimism Removal (CPR):    0.245ns

    Location             Delay type                Incr(ns)  Path(ns)    Netlist Resource(s)
  -------------------------------------------------------------------    -------------------
                         (clock clk rise edge)        0.000     0.000 r  
    E3                                                0.000     0.000 r  clk (IN)
                         net (fo=0)                   0.000     0.000    clk
    E3                   IBUF (Prop_ibuf_I_O)         0.250     0.250 r  clk_IBUF_inst/O
                         net (fo=1, routed)           0.644     0.894    clk_IBUF
    BUFGCTRL_X0Y16       BUFG (Prop_bufg_I_O)         0.026     0.920 r  clk_IBUF_BUFG_inst/O
                         net (fo=25802, routed)       0.569     1.488    z_score_inst/std_dev_inst/sqrd_dev_inst/sum_buffering_instances[1].sum_buffering_inst_i/sum_inst/acc_inst/inst/i_synth/ACCUM_OP.OP/g_accum_split[1].g_other_overflow.i_is_zero/CARRY_ZERO_DET/aclk
    SLICE_X68Y99         FDRE                                         r  z_score_inst/std_dev_inst/sqrd_dev_inst/sum_buffering_instances[1].sum_buffering_inst_i/sum_inst/acc_inst/inst/i_synth/ACCUM_OP.OP/g_accum_split[1].g_other_overflow.i_is_zero/CARRY_ZERO_DET/CHAIN_GEN[7].CARRYS_DEL.NEED_DEL.CARRYS_FD/C
  -------------------------------------------------------------------    -------------------
    SLICE_X68Y99         FDRE (Prop_fdre_C_Q)         0.141     1.629 r  z_score_inst/std_dev_inst/sqrd_dev_inst/sum_buffering_instances[1].sum_buffering_inst_i/sum_inst/acc_inst/inst/i_synth/ACCUM_OP.OP/g_accum_split[1].g_other_overflow.i_is_zero/CARRY_ZERO_DET/CHAIN_GEN[7].CARRYS_DEL.NEED_DEL.CARRYS_FD/Q
                         net (fo=1, routed)           0.225     1.854    z_score_inst/std_dev_inst/sqrd_dev_inst/sum_buffering_instances[1].sum_buffering_inst_i/sum_inst/acc_inst/inst/i_synth/ACCUM_OP.OP/g_accum_split[1].g_other_overflow.i_is_zero/CARRY_ZERO_DET/CHAIN_GEN[7].CARRYS_DEL.NEED_DEL.CARRYS_DEL/i_pipe/D[0]
    SLICE_X64Y101        FDRE                                         r  z_score_inst/std_dev_inst/sqrd_dev_inst/sum_buffering_instances[1].sum_buffering_inst_i/sum_inst/acc_inst/inst/i_synth/ACCUM_OP.OP/g_accum_split[1].g_other_overflow.i_is_zero/CARRY_ZERO_DET/CHAIN_GEN[7].CARRYS_DEL.NEED_DEL.CARRYS_DEL/i_pipe/opt_has_pipe.first_q_reg[0]/D
  -------------------------------------------------------------------    -------------------

                         (clock clk rise edge)        0.000     0.000 r  
    E3                                                0.000     0.000 r  clk (IN)
                         net (fo=0)                   0.000     0.000    clk
    E3                   IBUF (Prop_ibuf_I_O)         0.438     0.438 r  clk_IBUF_inst/O
                         net (fo=1, routed)           0.699     1.136    clk_IBUF
    BUFGCTRL_X0Y16       BUFG (Prop_bufg_I_O)         0.029     1.165 r  clk_IBUF_BUFG_inst/O
                         net (fo=25802, routed)       0.835     2.000    z_score_inst/std_dev_inst/sqrd_dev_inst/sum_buffering_instances[1].sum_buffering_inst_i/sum_inst/acc_inst/inst/i_synth/ACCUM_OP.OP/g_accum_split[1].g_other_overflow.i_is_zero/CARRY_ZERO_DET/CHAIN_GEN[7].CARRYS_DEL.NEED_DEL.CARRYS_DEL/i_pipe/aclk
    SLICE_X64Y101        FDRE                                         r  z_score_inst/std_dev_inst/sqrd_dev_inst/sum_buffering_instances[1].sum_buffering_inst_i/sum_inst/acc_inst/inst/i_synth/ACCUM_OP.OP/g_accum_split[1].g_other_overflow.i_is_zero/CARRY_ZERO_DET/CHAIN_GEN[7].CARRYS_DEL.NEED_DEL.CARRYS_DEL/i_pipe/opt_has_pipe.first_q_reg[0]/C
                         clock pessimism             -0.245     1.754    
    SLICE_X64Y101        FDRE (Hold_fdre_C_D)         0.070     1.824    z_score_inst/std_dev_inst/sqrd_dev_inst/sum_buffering_instances[1].sum_buffering_inst_i/sum_inst/acc_inst/inst/i_synth/ACCUM_OP.OP/g_accum_split[1].g_other_overflow.i_is_zero/CARRY_ZERO_DET/CHAIN_GEN[7].CARRYS_DEL.NEED_DEL.CARRYS_DEL/i_pipe/opt_has_pipe.first_q_reg[0]
  -------------------------------------------------------------------
                         required time                         -1.824    
                         arrival time                           1.854    
  -------------------------------------------------------------------
                         slack                                  0.030    





Pulse Width Checks
--------------------------------------------------------------------------------------
Clock Name:         clk
Waveform(ns):       { 0.000 5.000 }
Period(ns):         10.000
Sources:            { clk }

Check Type        Corner  Lib Pin             Reference Pin  Required(ns)  Actual(ns)  Slack(ns)  Location      Pin
Min Period        n/a     RAMB36E1/CLKARDCLK  n/a            2.944         10.000      7.056      RAMB36_X1Y6   cusum_inst/cusum/bypass_current_sensor_fifo_buffer/inst/gen_fifo.xpm_fifo_axis_inst/xpm_fifo_base_inst/gen_sdpram.xpm_memory_base_inst/gen_wr_a.gen_word_narrow.mem_reg_0/CLKARDCLK
Min Period        n/a     RAMB36E1/CLKBWRCLK  n/a            2.944         10.000      7.056      RAMB36_X1Y6   cusum_inst/cusum/bypass_current_sensor_fifo_buffer/inst/gen_fifo.xpm_fifo_axis_inst/xpm_fifo_base_inst/gen_sdpram.xpm_memory_base_inst/gen_wr_a.gen_word_narrow.mem_reg_0/CLKBWRCLK
Min Period        n/a     RAMB36E1/CLKARDCLK  n/a            2.944         10.000      7.056      RAMB36_X0Y9   cusum_inst/cusum/current_sensor_in_fifo_buffer/inst/gen_fifo.xpm_fifo_axis_inst/xpm_fifo_base_inst/gen_sdpram.xpm_memory_base_inst/gen_wr_a.gen_word_narrow.mem_reg_0/CLKARDCLK
Min Period        n/a     RAMB36E1/CLKBWRCLK  n/a            2.944         10.000      7.056      RAMB36_X0Y9   cusum_inst/cusum/current_sensor_in_fifo_buffer/inst/gen_fifo.xpm_fifo_axis_inst/xpm_fifo_base_inst/gen_sdpram.xpm_memory_base_inst/gen_wr_a.gen_word_narrow.mem_reg_0/CLKBWRCLK
Min Period        n/a     RAMB36E1/CLKARDCLK  n/a            2.944         10.000      7.056      RAMB36_X0Y6   cusum_inst/cusum/gn_s_t_drift_fifo_buffer/inst/gen_fifo.xpm_fifo_axis_inst/xpm_fifo_base_inst/gen_sdpram.xpm_memory_base_inst/gen_wr_a.gen_word_narrow.mem_reg_0/CLKARDCLK
Min Period        n/a     RAMB36E1/CLKBWRCLK  n/a            2.944         10.000      7.056      RAMB36_X0Y6   cusum_inst/cusum/gn_s_t_drift_fifo_buffer/inst/gen_fifo.xpm_fifo_axis_inst/xpm_fifo_base_inst/gen_sdpram.xpm_memory_base_inst/gen_wr_a.gen_word_narrow.mem_reg_0/CLKBWRCLK
Min Period        n/a     RAMB36E1/CLKARDCLK  n/a            2.944         10.000      7.056      RAMB36_X0Y7   cusum_inst/cusum/gn_s_t_fifo_buffer/inst/gen_fifo.xpm_fifo_axis_inst/xpm_fifo_base_inst/gen_sdpram.xpm_memory_base_inst/gen_wr_a.gen_word_narrow.mem_reg_0/CLKARDCLK
Min Period        n/a     RAMB36E1/CLKBWRCLK  n/a            2.944         10.000      7.056      RAMB36_X0Y7   cusum_inst/cusum/gn_s_t_fifo_buffer/inst/gen_fifo.xpm_fifo_axis_inst/xpm_fifo_base_inst/gen_sdpram.xpm_memory_base_inst/gen_wr_a.gen_word_narrow.mem_reg_0/CLKBWRCLK
Min Period        n/a     RAMB36E1/CLKARDCLK  n/a            2.944         10.000      7.056      RAMB36_X0Y2   cusum_inst/cusum/gp_s_t_drift_fifo_buffer/inst/gen_fifo.xpm_fifo_axis_inst/xpm_fifo_base_inst/gen_sdpram.xpm_memory_base_inst/gen_wr_a.gen_word_narrow.mem_reg_0/CLKARDCLK
Min Period        n/a     RAMB36E1/CLKBWRCLK  n/a            2.944         10.000      7.056      RAMB36_X0Y2   cusum_inst/cusum/gp_s_t_drift_fifo_buffer/inst/gen_fifo.xpm_fifo_axis_inst/xpm_fifo_base_inst/gen_sdpram.xpm_memory_base_inst/gen_wr_a.gen_word_narrow.mem_reg_0/CLKBWRCLK
Low Pulse Width   Slow    RAMD64E/CLK         n/a            1.250         5.000       3.750      SLICE_X34Y37  ewma_inst/alpha_id_fifo_reg_0_63_0_1/RAMA/CLK
Low Pulse Width   Fast    RAMD64E/CLK         n/a            1.250         5.000       3.750      SLICE_X34Y37  ewma_inst/alpha_id_fifo_reg_0_63_0_1/RAMA/CLK
Low Pulse Width   Slow    RAMD64E/CLK         n/a            1.250         5.000       3.750      SLICE_X34Y37  ewma_inst/alpha_id_fifo_reg_0_63_0_1/RAMB/CLK
Low Pulse Width   Fast    RAMD64E/CLK         n/a            1.250         5.000       3.750      SLICE_X34Y37  ewma_inst/alpha_id_fifo_reg_0_63_0_1/RAMB/CLK
Low Pulse Width   Slow    RAMD64E/CLK         n/a            1.250         5.000       3.750      SLICE_X34Y37  ewma_inst/alpha_id_fifo_reg_0_63_0_1/RAMC/CLK
Low Pulse Width   Fast    RAMD64E/CLK         n/a            1.250         5.000       3.750      SLICE_X34Y37  ewma_inst/alpha_id_fifo_reg_0_63_0_1/RAMC/CLK
Low Pulse Width   Slow    RAMD64E/CLK         n/a            1.250         5.000       3.750      SLICE_X34Y37  ewma_inst/alpha_id_fifo_reg_0_63_0_1/RAMD/CLK
Low Pulse Width   Fast    RAMD64E/CLK         n/a            1.250         5.000       3.750      SLICE_X34Y37  ewma_inst/alpha_id_fifo_reg_0_63_0_1/RAMD/CLK
Low Pulse Width   Slow    RAMD64E/CLK         n/a            1.250         5.000       3.750      SLICE_X38Y34  ewma_inst/anom_id_fifo_reg_0_63_0_1/RAMA/CLK
Low Pulse Width   Fast    RAMD64E/CLK         n/a            1.250         5.000       3.750      SLICE_X38Y34  ewma_inst/anom_id_fifo_reg_0_63_0_1/RAMA/CLK
High Pulse Width  Slow    RAMD64E/CLK         n/a            1.250         5.000       3.750      SLICE_X34Y37  ewma_inst/alpha_id_fifo_reg_0_63_0_1/RAMA/CLK
High Pulse Width  Fast    RAMD64E/CLK         n/a            1.250         5.000       3.750      SLICE_X34Y37  ewma_inst/alpha_id_fifo_reg_0_63_0_1/RAMA/CLK
High Pulse Width  Slow    RAMD64E/CLK         n/a            1.250         5.000       3.750      SLICE_X34Y37  ewma_inst/alpha_id_fifo_reg_0_63_0_1/RAMB/CLK
High Pulse Width  Fast    RAMD64E/CLK         n/a            1.250         5.000       3.750      SLICE_X34Y37  ewma_inst/alpha_id_fifo_reg_0_63_0_1/RAMB/CLK
High Pulse Width  Slow    RAMD64E/CLK         n/a            1.250         5.000       3.750      SLICE_X34Y37  ewma_inst/alpha_id_fifo_reg_0_63_0_1/RAMC/CLK
High Pulse Width  Fast    RAMD64E/CLK         n/a            1.250         5.000       3.750      SLICE_X34Y37  ewma_inst/alpha_id_fifo_reg_0_63_0_1/RAMC/CLK
High Pulse Width  Slow    RAMD64E/CLK         n/a            1.250         5.000       3.750      SLICE_X34Y37  ewma_inst/alpha_id_fifo_reg_0_63_0_1/RAMD/CLK
High Pulse Width  Fast    RAMD64E/CLK         n/a            1.250         5.000       3.750      SLICE_X34Y37  ewma_inst/alpha_id_fifo_reg_0_63_0_1/RAMD/CLK
High Pulse Width  Slow    RAMD64E/CLK         n/a            1.250         5.000       3.750      SLICE_X38Y34  ewma_inst/anom_id_fifo_reg_0_63_0_1/RAMA/CLK
High Pulse Width  Fast    RAMD64E/CLK         n/a            1.250         5.000       3.750      SLICE_X38Y34  ewma_inst/anom_id_fifo_reg_0_63_0_1/RAMA/CLK



---------------------------------------------------------------------------------------------------
Path Group:  **async_default**
From Clock:  clk
  To Clock:  clk

Setup :            0  Failing Endpoints,  Worst Slack        5.886ns,  Total Violation        0.000ns
Hold  :            0  Failing Endpoints,  Worst Slack        1.093ns,  Total Violation        0.000ns
---------------------------------------------------------------------------------------------------


Max Delay Paths
--------------------------------------------------------------------------------------
Slack (MET) :             5.886ns  (required time - arrival time)
  Source:                 config_done_reg/C
                            (rising edge-triggered cell FDRE clocked by clk  {rise@0.000ns fall@5.000ns period=10.000ns})
  Destination:            cusum_inst/st_selector/previous_values_reg[2][13]/CLR
                            (recovery check against rising-edge clock clk  {rise@0.000ns fall@5.000ns period=10.000ns})
  Path Group:             **async_default**
  Path Type:              Recovery (Max at Slow Process Corner)
  Requirement:            10.000ns  (clk rise@10.000ns - clk rise@0.000ns)
  Data Path Delay:        3.437ns  (logic 0.576ns (16.758%)  route 2.861ns (83.242%))
  Logic Levels:           1  (LUT2=1)
  Clock Path Skew:        -0.034ns (DCD - SCD + CPR)
    Destination Clock Delay (DCD):    5.101ns = ( 15.101 - 10.000 ) 
    Source Clock Delay      (SCD):    5.403ns
    Clock Pessimism Removal (CPR):    0.267ns
  Clock Uncertainty:      0.035ns  ((TSJ^2 + TIJ^2)^1/2 + DJ) / 2 + PE
    Total System Jitter     (TSJ):    0.071ns
    Total Input Jitter      (TIJ):    0.000ns
    Discrete Jitter          (DJ):    0.000ns
    Phase Error              (PE):    0.000ns

    Location             Delay type                Incr(ns)  Path(ns)    Netlist Resource(s)
  -------------------------------------------------------------------    -------------------
                         (clock clk rise edge)        0.000     0.000 r  
    E3                                                0.000     0.000 r  clk (IN)
                         net (fo=0)                   0.000     0.000    clk
    E3                   IBUF (Prop_ibuf_I_O)         1.482     1.482 r  clk_IBUF_inst/O
                         net (fo=1, routed)           2.025     3.506    clk_IBUF
    BUFGCTRL_X0Y16       BUFG (Prop_bufg_I_O)         0.096     3.602 r  clk_IBUF_BUFG_inst/O
                         net (fo=25802, routed)       1.800     5.403    clk_IBUF_BUFG
    SLICE_X39Y30         FDRE                                         r  config_done_reg/C
  -------------------------------------------------------------------    -------------------
    SLICE_X39Y30         FDRE (Prop_fdre_C_Q)         0.456     5.859 r  config_done_reg/Q
                         net (fo=34, routed)          1.089     6.947    cusum_inst/st_selector/previous_values_reg[0][0]_0
    SLICE_X26Y30         LUT2 (Prop_lut2_I0_O)        0.120     7.067 f  cusum_inst/st_selector/previous_values[3][31]_i_2/O
                         net (fo=141, routed)         1.772     8.840    cusum_inst/st_selector/AR[0]
    SLICE_X36Y34         FDCE                                         f  cusum_inst/st_selector/previous_values_reg[2][13]/CLR
  -------------------------------------------------------------------    -------------------

                         (clock clk rise edge)       10.000    10.000 r  
    E3                                                0.000    10.000 r  clk (IN)
                         net (fo=0)                   0.000    10.000    clk
    E3                   IBUF (Prop_ibuf_I_O)         1.411    11.411 r  clk_IBUF_inst/O
                         net (fo=1, routed)           1.920    13.331    clk_IBUF
    BUFGCTRL_X0Y16       BUFG (Prop_bufg_I_O)         0.091    13.422 r  clk_IBUF_BUFG_inst/O
                         net (fo=25802, routed)       1.679    15.101    cusum_inst/st_selector/clk_IBUF_BUFG
    SLICE_X36Y34         FDCE                                         r  cusum_inst/st_selector/previous_values_reg[2][13]/C
                         clock pessimism              0.267    15.369    
                         clock uncertainty           -0.035    15.333    
    SLICE_X36Y34         FDCE (Recov_fdce_C_CLR)     -0.608    14.725    cusum_inst/st_selector/previous_values_reg[2][13]
  -------------------------------------------------------------------
                         required time                         14.725    
                         arrival time                          -8.840    
  -------------------------------------------------------------------
                         slack                                  5.886    

Slack (MET) :             5.886ns  (required time - arrival time)
  Source:                 config_done_reg/C
                            (rising edge-triggered cell FDRE clocked by clk  {rise@0.000ns fall@5.000ns period=10.000ns})
  Destination:            cusum_inst/st_selector/previous_values_reg[2][1]/CLR
                            (recovery check against rising-edge clock clk  {rise@0.000ns fall@5.000ns period=10.000ns})
  Path Group:             **async_default**
  Path Type:              Recovery (Max at Slow Process Corner)
  Requirement:            10.000ns  (clk rise@10.000ns - clk rise@0.000ns)
  Data Path Delay:        3.437ns  (logic 0.576ns (16.758%)  route 2.861ns (83.242%))
  Logic Levels:           1  (LUT2=1)
  Clock Path Skew:        -0.034ns (DCD - SCD + CPR)
    Destination Clock Delay (DCD):    5.101ns = ( 15.101 - 10.000 ) 
    Source Clock Delay      (SCD):    5.403ns
    Clock Pessimism Removal (CPR):    0.267ns
  Clock Uncertainty:      0.035ns  ((TSJ^2 + TIJ^2)^1/2 + DJ) / 2 + PE
    Total System Jitter     (TSJ):    0.071ns
    Total Input Jitter      (TIJ):    0.000ns
    Discrete Jitter          (DJ):    0.000ns
    Phase Error              (PE):    0.000ns

    Location             Delay type                Incr(ns)  Path(ns)    Netlist Resource(s)
  -------------------------------------------------------------------    -------------------
                         (clock clk rise edge)        0.000     0.000 r  
    E3                                                0.000     0.000 r  clk (IN)
                         net (fo=0)                   0.000     0.000    clk
    E3                   IBUF (Prop_ibuf_I_O)         1.482     1.482 r  clk_IBUF_inst/O
                         net (fo=1, routed)           2.025     3.506    clk_IBUF
    BUFGCTRL_X0Y16       BUFG (Prop_bufg_I_O)         0.096     3.602 r  clk_IBUF_BUFG_inst/O
                         net (fo=25802, routed)       1.800     5.403    clk_IBUF_BUFG
    SLICE_X39Y30         FDRE                                         r  config_done_reg/C
  -------------------------------------------------------------------    -------------------
    SLICE_X39Y30         FDRE (Prop_fdre_C_Q)         0.456     5.859 r  config_done_reg/Q
                         net (fo=34, routed)          1.089     6.947    cusum_inst/st_selector/previous_values_reg[0][0]_0
    SLICE_X26Y30         LUT2 (Prop_lut2_I0_O)        0.120     7.067 f  cusum_inst/st_selector/previous_values[3][31]_i_2/O
                         net (fo=141, routed)         1.772     8.840    cusum_inst/st_selector/AR[0]
    SLICE_X36Y34         FDCE                                         f  cusum_inst/st_selector/previous_values_reg[2][1]/CLR
  -------------------------------------------------------------------    -------------------

                         (clock clk rise edge)       10.000    10.000 r  
    E3                                                0.000    10.000 r  clk (IN)
                         net (fo=0)                   0.000    10.000    clk
    E3                   IBUF (Prop_ibuf_I_O)         1.411    11.411 r  clk_IBUF_inst/O
                         net (fo=1, routed)           1.920    13.331    clk_IBUF
    BUFGCTRL_X0Y16       BUFG (Prop_bufg_I_O)         0.091    13.422 r  clk_IBUF_BUFG_inst/O
                         net (fo=25802, routed)       1.679    15.101    cusum_inst/st_selector/clk_IBUF_BUFG
    SLICE_X36Y34         FDCE                                         r  cusum_inst/st_selector/previous_values_reg[2][1]/C
                         clock pessimism              0.267    15.369    
                         clock uncertainty           -0.035    15.333    
    SLICE_X36Y34         FDCE (Recov_fdce_C_CLR)     -0.608    14.725    cusum_inst/st_selector/previous_values_reg[2][1]
  -------------------------------------------------------------------
                         required time                         14.725    
                         arrival time                          -8.840    
  -------------------------------------------------------------------
                         slack                                  5.886    

Slack (MET) :             5.886ns  (required time - arrival time)
  Source:                 config_done_reg/C
                            (rising edge-triggered cell FDRE clocked by clk  {rise@0.000ns fall@5.000ns period=10.000ns})
  Destination:            cusum_inst/st_selector/previous_values_reg[2][25]/CLR
                            (recovery check against rising-edge clock clk  {rise@0.000ns fall@5.000ns period=10.000ns})
  Path Group:             **async_default**
  Path Type:              Recovery (Max at Slow Process Corner)
  Requirement:            10.000ns  (clk rise@10.000ns - clk rise@0.000ns)
  Data Path Delay:        3.437ns  (logic 0.576ns (16.758%)  route 2.861ns (83.242%))
  Logic Levels:           1  (LUT2=1)
  Clock Path Skew:        -0.034ns (DCD - SCD + CPR)
    Destination Clock Delay (DCD):    5.101ns = ( 15.101 - 10.000 ) 
    Source Clock Delay      (SCD):    5.403ns
    Clock Pessimism Removal (CPR):    0.267ns
  Clock Uncertainty:      0.035ns  ((TSJ^2 + TIJ^2)^1/2 + DJ) / 2 + PE
    Total System Jitter     (TSJ):    0.071ns
    Total Input Jitter      (TIJ):    0.000ns
    Discrete Jitter          (DJ):    0.000ns
    Phase Error              (PE):    0.000ns

    Location             Delay type                Incr(ns)  Path(ns)    Netlist Resource(s)
  -------------------------------------------------------------------    -------------------
                         (clock clk rise edge)        0.000     0.000 r  
    E3                                                0.000     0.000 r  clk (IN)
                         net (fo=0)                   0.000     0.000    clk
    E3                   IBUF (Prop_ibuf_I_O)         1.482     1.482 r  clk_IBUF_inst/O
                         net (fo=1, routed)           2.025     3.506    clk_IBUF
    BUFGCTRL_X0Y16       BUFG (Prop_bufg_I_O)         0.096     3.602 r  clk_IBUF_BUFG_inst/O
                         net (fo=25802, routed)       1.800     5.403    clk_IBUF_BUFG
    SLICE_X39Y30         FDRE                                         r  config_done_reg/C
  -------------------------------------------------------------------    -------------------
    SLICE_X39Y30         FDRE (Prop_fdre_C_Q)         0.456     5.859 r  config_done_reg/Q
                         net (fo=34, routed)          1.089     6.947    cusum_inst/st_selector/previous_values_reg[0][0]_0
    SLICE_X26Y30         LUT2 (Prop_lut2_I0_O)        0.120     7.067 f  cusum_inst/st_selector/previous_values[3][31]_i_2/O
                         net (fo=141, routed)         1.772     8.840    cusum_inst/st_selector/AR[0]
    SLICE_X36Y34         FDCE                                         f  cusum_inst/st_selector/previous_values_reg[2][25]/CLR
  -------------------------------------------------------------------    -------------------

                         (clock clk rise edge)       10.000    10.000 r  
    E3                                                0.000    10.000 r  clk (IN)
                         net (fo=0)                   0.000    10.000    clk
    E3                   IBUF (Prop_ibuf_I_O)         1.411    11.411 r  clk_IBUF_inst/O
                         net (fo=1, routed)           1.920    13.331    clk_IBUF
    BUFGCTRL_X0Y16       BUFG (Prop_bufg_I_O)         0.091    13.422 r  clk_IBUF_BUFG_inst/O
                         net (fo=25802, routed)       1.679    15.101    cusum_inst/st_selector/clk_IBUF_BUFG
    SLICE_X36Y34         FDCE                                         r  cusum_inst/st_selector/previous_values_reg[2][25]/C
                         clock pessimism              0.267    15.369    
                         clock uncertainty           -0.035    15.333    
    SLICE_X36Y34         FDCE (Recov_fdce_C_CLR)     -0.608    14.725    cusum_inst/st_selector/previous_values_reg[2][25]
  -------------------------------------------------------------------
                         required time                         14.725    
                         arrival time                          -8.840    
  -------------------------------------------------------------------
                         slack                                  5.886    

Slack (MET) :             5.886ns  (required time - arrival time)
  Source:                 config_done_reg/C
                            (rising edge-triggered cell FDRE clocked by clk  {rise@0.000ns fall@5.000ns period=10.000ns})
  Destination:            cusum_inst/st_selector/previous_values_reg[2][31]/CLR
                            (recovery check against rising-edge clock clk  {rise@0.000ns fall@5.000ns period=10.000ns})
  Path Group:             **async_default**
  Path Type:              Recovery (Max at Slow Process Corner)
  Requirement:            10.000ns  (clk rise@10.000ns - clk rise@0.000ns)
  Data Path Delay:        3.437ns  (logic 0.576ns (16.758%)  route 2.861ns (83.242%))
  Logic Levels:           1  (LUT2=1)
  Clock Path Skew:        -0.034ns (DCD - SCD + CPR)
    Destination Clock Delay (DCD):    5.101ns = ( 15.101 - 10.000 ) 
    Source Clock Delay      (SCD):    5.403ns
    Clock Pessimism Removal (CPR):    0.267ns
  Clock Uncertainty:      0.035ns  ((TSJ^2 + TIJ^2)^1/2 + DJ) / 2 + PE
    Total System Jitter     (TSJ):    0.071ns
    Total Input Jitter      (TIJ):    0.000ns
    Discrete Jitter          (DJ):    0.000ns
    Phase Error              (PE):    0.000ns

    Location             Delay type                Incr(ns)  Path(ns)    Netlist Resource(s)
  -------------------------------------------------------------------    -------------------
                         (clock clk rise edge)        0.000     0.000 r  
    E3                                                0.000     0.000 r  clk (IN)
                         net (fo=0)                   0.000     0.000    clk
    E3                   IBUF (Prop_ibuf_I_O)         1.482     1.482 r  clk_IBUF_inst/O
                         net (fo=1, routed)           2.025     3.506    clk_IBUF
    BUFGCTRL_X0Y16       BUFG (Prop_bufg_I_O)         0.096     3.602 r  clk_IBUF_BUFG_inst/O
                         net (fo=25802, routed)       1.800     5.403    clk_IBUF_BUFG
    SLICE_X39Y30         FDRE                                         r  config_done_reg/C
  -------------------------------------------------------------------    -------------------
    SLICE_X39Y30         FDRE (Prop_fdre_C_Q)         0.456     5.859 r  config_done_reg/Q
                         net (fo=34, routed)          1.089     6.947    cusum_inst/st_selector/previous_values_reg[0][0]_0
    SLICE_X26Y30         LUT2 (Prop_lut2_I0_O)        0.120     7.067 f  cusum_inst/st_selector/previous_values[3][31]_i_2/O
                         net (fo=141, routed)         1.772     8.840    cusum_inst/st_selector/AR[0]
    SLICE_X36Y34         FDCE                                         f  cusum_inst/st_selector/previous_values_reg[2][31]/CLR
  -------------------------------------------------------------------    -------------------

                         (clock clk rise edge)       10.000    10.000 r  
    E3                                                0.000    10.000 r  clk (IN)
                         net (fo=0)                   0.000    10.000    clk
    E3                   IBUF (Prop_ibuf_I_O)         1.411    11.411 r  clk_IBUF_inst/O
                         net (fo=1, routed)           1.920    13.331    clk_IBUF
    BUFGCTRL_X0Y16       BUFG (Prop_bufg_I_O)         0.091    13.422 r  clk_IBUF_BUFG_inst/O
                         net (fo=25802, routed)       1.679    15.101    cusum_inst/st_selector/clk_IBUF_BUFG
    SLICE_X36Y34         FDCE                                         r  cusum_inst/st_selector/previous_values_reg[2][31]/C
                         clock pessimism              0.267    15.369    
                         clock uncertainty           -0.035    15.333    
    SLICE_X36Y34         FDCE (Recov_fdce_C_CLR)     -0.608    14.725    cusum_inst/st_selector/previous_values_reg[2][31]
  -------------------------------------------------------------------
                         required time                         14.725    
                         arrival time                          -8.840    
  -------------------------------------------------------------------
                         slack                                  5.886    

Slack (MET) :             5.886ns  (required time - arrival time)
  Source:                 config_done_reg/C
                            (rising edge-triggered cell FDRE clocked by clk  {rise@0.000ns fall@5.000ns period=10.000ns})
  Destination:            cusum_inst/st_selector/previous_values_reg[2][5]/CLR
                            (recovery check against rising-edge clock clk  {rise@0.000ns fall@5.000ns period=10.000ns})
  Path Group:             **async_default**
  Path Type:              Recovery (Max at Slow Process Corner)
  Requirement:            10.000ns  (clk rise@10.000ns - clk rise@0.000ns)
  Data Path Delay:        3.437ns  (logic 0.576ns (16.758%)  route 2.861ns (83.242%))
  Logic Levels:           1  (LUT2=1)
  Clock Path Skew:        -0.034ns (DCD - SCD + CPR)
    Destination Clock Delay (DCD):    5.101ns = ( 15.101 - 10.000 ) 
    Source Clock Delay      (SCD):    5.403ns
    Clock Pessimism Removal (CPR):    0.267ns
  Clock Uncertainty:      0.035ns  ((TSJ^2 + TIJ^2)^1/2 + DJ) / 2 + PE
    Total System Jitter     (TSJ):    0.071ns
    Total Input Jitter      (TIJ):    0.000ns
    Discrete Jitter          (DJ):    0.000ns
    Phase Error              (PE):    0.000ns

    Location             Delay type                Incr(ns)  Path(ns)    Netlist Resource(s)
  -------------------------------------------------------------------    -------------------
                         (clock clk rise edge)        0.000     0.000 r  
    E3                                                0.000     0.000 r  clk (IN)
                         net (fo=0)                   0.000     0.000    clk
    E3                   IBUF (Prop_ibuf_I_O)         1.482     1.482 r  clk_IBUF_inst/O
                         net (fo=1, routed)           2.025     3.506    clk_IBUF
    BUFGCTRL_X0Y16       BUFG (Prop_bufg_I_O)         0.096     3.602 r  clk_IBUF_BUFG_inst/O
                         net (fo=25802, routed)       1.800     5.403    clk_IBUF_BUFG
    SLICE_X39Y30         FDRE                                         r  config_done_reg/C
  -------------------------------------------------------------------    -------------------
    SLICE_X39Y30         FDRE (Prop_fdre_C_Q)         0.456     5.859 r  config_done_reg/Q
                         net (fo=34, routed)          1.089     6.947    cusum_inst/st_selector/previous_values_reg[0][0]_0
    SLICE_X26Y30         LUT2 (Prop_lut2_I0_O)        0.120     7.067 f  cusum_inst/st_selector/previous_values[3][31]_i_2/O
                         net (fo=141, routed)         1.772     8.840    cusum_inst/st_selector/AR[0]
    SLICE_X36Y34         FDCE                                         f  cusum_inst/st_selector/previous_values_reg[2][5]/CLR
  -------------------------------------------------------------------    -------------------

                         (clock clk rise edge)       10.000    10.000 r  
    E3                                                0.000    10.000 r  clk (IN)
                         net (fo=0)                   0.000    10.000    clk
    E3                   IBUF (Prop_ibuf_I_O)         1.411    11.411 r  clk_IBUF_inst/O
                         net (fo=1, routed)           1.920    13.331    clk_IBUF
    BUFGCTRL_X0Y16       BUFG (Prop_bufg_I_O)         0.091    13.422 r  clk_IBUF_BUFG_inst/O
                         net (fo=25802, routed)       1.679    15.101    cusum_inst/st_selector/clk_IBUF_BUFG
    SLICE_X36Y34         FDCE                                         r  cusum_inst/st_selector/previous_values_reg[2][5]/C
                         clock pessimism              0.267    15.369    
                         clock uncertainty           -0.035    15.333    
    SLICE_X36Y34         FDCE (Recov_fdce_C_CLR)     -0.608    14.725    cusum_inst/st_selector/previous_values_reg[2][5]
  -------------------------------------------------------------------
                         required time                         14.725    
                         arrival time                          -8.840    
  -------------------------------------------------------------------
                         slack                                  5.886    

Slack (MET) :             5.890ns  (required time - arrival time)
  Source:                 config_done_reg/C
                            (rising edge-triggered cell FDRE clocked by clk  {rise@0.000ns fall@5.000ns period=10.000ns})
  Destination:            cusum_inst/st_selector/previous_values_reg[0][2]/CLR
                            (recovery check against rising-edge clock clk  {rise@0.000ns fall@5.000ns period=10.000ns})
  Path Group:             **async_default**
  Path Type:              Recovery (Max at Slow Process Corner)
  Requirement:            10.000ns  (clk rise@10.000ns - clk rise@0.000ns)
  Data Path Delay:        3.433ns  (logic 0.576ns (16.779%)  route 2.857ns (83.221%))
  Logic Levels:           1  (LUT2=1)
  Clock Path Skew:        -0.034ns (DCD - SCD + CPR)
    Destination Clock Delay (DCD):    5.101ns = ( 15.101 - 10.000 ) 
    Source Clock Delay      (SCD):    5.403ns
    Clock Pessimism Removal (CPR):    0.267ns
  Clock Uncertainty:      0.035ns  ((TSJ^2 + TIJ^2)^1/2 + DJ) / 2 + PE
    Total System Jitter     (TSJ):    0.071ns
    Total Input Jitter      (TIJ):    0.000ns
    Discrete Jitter          (DJ):    0.000ns
    Phase Error              (PE):    0.000ns

    Location             Delay type                Incr(ns)  Path(ns)    Netlist Resource(s)
  -------------------------------------------------------------------    -------------------
                         (clock clk rise edge)        0.000     0.000 r  
    E3                                                0.000     0.000 r  clk (IN)
                         net (fo=0)                   0.000     0.000    clk
    E3                   IBUF (Prop_ibuf_I_O)         1.482     1.482 r  clk_IBUF_inst/O
                         net (fo=1, routed)           2.025     3.506    clk_IBUF
    BUFGCTRL_X0Y16       BUFG (Prop_bufg_I_O)         0.096     3.602 r  clk_IBUF_BUFG_inst/O
                         net (fo=25802, routed)       1.800     5.403    clk_IBUF_BUFG
    SLICE_X39Y30         FDRE                                         r  config_done_reg/C
  -------------------------------------------------------------------    -------------------
    SLICE_X39Y30         FDRE (Prop_fdre_C_Q)         0.456     5.859 r  config_done_reg/Q
                         net (fo=34, routed)          1.089     6.947    cusum_inst/st_selector/previous_values_reg[0][0]_0
    SLICE_X26Y30         LUT2 (Prop_lut2_I0_O)        0.120     7.067 f  cusum_inst/st_selector/previous_values[3][31]_i_2/O
                         net (fo=141, routed)         1.768     8.835    cusum_inst/st_selector/AR[0]
    SLICE_X37Y34         FDCE                                         f  cusum_inst/st_selector/previous_values_reg[0][2]/CLR
  -------------------------------------------------------------------    -------------------

                         (clock clk rise edge)       10.000    10.000 r  
    E3                                                0.000    10.000 r  clk (IN)
                         net (fo=0)                   0.000    10.000    clk
    E3                   IBUF (Prop_ibuf_I_O)         1.411    11.411 r  clk_IBUF_inst/O
                         net (fo=1, routed)           1.920    13.331    clk_IBUF
    BUFGCTRL_X0Y16       BUFG (Prop_bufg_I_O)         0.091    13.422 r  clk_IBUF_BUFG_inst/O
                         net (fo=25802, routed)       1.679    15.101    cusum_inst/st_selector/clk_IBUF_BUFG
    SLICE_X37Y34         FDCE                                         r  cusum_inst/st_selector/previous_values_reg[0][2]/C
                         clock pessimism              0.267    15.369    
                         clock uncertainty           -0.035    15.333    
    SLICE_X37Y34         FDCE (Recov_fdce_C_CLR)     -0.608    14.725    cusum_inst/st_selector/previous_values_reg[0][2]
  -------------------------------------------------------------------
                         required time                         14.725    
                         arrival time                          -8.835    
  -------------------------------------------------------------------
                         slack                                  5.890    

Slack (MET) :             6.027ns  (required time - arrival time)
  Source:                 config_done_reg/C
                            (rising edge-triggered cell FDRE clocked by clk  {rise@0.000ns fall@5.000ns period=10.000ns})
  Destination:            cusum_inst/st_selector/previous_values_reg[1][13]/CLR
                            (recovery check against rising-edge clock clk  {rise@0.000ns fall@5.000ns period=10.000ns})
  Path Group:             **async_default**
  Path Type:              Recovery (Max at Slow Process Corner)
  Requirement:            10.000ns  (clk rise@10.000ns - clk rise@0.000ns)
  Data Path Delay:        3.295ns  (logic 0.576ns (17.480%)  route 2.719ns (82.520%))
  Logic Levels:           1  (LUT2=1)
  Clock Path Skew:        -0.034ns (DCD - SCD + CPR)
    Destination Clock Delay (DCD):    5.101ns = ( 15.101 - 10.000 ) 
    Source Clock Delay      (SCD):    5.403ns
    Clock Pessimism Removal (CPR):    0.267ns
  Clock Uncertainty:      0.035ns  ((TSJ^2 + TIJ^2)^1/2 + DJ) / 2 + PE
    Total System Jitter     (TSJ):    0.071ns
    Total Input Jitter      (TIJ):    0.000ns
    Discrete Jitter          (DJ):    0.000ns
    Phase Error              (PE):    0.000ns

    Location             Delay type                Incr(ns)  Path(ns)    Netlist Resource(s)
  -------------------------------------------------------------------    -------------------
                         (clock clk rise edge)        0.000     0.000 r  
    E3                                                0.000     0.000 r  clk (IN)
                         net (fo=0)                   0.000     0.000    clk
    E3                   IBUF (Prop_ibuf_I_O)         1.482     1.482 r  clk_IBUF_inst/O
                         net (fo=1, routed)           2.025     3.506    clk_IBUF
    BUFGCTRL_X0Y16       BUFG (Prop_bufg_I_O)         0.096     3.602 r  clk_IBUF_BUFG_inst/O
                         net (fo=25802, routed)       1.800     5.403    clk_IBUF_BUFG
    SLICE_X39Y30         FDRE                                         r  config_done_reg/C
  -------------------------------------------------------------------    -------------------
    SLICE_X39Y30         FDRE (Prop_fdre_C_Q)         0.456     5.859 r  config_done_reg/Q
                         net (fo=34, routed)          1.089     6.947    cusum_inst/st_selector/previous_values_reg[0][0]_0
    SLICE_X26Y30         LUT2 (Prop_lut2_I0_O)        0.120     7.067 f  cusum_inst/st_selector/previous_values[3][31]_i_2/O
                         net (fo=141, routed)         1.630     8.698    cusum_inst/st_selector/AR[0]
    SLICE_X35Y34         FDCE                                         f  cusum_inst/st_selector/previous_values_reg[1][13]/CLR
  -------------------------------------------------------------------    -------------------

                         (clock clk rise edge)       10.000    10.000 r  
    E3                                                0.000    10.000 r  clk (IN)
                         net (fo=0)                   0.000    10.000    clk
    E3                   IBUF (Prop_ibuf_I_O)         1.411    11.411 r  clk_IBUF_inst/O
                         net (fo=1, routed)           1.920    13.331    clk_IBUF
    BUFGCTRL_X0Y16       BUFG (Prop_bufg_I_O)         0.091    13.422 r  clk_IBUF_BUFG_inst/O
                         net (fo=25802, routed)       1.679    15.101    cusum_inst/st_selector/clk_IBUF_BUFG
    SLICE_X35Y34         FDCE                                         r  cusum_inst/st_selector/previous_values_reg[1][13]/C
                         clock pessimism              0.267    15.369    
                         clock uncertainty           -0.035    15.333    
    SLICE_X35Y34         FDCE (Recov_fdce_C_CLR)     -0.608    14.725    cusum_inst/st_selector/previous_values_reg[1][13]
  -------------------------------------------------------------------
                         required time                         14.725    
                         arrival time                          -8.698    
  -------------------------------------------------------------------
                         slack                                  6.027    

Slack (MET) :             6.027ns  (required time - arrival time)
  Source:                 config_done_reg/C
                            (rising edge-triggered cell FDRE clocked by clk  {rise@0.000ns fall@5.000ns period=10.000ns})
  Destination:            cusum_inst/st_selector/previous_values_reg[1][1]/CLR
                            (recovery check against rising-edge clock clk  {rise@0.000ns fall@5.000ns period=10.000ns})
  Path Group:             **async_default**
  Path Type:              Recovery (Max at Slow Process Corner)
  Requirement:            10.000ns  (clk rise@10.000ns - clk rise@0.000ns)
  Data Path Delay:        3.295ns  (logic 0.576ns (17.480%)  route 2.719ns (82.520%))
  Logic Levels:           1  (LUT2=1)
  Clock Path Skew:        -0.034ns (DCD - SCD + CPR)
    Destination Clock Delay (DCD):    5.101ns = ( 15.101 - 10.000 ) 
    Source Clock Delay      (SCD):    5.403ns
    Clock Pessimism Removal (CPR):    0.267ns
  Clock Uncertainty:      0.035ns  ((TSJ^2 + TIJ^2)^1/2 + DJ) / 2 + PE
    Total System Jitter     (TSJ):    0.071ns
    Total Input Jitter      (TIJ):    0.000ns
    Discrete Jitter          (DJ):    0.000ns
    Phase Error              (PE):    0.000ns

    Location             Delay type                Incr(ns)  Path(ns)    Netlist Resource(s)
  -------------------------------------------------------------------    -------------------
                         (clock clk rise edge)        0.000     0.000 r  
    E3                                                0.000     0.000 r  clk (IN)
                         net (fo=0)                   0.000     0.000    clk
    E3                   IBUF (Prop_ibuf_I_O)         1.482     1.482 r  clk_IBUF_inst/O
                         net (fo=1, routed)           2.025     3.506    clk_IBUF
    BUFGCTRL_X0Y16       BUFG (Prop_bufg_I_O)         0.096     3.602 r  clk_IBUF_BUFG_inst/O
                         net (fo=25802, routed)       1.800     5.403    clk_IBUF_BUFG
    SLICE_X39Y30         FDRE                                         r  config_done_reg/C
  -------------------------------------------------------------------    -------------------
    SLICE_X39Y30         FDRE (Prop_fdre_C_Q)         0.456     5.859 r  config_done_reg/Q
                         net (fo=34, routed)          1.089     6.947    cusum_inst/st_selector/previous_values_reg[0][0]_0
    SLICE_X26Y30         LUT2 (Prop_lut2_I0_O)        0.120     7.067 f  cusum_inst/st_selector/previous_values[3][31]_i_2/O
                         net (fo=141, routed)         1.630     8.698    cusum_inst/st_selector/AR[0]
    SLICE_X35Y34         FDCE                                         f  cusum_inst/st_selector/previous_values_reg[1][1]/CLR
  -------------------------------------------------------------------    -------------------

                         (clock clk rise edge)       10.000    10.000 r  
    E3                                                0.000    10.000 r  clk (IN)
                         net (fo=0)                   0.000    10.000    clk
    E3                   IBUF (Prop_ibuf_I_O)         1.411    11.411 r  clk_IBUF_inst/O
                         net (fo=1, routed)           1.920    13.331    clk_IBUF
    BUFGCTRL_X0Y16       BUFG (Prop_bufg_I_O)         0.091    13.422 r  clk_IBUF_BUFG_inst/O
                         net (fo=25802, routed)       1.679    15.101    cusum_inst/st_selector/clk_IBUF_BUFG
    SLICE_X35Y34         FDCE                                         r  cusum_inst/st_selector/previous_values_reg[1][1]/C
                         clock pessimism              0.267    15.369    
                         clock uncertainty           -0.035    15.333    
    SLICE_X35Y34         FDCE (Recov_fdce_C_CLR)     -0.608    14.725    cusum_inst/st_selector/previous_values_reg[1][1]
  -------------------------------------------------------------------
                         required time                         14.725    
                         arrival time                          -8.698    
  -------------------------------------------------------------------
                         slack                                  6.027    

Slack (MET) :             6.027ns  (required time - arrival time)
  Source:                 config_done_reg/C
                            (rising edge-triggered cell FDRE clocked by clk  {rise@0.000ns fall@5.000ns period=10.000ns})
  Destination:            cusum_inst/st_selector/previous_values_reg[1][25]/CLR
                            (recovery check against rising-edge clock clk  {rise@0.000ns fall@5.000ns period=10.000ns})
  Path Group:             **async_default**
  Path Type:              Recovery (Max at Slow Process Corner)
  Requirement:            10.000ns  (clk rise@10.000ns - clk rise@0.000ns)
  Data Path Delay:        3.295ns  (logic 0.576ns (17.480%)  route 2.719ns (82.520%))
  Logic Levels:           1  (LUT2=1)
  Clock Path Skew:        -0.034ns (DCD - SCD + CPR)
    Destination Clock Delay (DCD):    5.101ns = ( 15.101 - 10.000 ) 
    Source Clock Delay      (SCD):    5.403ns
    Clock Pessimism Removal (CPR):    0.267ns
  Clock Uncertainty:      0.035ns  ((TSJ^2 + TIJ^2)^1/2 + DJ) / 2 + PE
    Total System Jitter     (TSJ):    0.071ns
    Total Input Jitter      (TIJ):    0.000ns
    Discrete Jitter          (DJ):    0.000ns
    Phase Error              (PE):    0.000ns

    Location             Delay type                Incr(ns)  Path(ns)    Netlist Resource(s)
  -------------------------------------------------------------------    -------------------
                         (clock clk rise edge)        0.000     0.000 r  
    E3                                                0.000     0.000 r  clk (IN)
                         net (fo=0)                   0.000     0.000    clk
    E3                   IBUF (Prop_ibuf_I_O)         1.482     1.482 r  clk_IBUF_inst/O
                         net (fo=1, routed)           2.025     3.506    clk_IBUF
    BUFGCTRL_X0Y16       BUFG (Prop_bufg_I_O)         0.096     3.602 r  clk_IBUF_BUFG_inst/O
                         net (fo=25802, routed)       1.800     5.403    clk_IBUF_BUFG
    SLICE_X39Y30         FDRE                                         r  config_done_reg/C
  -------------------------------------------------------------------    -------------------
    SLICE_X39Y30         FDRE (Prop_fdre_C_Q)         0.456     5.859 r  config_done_reg/Q
                         net (fo=34, routed)          1.089     6.947    cusum_inst/st_selector/previous_values_reg[0][0]_0
    SLICE_X26Y30         LUT2 (Prop_lut2_I0_O)        0.120     7.067 f  cusum_inst/st_selector/previous_values[3][31]_i_2/O
                         net (fo=141, routed)         1.630     8.698    cusum_inst/st_selector/AR[0]
    SLICE_X35Y34         FDCE                                         f  cusum_inst/st_selector/previous_values_reg[1][25]/CLR
  -------------------------------------------------------------------    -------------------

                         (clock clk rise edge)       10.000    10.000 r  
    E3                                                0.000    10.000 r  clk (IN)
                         net (fo=0)                   0.000    10.000    clk
    E3                   IBUF (Prop_ibuf_I_O)         1.411    11.411 r  clk_IBUF_inst/O
                         net (fo=1, routed)           1.920    13.331    clk_IBUF
    BUFGCTRL_X0Y16       BUFG (Prop_bufg_I_O)         0.091    13.422 r  clk_IBUF_BUFG_inst/O
                         net (fo=25802, routed)       1.679    15.101    cusum_inst/st_selector/clk_IBUF_BUFG
    SLICE_X35Y34         FDCE                                         r  cusum_inst/st_selector/previous_values_reg[1][25]/C
                         clock pessimism              0.267    15.369    
                         clock uncertainty           -0.035    15.333    
    SLICE_X35Y34         FDCE (Recov_fdce_C_CLR)     -0.608    14.725    cusum_inst/st_selector/previous_values_reg[1][25]
  -------------------------------------------------------------------
                         required time                         14.725    
                         arrival time                          -8.698    
  -------------------------------------------------------------------
                         slack                                  6.027    

Slack (MET) :             6.027ns  (required time - arrival time)
  Source:                 config_done_reg/C
                            (rising edge-triggered cell FDRE clocked by clk  {rise@0.000ns fall@5.000ns period=10.000ns})
  Destination:            cusum_inst/st_selector/previous_values_reg[1][31]/CLR
                            (recovery check against rising-edge clock clk  {rise@0.000ns fall@5.000ns period=10.000ns})
  Path Group:             **async_default**
  Path Type:              Recovery (Max at Slow Process Corner)
  Requirement:            10.000ns  (clk rise@10.000ns - clk rise@0.000ns)
  Data Path Delay:        3.295ns  (logic 0.576ns (17.480%)  route 2.719ns (82.520%))
  Logic Levels:           1  (LUT2=1)
  Clock Path Skew:        -0.034ns (DCD - SCD + CPR)
    Destination Clock Delay (DCD):    5.101ns = ( 15.101 - 10.000 ) 
    Source Clock Delay      (SCD):    5.403ns
    Clock Pessimism Removal (CPR):    0.267ns
  Clock Uncertainty:      0.035ns  ((TSJ^2 + TIJ^2)^1/2 + DJ) / 2 + PE
    Total System Jitter     (TSJ):    0.071ns
    Total Input Jitter      (TIJ):    0.000ns
    Discrete Jitter          (DJ):    0.000ns
    Phase Error              (PE):    0.000ns

    Location             Delay type                Incr(ns)  Path(ns)    Netlist Resource(s)
  -------------------------------------------------------------------    -------------------
                         (clock clk rise edge)        0.000     0.000 r  
    E3                                                0.000     0.000 r  clk (IN)
                         net (fo=0)                   0.000     0.000    clk
    E3                   IBUF (Prop_ibuf_I_O)         1.482     1.482 r  clk_IBUF_inst/O
                         net (fo=1, routed)           2.025     3.506    clk_IBUF
    BUFGCTRL_X0Y16       BUFG (Prop_bufg_I_O)         0.096     3.602 r  clk_IBUF_BUFG_inst/O
                         net (fo=25802, routed)       1.800     5.403    clk_IBUF_BUFG
    SLICE_X39Y30         FDRE                                         r  config_done_reg/C
  -------------------------------------------------------------------    -------------------
    SLICE_X39Y30         FDRE (Prop_fdre_C_Q)         0.456     5.859 r  config_done_reg/Q
                         net (fo=34, routed)          1.089     6.947    cusum_inst/st_selector/previous_values_reg[0][0]_0
    SLICE_X26Y30         LUT2 (Prop_lut2_I0_O)        0.120     7.067 f  cusum_inst/st_selector/previous_values[3][31]_i_2/O
                         net (fo=141, routed)         1.630     8.698    cusum_inst/st_selector/AR[0]
    SLICE_X35Y34         FDCE                                         f  cusum_inst/st_selector/previous_values_reg[1][31]/CLR
  -------------------------------------------------------------------    -------------------

                         (clock clk rise edge)       10.000    10.000 r  
    E3                                                0.000    10.000 r  clk (IN)
                         net (fo=0)                   0.000    10.000    clk
    E3                   IBUF (Prop_ibuf_I_O)         1.411    11.411 r  clk_IBUF_inst/O
                         net (fo=1, routed)           1.920    13.331    clk_IBUF
    BUFGCTRL_X0Y16       BUFG (Prop_bufg_I_O)         0.091    13.422 r  clk_IBUF_BUFG_inst/O
                         net (fo=25802, routed)       1.679    15.101    cusum_inst/st_selector/clk_IBUF_BUFG
    SLICE_X35Y34         FDCE                                         r  cusum_inst/st_selector/previous_values_reg[1][31]/C
                         clock pessimism              0.267    15.369    
                         clock uncertainty           -0.035    15.333    
    SLICE_X35Y34         FDCE (Recov_fdce_C_CLR)     -0.608    14.725    cusum_inst/st_selector/previous_values_reg[1][31]
  -------------------------------------------------------------------
                         required time                         14.725    
                         arrival time                          -8.698    
  -------------------------------------------------------------------
                         slack                                  6.027    





Min Delay Paths
--------------------------------------------------------------------------------------
Slack (MET) :             1.093ns  (arrival time - required time)
  Source:                 config_done_reg/C
                            (rising edge-triggered cell FDRE clocked by clk  {rise@0.000ns fall@5.000ns period=10.000ns})
  Destination:            cusum_inst/st_selector/state_reg/CLR
                            (removal check against rising-edge clock clk  {rise@0.000ns fall@5.000ns period=10.000ns})
  Path Group:             **async_default**
  Path Type:              Removal (Min at Fast Process Corner)
  Requirement:            0.000ns  (clk rise@0.000ns - clk rise@0.000ns)
  Data Path Delay:        0.975ns  (logic 0.192ns (19.697%)  route 0.783ns (80.303%))
  Logic Levels:           1  (LUT2=1)
  Clock Path Skew:        0.039ns (DCD - SCD - CPR)
    Destination Clock Delay (DCD):    2.068ns
    Source Clock Delay      (SCD):    1.546ns
    Clock Pessimism Removal (CPR):    0.483ns

    Location             Delay type                Incr(ns)  Path(ns)    Netlist Resource(s)
  -------------------------------------------------------------------    -------------------
                         (clock clk rise edge)        0.000     0.000 r  
    E3                                                0.000     0.000 r  clk (IN)
                         net (fo=0)                   0.000     0.000    clk
    E3                   IBUF (Prop_ibuf_I_O)         0.250     0.250 r  clk_IBUF_inst/O
                         net (fo=1, routed)           0.644     0.894    clk_IBUF
    BUFGCTRL_X0Y16       BUFG (Prop_bufg_I_O)         0.026     0.920 r  clk_IBUF_BUFG_inst/O
                         net (fo=25802, routed)       0.626     1.546    clk_IBUF_BUFG
    SLICE_X39Y30         FDRE                                         r  config_done_reg/C
  -------------------------------------------------------------------    -------------------
    SLICE_X39Y30         FDRE (Prop_fdre_C_Q)         0.141     1.687 r  config_done_reg/Q
                         net (fo=34, routed)          0.445     2.132    cusum_inst/st_selector/previous_values_reg[0][0]_0
    SLICE_X26Y30         LUT2 (Prop_lut2_I0_O)        0.051     2.183 f  cusum_inst/st_selector/previous_values[3][31]_i_2/O
                         net (fo=141, routed)         0.338     2.521    cusum_inst/st_selector/AR[0]
    SLICE_X32Y31         FDCE                                         f  cusum_inst/st_selector/state_reg/CLR
  -------------------------------------------------------------------    -------------------

                         (clock clk rise edge)        0.000     0.000 r  
    E3                                                0.000     0.000 r  clk (IN)
                         net (fo=0)                   0.000     0.000    clk
    E3                   IBUF (Prop_ibuf_I_O)         0.438     0.438 r  clk_IBUF_inst/O
                         net (fo=1, routed)           0.699     1.136    clk_IBUF
    BUFGCTRL_X0Y16       BUFG (Prop_bufg_I_O)         0.029     1.165 r  clk_IBUF_BUFG_inst/O
                         net (fo=25802, routed)       0.903     2.068    cusum_inst/st_selector/clk_IBUF_BUFG
    SLICE_X32Y31         FDCE                                         r  cusum_inst/st_selector/state_reg/C
                         clock pessimism             -0.483     1.585    
    SLICE_X32Y31         FDCE (Remov_fdce_C_CLR)     -0.157     1.428    cusum_inst/st_selector/state_reg
  -------------------------------------------------------------------
                         required time                         -1.428    
                         arrival time                           2.521    
  -------------------------------------------------------------------
                         slack                                  1.093    

Slack (MET) :             1.104ns  (arrival time - required time)
  Source:                 config_done_reg/C
                            (rising edge-triggered cell FDRE clocked by clk  {rise@0.000ns fall@5.000ns period=10.000ns})
  Destination:            cusum_inst/st_selector/previous_values_reg[1][22]/CLR
                            (removal check against rising-edge clock clk  {rise@0.000ns fall@5.000ns period=10.000ns})
  Path Group:             **async_default**
  Path Type:              Removal (Min at Fast Process Corner)
  Requirement:            0.000ns  (clk rise@0.000ns - clk rise@0.000ns)
  Data Path Delay:        0.986ns  (logic 0.192ns (19.482%)  route 0.794ns (80.518%))
  Logic Levels:           1  (LUT2=1)
  Clock Path Skew:        0.039ns (DCD - SCD - CPR)
    Destination Clock Delay (DCD):    2.068ns
    Source Clock Delay      (SCD):    1.546ns
    Clock Pessimism Removal (CPR):    0.483ns

    Location             Delay type                Incr(ns)  Path(ns)    Netlist Resource(s)
  -------------------------------------------------------------------    -------------------
                         (clock clk rise edge)        0.000     0.000 r  
    E3                                                0.000     0.000 r  clk (IN)
                         net (fo=0)                   0.000     0.000    clk
    E3                   IBUF (Prop_ibuf_I_O)         0.250     0.250 r  clk_IBUF_inst/O
                         net (fo=1, routed)           0.644     0.894    clk_IBUF
    BUFGCTRL_X0Y16       BUFG (Prop_bufg_I_O)         0.026     0.920 r  clk_IBUF_BUFG_inst/O
                         net (fo=25802, routed)       0.626     1.546    clk_IBUF_BUFG
    SLICE_X39Y30         FDRE                                         r  config_done_reg/C
  -------------------------------------------------------------------    -------------------
    SLICE_X39Y30         FDRE (Prop_fdre_C_Q)         0.141     1.687 r  config_done_reg/Q
                         net (fo=34, routed)          0.445     2.132    cusum_inst/st_selector/previous_values_reg[0][0]_0
    SLICE_X26Y30         LUT2 (Prop_lut2_I0_O)        0.051     2.183 f  cusum_inst/st_selector/previous_values[3][31]_i_2/O
                         net (fo=141, routed)         0.349     2.531    cusum_inst/st_selector/AR[0]
    SLICE_X31Y31         FDCE                                         f  cusum_inst/st_selector/previous_values_reg[1][22]/CLR
  -------------------------------------------------------------------    -------------------

                         (clock clk rise edge)        0.000     0.000 r  
    E3                                                0.000     0.000 r  clk (IN)
                         net (fo=0)                   0.000     0.000    clk
    E3                   IBUF (Prop_ibuf_I_O)         0.438     0.438 r  clk_IBUF_inst/O
                         net (fo=1, routed)           0.699     1.136    clk_IBUF
    BUFGCTRL_X0Y16       BUFG (Prop_bufg_I_O)         0.029     1.165 r  clk_IBUF_BUFG_inst/O
                         net (fo=25802, routed)       0.903     2.068    cusum_inst/st_selector/clk_IBUF_BUFG
    SLICE_X31Y31         FDCE                                         r  cusum_inst/st_selector/previous_values_reg[1][22]/C
                         clock pessimism             -0.483     1.585    
    SLICE_X31Y31         FDCE (Remov_fdce_C_CLR)     -0.157     1.428    cusum_inst/st_selector/previous_values_reg[1][22]
  -------------------------------------------------------------------
                         required time                         -1.428    
                         arrival time                           2.531    
  -------------------------------------------------------------------
                         slack                                  1.104    

Slack (MET) :             1.150ns  (arrival time - required time)
  Source:                 config_done_reg/C
                            (rising edge-triggered cell FDRE clocked by clk  {rise@0.000ns fall@5.000ns period=10.000ns})
  Destination:            cusum_inst/cusum/gn_fifo_gen[1].gn_fifo_buffer/state_reg/CLR
                            (removal check against rising-edge clock clk  {rise@0.000ns fall@5.000ns period=10.000ns})
  Path Group:             **async_default**
  Path Type:              Removal (Min at Fast Process Corner)
  Requirement:            0.000ns  (clk rise@0.000ns - clk rise@0.000ns)
  Data Path Delay:        1.030ns  (logic 0.192ns (18.645%)  route 0.838ns (81.355%))
  Logic Levels:           1  (LUT2=1)
  Clock Path Skew:        0.037ns (DCD - SCD - CPR)
    Destination Clock Delay (DCD):    2.066ns
    Source Clock Delay      (SCD):    1.546ns
    Clock Pessimism Removal (CPR):    0.483ns

    Location             Delay type                Incr(ns)  Path(ns)    Netlist Resource(s)
  -------------------------------------------------------------------    -------------------
                         (clock clk rise edge)        0.000     0.000 r  
    E3                                                0.000     0.000 r  clk (IN)
                         net (fo=0)                   0.000     0.000    clk
    E3                   IBUF (Prop_ibuf_I_O)         0.250     0.250 r  clk_IBUF_inst/O
                         net (fo=1, routed)           0.644     0.894    clk_IBUF
    BUFGCTRL_X0Y16       BUFG (Prop_bufg_I_O)         0.026     0.920 r  clk_IBUF_BUFG_inst/O
                         net (fo=25802, routed)       0.626     1.546    clk_IBUF_BUFG
    SLICE_X39Y30         FDRE                                         r  config_done_reg/C
  -------------------------------------------------------------------    -------------------
    SLICE_X39Y30         FDRE (Prop_fdre_C_Q)         0.141     1.687 r  config_done_reg/Q
                         net (fo=34, routed)          0.445     2.132    cusum_inst/st_selector/previous_values_reg[0][0]_0
    SLICE_X26Y30         LUT2 (Prop_lut2_I0_O)        0.051     2.183 f  cusum_inst/st_selector/previous_values[3][31]_i_2/O
                         net (fo=141, routed)         0.393     2.576    cusum_inst/cusum/gn_fifo_gen[1].gn_fifo_buffer/state_reg_3
    SLICE_X23Y23         FDCE                                         f  cusum_inst/cusum/gn_fifo_gen[1].gn_fifo_buffer/state_reg/CLR
  -------------------------------------------------------------------    -------------------

                         (clock clk rise edge)        0.000     0.000 r  
    E3                                                0.000     0.000 r  clk (IN)
                         net (fo=0)                   0.000     0.000    clk
    E3                   IBUF (Prop_ibuf_I_O)         0.438     0.438 r  clk_IBUF_inst/O
                         net (fo=1, routed)           0.699     1.136    clk_IBUF
    BUFGCTRL_X0Y16       BUFG (Prop_bufg_I_O)         0.029     1.165 r  clk_IBUF_BUFG_inst/O
                         net (fo=25802, routed)       0.901     2.066    cusum_inst/cusum/gn_fifo_gen[1].gn_fifo_buffer/clk_IBUF_BUFG
    SLICE_X23Y23         FDCE                                         r  cusum_inst/cusum/gn_fifo_gen[1].gn_fifo_buffer/state_reg/C
                         clock pessimism             -0.483     1.583    
    SLICE_X23Y23         FDCE (Remov_fdce_C_CLR)     -0.157     1.426    cusum_inst/cusum/gn_fifo_gen[1].gn_fifo_buffer/state_reg
  -------------------------------------------------------------------
                         required time                         -1.426    
                         arrival time                           2.576    
  -------------------------------------------------------------------
                         slack                                  1.150    

Slack (MET) :             1.150ns  (arrival time - required time)
  Source:                 config_done_reg/C
                            (rising edge-triggered cell FDRE clocked by clk  {rise@0.000ns fall@5.000ns period=10.000ns})
  Destination:            cusum_inst/cusum/gn_fifo_gen[3].gn_fifo_buffer/state_reg/CLR
                            (removal check against rising-edge clock clk  {rise@0.000ns fall@5.000ns period=10.000ns})
  Path Group:             **async_default**
  Path Type:              Removal (Min at Fast Process Corner)
  Requirement:            0.000ns  (clk rise@0.000ns - clk rise@0.000ns)
  Data Path Delay:        1.030ns  (logic 0.192ns (18.645%)  route 0.838ns (81.355%))
  Logic Levels:           1  (LUT2=1)
  Clock Path Skew:        0.037ns (DCD - SCD - CPR)
    Destination Clock Delay (DCD):    2.066ns
    Source Clock Delay      (SCD):    1.546ns
    Clock Pessimism Removal (CPR):    0.483ns

    Location             Delay type                Incr(ns)  Path(ns)    Netlist Resource(s)
  -------------------------------------------------------------------    -------------------
                         (clock clk rise edge)        0.000     0.000 r  
    E3                                                0.000     0.000 r  clk (IN)
                         net (fo=0)                   0.000     0.000    clk
    E3                   IBUF (Prop_ibuf_I_O)         0.250     0.250 r  clk_IBUF_inst/O
                         net (fo=1, routed)           0.644     0.894    clk_IBUF
    BUFGCTRL_X0Y16       BUFG (Prop_bufg_I_O)         0.026     0.920 r  clk_IBUF_BUFG_inst/O
                         net (fo=25802, routed)       0.626     1.546    clk_IBUF_BUFG
    SLICE_X39Y30         FDRE                                         r  config_done_reg/C
  -------------------------------------------------------------------    -------------------
    SLICE_X39Y30         FDRE (Prop_fdre_C_Q)         0.141     1.687 r  config_done_reg/Q
                         net (fo=34, routed)          0.445     2.132    cusum_inst/st_selector/previous_values_reg[0][0]_0
    SLICE_X26Y30         LUT2 (Prop_lut2_I0_O)        0.051     2.183 f  cusum_inst/st_selector/previous_values[3][31]_i_2/O
                         net (fo=141, routed)         0.393     2.576    cusum_inst/cusum/gn_fifo_gen[3].gn_fifo_buffer/state_reg_2
    SLICE_X23Y23         FDCE                                         f  cusum_inst/cusum/gn_fifo_gen[3].gn_fifo_buffer/state_reg/CLR
  -------------------------------------------------------------------    -------------------

                         (clock clk rise edge)        0.000     0.000 r  
    E3                                                0.000     0.000 r  clk (IN)
                         net (fo=0)                   0.000     0.000    clk
    E3                   IBUF (Prop_ibuf_I_O)         0.438     0.438 r  clk_IBUF_inst/O
                         net (fo=1, routed)           0.699     1.136    clk_IBUF
    BUFGCTRL_X0Y16       BUFG (Prop_bufg_I_O)         0.029     1.165 r  clk_IBUF_BUFG_inst/O
                         net (fo=25802, routed)       0.901     2.066    cusum_inst/cusum/gn_fifo_gen[3].gn_fifo_buffer/clk_IBUF_BUFG
    SLICE_X23Y23         FDCE                                         r  cusum_inst/cusum/gn_fifo_gen[3].gn_fifo_buffer/state_reg/C
                         clock pessimism             -0.483     1.583    
    SLICE_X23Y23         FDCE (Remov_fdce_C_CLR)     -0.157     1.426    cusum_inst/cusum/gn_fifo_gen[3].gn_fifo_buffer/state_reg
  -------------------------------------------------------------------
                         required time                         -1.426    
                         arrival time                           2.576    
  -------------------------------------------------------------------
                         slack                                  1.150    

Slack (MET) :             1.153ns  (arrival time - required time)
  Source:                 config_done_reg/C
                            (rising edge-triggered cell FDRE clocked by clk  {rise@0.000ns fall@5.000ns period=10.000ns})
  Destination:            cusum_inst/st_selector/previous_values_reg[0][10]/CLR
                            (removal check against rising-edge clock clk  {rise@0.000ns fall@5.000ns period=10.000ns})
  Path Group:             **async_default**
  Path Type:              Removal (Min at Fast Process Corner)
  Requirement:            0.000ns  (clk rise@0.000ns - clk rise@0.000ns)
  Data Path Delay:        1.061ns  (logic 0.192ns (18.101%)  route 0.869ns (81.899%))
  Logic Levels:           1  (LUT2=1)
  Clock Path Skew:        0.040ns (DCD - SCD - CPR)
    Destination Clock Delay (DCD):    2.069ns
    Source Clock Delay      (SCD):    1.546ns
    Clock Pessimism Removal (CPR):    0.483ns

    Location             Delay type                Incr(ns)  Path(ns)    Netlist Resource(s)
  -------------------------------------------------------------------    -------------------
                         (clock clk rise edge)        0.000     0.000 r  
    E3                                                0.000     0.000 r  clk (IN)
                         net (fo=0)                   0.000     0.000    clk
    E3                   IBUF (Prop_ibuf_I_O)         0.250     0.250 r  clk_IBUF_inst/O
                         net (fo=1, routed)           0.644     0.894    clk_IBUF
    BUFGCTRL_X0Y16       BUFG (Prop_bufg_I_O)         0.026     0.920 r  clk_IBUF_BUFG_inst/O
                         net (fo=25802, routed)       0.626     1.546    clk_IBUF_BUFG
    SLICE_X39Y30         FDRE                                         r  config_done_reg/C
  -------------------------------------------------------------------    -------------------
    SLICE_X39Y30         FDRE (Prop_fdre_C_Q)         0.141     1.687 r  config_done_reg/Q
                         net (fo=34, routed)          0.445     2.132    cusum_inst/st_selector/previous_values_reg[0][0]_0
    SLICE_X26Y30         LUT2 (Prop_lut2_I0_O)        0.051     2.183 f  cusum_inst/st_selector/previous_values[3][31]_i_2/O
                         net (fo=141, routed)         0.424     2.607    cusum_inst/st_selector/AR[0]
    SLICE_X30Y32         FDCE                                         f  cusum_inst/st_selector/previous_values_reg[0][10]/CLR
  -------------------------------------------------------------------    -------------------

                         (clock clk rise edge)        0.000     0.000 r  
    E3                                                0.000     0.000 r  clk (IN)
                         net (fo=0)                   0.000     0.000    clk
    E3                   IBUF (Prop_ibuf_I_O)         0.438     0.438 r  clk_IBUF_inst/O
                         net (fo=1, routed)           0.699     1.136    clk_IBUF
    BUFGCTRL_X0Y16       BUFG (Prop_bufg_I_O)         0.029     1.165 r  clk_IBUF_BUFG_inst/O
                         net (fo=25802, routed)       0.904     2.069    cusum_inst/st_selector/clk_IBUF_BUFG
    SLICE_X30Y32         FDCE                                         r  cusum_inst/st_selector/previous_values_reg[0][10]/C
                         clock pessimism             -0.483     1.586    
    SLICE_X30Y32         FDCE (Remov_fdce_C_CLR)     -0.132     1.454    cusum_inst/st_selector/previous_values_reg[0][10]
  -------------------------------------------------------------------
                         required time                         -1.454    
                         arrival time                           2.607    
  -------------------------------------------------------------------
                         slack                                  1.153    

Slack (MET) :             1.153ns  (arrival time - required time)
  Source:                 config_done_reg/C
                            (rising edge-triggered cell FDRE clocked by clk  {rise@0.000ns fall@5.000ns period=10.000ns})
  Destination:            cusum_inst/st_selector/previous_values_reg[0][11]/CLR
                            (removal check against rising-edge clock clk  {rise@0.000ns fall@5.000ns period=10.000ns})
  Path Group:             **async_default**
  Path Type:              Removal (Min at Fast Process Corner)
  Requirement:            0.000ns  (clk rise@0.000ns - clk rise@0.000ns)
  Data Path Delay:        1.061ns  (logic 0.192ns (18.101%)  route 0.869ns (81.899%))
  Logic Levels:           1  (LUT2=1)
  Clock Path Skew:        0.040ns (DCD - SCD - CPR)
    Destination Clock Delay (DCD):    2.069ns
    Source Clock Delay      (SCD):    1.546ns
    Clock Pessimism Removal (CPR):    0.483ns

    Location             Delay type                Incr(ns)  Path(ns)    Netlist Resource(s)
  -------------------------------------------------------------------    -------------------
                         (clock clk rise edge)        0.000     0.000 r  
    E3                                                0.000     0.000 r  clk (IN)
                         net (fo=0)                   0.000     0.000    clk
    E3                   IBUF (Prop_ibuf_I_O)         0.250     0.250 r  clk_IBUF_inst/O
                         net (fo=1, routed)           0.644     0.894    clk_IBUF
    BUFGCTRL_X0Y16       BUFG (Prop_bufg_I_O)         0.026     0.920 r  clk_IBUF_BUFG_inst/O
                         net (fo=25802, routed)       0.626     1.546    clk_IBUF_BUFG
    SLICE_X39Y30         FDRE                                         r  config_done_reg/C
  -------------------------------------------------------------------    -------------------
    SLICE_X39Y30         FDRE (Prop_fdre_C_Q)         0.141     1.687 r  config_done_reg/Q
                         net (fo=34, routed)          0.445     2.132    cusum_inst/st_selector/previous_values_reg[0][0]_0
    SLICE_X26Y30         LUT2 (Prop_lut2_I0_O)        0.051     2.183 f  cusum_inst/st_selector/previous_values[3][31]_i_2/O
                         net (fo=141, routed)         0.424     2.607    cusum_inst/st_selector/AR[0]
    SLICE_X30Y32         FDCE                                         f  cusum_inst/st_selector/previous_values_reg[0][11]/CLR
  -------------------------------------------------------------------    -------------------

                         (clock clk rise edge)        0.000     0.000 r  
    E3                                                0.000     0.000 r  clk (IN)
                         net (fo=0)                   0.000     0.000    clk
    E3                   IBUF (Prop_ibuf_I_O)         0.438     0.438 r  clk_IBUF_inst/O
                         net (fo=1, routed)           0.699     1.136    clk_IBUF
    BUFGCTRL_X0Y16       BUFG (Prop_bufg_I_O)         0.029     1.165 r  clk_IBUF_BUFG_inst/O
                         net (fo=25802, routed)       0.904     2.069    cusum_inst/st_selector/clk_IBUF_BUFG
    SLICE_X30Y32         FDCE                                         r  cusum_inst/st_selector/previous_values_reg[0][11]/C
                         clock pessimism             -0.483     1.586    
    SLICE_X30Y32         FDCE (Remov_fdce_C_CLR)     -0.132     1.454    cusum_inst/st_selector/previous_values_reg[0][11]
  -------------------------------------------------------------------
                         required time                         -1.454    
                         arrival time                           2.607    
  -------------------------------------------------------------------
                         slack                                  1.153    

Slack (MET) :             1.153ns  (arrival time - required time)
  Source:                 config_done_reg/C
                            (rising edge-triggered cell FDRE clocked by clk  {rise@0.000ns fall@5.000ns period=10.000ns})
  Destination:            cusum_inst/st_selector/previous_values_reg[0][17]/CLR
                            (removal check against rising-edge clock clk  {rise@0.000ns fall@5.000ns period=10.000ns})
  Path Group:             **async_default**
  Path Type:              Removal (Min at Fast Process Corner)
  Requirement:            0.000ns  (clk rise@0.000ns - clk rise@0.000ns)
  Data Path Delay:        1.061ns  (logic 0.192ns (18.101%)  route 0.869ns (81.899%))
  Logic Levels:           1  (LUT2=1)
  Clock Path Skew:        0.040ns (DCD - SCD - CPR)
    Destination Clock Delay (DCD):    2.069ns
    Source Clock Delay      (SCD):    1.546ns
    Clock Pessimism Removal (CPR):    0.483ns

    Location             Delay type                Incr(ns)  Path(ns)    Netlist Resource(s)
  -------------------------------------------------------------------    -------------------
                         (clock clk rise edge)        0.000     0.000 r  
    E3                                                0.000     0.000 r  clk (IN)
                         net (fo=0)                   0.000     0.000    clk
    E3                   IBUF (Prop_ibuf_I_O)         0.250     0.250 r  clk_IBUF_inst/O
                         net (fo=1, routed)           0.644     0.894    clk_IBUF
    BUFGCTRL_X0Y16       BUFG (Prop_bufg_I_O)         0.026     0.920 r  clk_IBUF_BUFG_inst/O
                         net (fo=25802, routed)       0.626     1.546    clk_IBUF_BUFG
    SLICE_X39Y30         FDRE                                         r  config_done_reg/C
  -------------------------------------------------------------------    -------------------
    SLICE_X39Y30         FDRE (Prop_fdre_C_Q)         0.141     1.687 r  config_done_reg/Q
                         net (fo=34, routed)          0.445     2.132    cusum_inst/st_selector/previous_values_reg[0][0]_0
    SLICE_X26Y30         LUT2 (Prop_lut2_I0_O)        0.051     2.183 f  cusum_inst/st_selector/previous_values[3][31]_i_2/O
                         net (fo=141, routed)         0.424     2.607    cusum_inst/st_selector/AR[0]
    SLICE_X30Y32         FDCE                                         f  cusum_inst/st_selector/previous_values_reg[0][17]/CLR
  -------------------------------------------------------------------    -------------------

                         (clock clk rise edge)        0.000     0.000 r  
    E3                                                0.000     0.000 r  clk (IN)
                         net (fo=0)                   0.000     0.000    clk
    E3                   IBUF (Prop_ibuf_I_O)         0.438     0.438 r  clk_IBUF_inst/O
                         net (fo=1, routed)           0.699     1.136    clk_IBUF
    BUFGCTRL_X0Y16       BUFG (Prop_bufg_I_O)         0.029     1.165 r  clk_IBUF_BUFG_inst/O
                         net (fo=25802, routed)       0.904     2.069    cusum_inst/st_selector/clk_IBUF_BUFG
    SLICE_X30Y32         FDCE                                         r  cusum_inst/st_selector/previous_values_reg[0][17]/C
                         clock pessimism             -0.483     1.586    
    SLICE_X30Y32         FDCE (Remov_fdce_C_CLR)     -0.132     1.454    cusum_inst/st_selector/previous_values_reg[0][17]
  -------------------------------------------------------------------
                         required time                         -1.454    
                         arrival time                           2.607    
  -------------------------------------------------------------------
                         slack                                  1.153    

Slack (MET) :             1.154ns  (arrival time - required time)
  Source:                 config_done_reg/C
                            (rising edge-triggered cell FDRE clocked by clk  {rise@0.000ns fall@5.000ns period=10.000ns})
  Destination:            cusum_inst/cusum/gn_fifo_gen[2].gn_fifo_buffer/state_reg/CLR
                            (removal check against rising-edge clock clk  {rise@0.000ns fall@5.000ns period=10.000ns})
  Path Group:             **async_default**
  Path Type:              Removal (Min at Fast Process Corner)
  Requirement:            0.000ns  (clk rise@0.000ns - clk rise@0.000ns)
  Data Path Delay:        1.034ns  (logic 0.192ns (18.567%)  route 0.842ns (81.433%))
  Logic Levels:           1  (LUT2=1)
  Clock Path Skew:        0.037ns (DCD - SCD - CPR)
    Destination Clock Delay (DCD):    2.066ns
    Source Clock Delay      (SCD):    1.546ns
    Clock Pessimism Removal (CPR):    0.483ns

    Location             Delay type                Incr(ns)  Path(ns)    Netlist Resource(s)
  -------------------------------------------------------------------    -------------------
                         (clock clk rise edge)        0.000     0.000 r  
    E3                                                0.000     0.000 r  clk (IN)
                         net (fo=0)                   0.000     0.000    clk
    E3                   IBUF (Prop_ibuf_I_O)         0.250     0.250 r  clk_IBUF_inst/O
                         net (fo=1, routed)           0.644     0.894    clk_IBUF
    BUFGCTRL_X0Y16       BUFG (Prop_bufg_I_O)         0.026     0.920 r  clk_IBUF_BUFG_inst/O
                         net (fo=25802, routed)       0.626     1.546    clk_IBUF_BUFG
    SLICE_X39Y30         FDRE                                         r  config_done_reg/C
  -------------------------------------------------------------------    -------------------
    SLICE_X39Y30         FDRE (Prop_fdre_C_Q)         0.141     1.687 r  config_done_reg/Q
                         net (fo=34, routed)          0.445     2.132    cusum_inst/st_selector/previous_values_reg[0][0]_0
    SLICE_X26Y30         LUT2 (Prop_lut2_I0_O)        0.051     2.183 f  cusum_inst/st_selector/previous_values[3][31]_i_2/O
                         net (fo=141, routed)         0.397     2.580    cusum_inst/cusum/gn_fifo_gen[2].gn_fifo_buffer/state_reg_2
    SLICE_X22Y23         FDCE                                         f  cusum_inst/cusum/gn_fifo_gen[2].gn_fifo_buffer/state_reg/CLR
  -------------------------------------------------------------------    -------------------

                         (clock clk rise edge)        0.000     0.000 r  
    E3                                                0.000     0.000 r  clk (IN)
                         net (fo=0)                   0.000     0.000    clk
    E3                   IBUF (Prop_ibuf_I_O)         0.438     0.438 r  clk_IBUF_inst/O
                         net (fo=1, routed)           0.699     1.136    clk_IBUF
    BUFGCTRL_X0Y16       BUFG (Prop_bufg_I_O)         0.029     1.165 r  clk_IBUF_BUFG_inst/O
                         net (fo=25802, routed)       0.901     2.066    cusum_inst/cusum/gn_fifo_gen[2].gn_fifo_buffer/clk_IBUF_BUFG
    SLICE_X22Y23         FDCE                                         r  cusum_inst/cusum/gn_fifo_gen[2].gn_fifo_buffer/state_reg/C
                         clock pessimism             -0.483     1.583    
    SLICE_X22Y23         FDCE (Remov_fdce_C_CLR)     -0.157     1.426    cusum_inst/cusum/gn_fifo_gen[2].gn_fifo_buffer/state_reg
  -------------------------------------------------------------------
                         required time                         -1.426    
                         arrival time                           2.580    
  -------------------------------------------------------------------
                         slack                                  1.154    

Slack (MET) :             1.158ns  (arrival time - required time)
  Source:                 config_done_reg/C
                            (rising edge-triggered cell FDRE clocked by clk  {rise@0.000ns fall@5.000ns period=10.000ns})
  Destination:            cusum_inst/st_selector/previous_values_reg[1][0]/CLR
                            (removal check against rising-edge clock clk  {rise@0.000ns fall@5.000ns period=10.000ns})
  Path Group:             **async_default**
  Path Type:              Removal (Min at Fast Process Corner)
  Requirement:            0.000ns  (clk rise@0.000ns - clk rise@0.000ns)
  Data Path Delay:        1.041ns  (logic 0.192ns (18.441%)  route 0.849ns (81.559%))
  Logic Levels:           1  (LUT2=1)
  Clock Path Skew:        0.040ns (DCD - SCD - CPR)
    Destination Clock Delay (DCD):    2.069ns
    Source Clock Delay      (SCD):    1.546ns
    Clock Pessimism Removal (CPR):    0.483ns

    Location             Delay type                Incr(ns)  Path(ns)    Netlist Resource(s)
  -------------------------------------------------------------------    -------------------
                         (clock clk rise edge)        0.000     0.000 r  
    E3                                                0.000     0.000 r  clk (IN)
                         net (fo=0)                   0.000     0.000    clk
    E3                   IBUF (Prop_ibuf_I_O)         0.250     0.250 r  clk_IBUF_inst/O
                         net (fo=1, routed)           0.644     0.894    clk_IBUF
    BUFGCTRL_X0Y16       BUFG (Prop_bufg_I_O)         0.026     0.920 r  clk_IBUF_BUFG_inst/O
                         net (fo=25802, routed)       0.626     1.546    clk_IBUF_BUFG
    SLICE_X39Y30         FDRE                                         r  config_done_reg/C
  -------------------------------------------------------------------    -------------------
    SLICE_X39Y30         FDRE (Prop_fdre_C_Q)         0.141     1.687 r  config_done_reg/Q
                         net (fo=34, routed)          0.445     2.132    cusum_inst/st_selector/previous_values_reg[0][0]_0
    SLICE_X26Y30         LUT2 (Prop_lut2_I0_O)        0.051     2.183 f  cusum_inst/st_selector/previous_values[3][31]_i_2/O
                         net (fo=141, routed)         0.404     2.587    cusum_inst/st_selector/AR[0]
    SLICE_X33Y32         FDCE                                         f  cusum_inst/st_selector/previous_values_reg[1][0]/CLR
  -------------------------------------------------------------------    -------------------

                         (clock clk rise edge)        0.000     0.000 r  
    E3                                                0.000     0.000 r  clk (IN)
                         net (fo=0)                   0.000     0.000    clk
    E3                   IBUF (Prop_ibuf_I_O)         0.438     0.438 r  clk_IBUF_inst/O
                         net (fo=1, routed)           0.699     1.136    clk_IBUF
    BUFGCTRL_X0Y16       BUFG (Prop_bufg_I_O)         0.029     1.165 r  clk_IBUF_BUFG_inst/O
                         net (fo=25802, routed)       0.904     2.069    cusum_inst/st_selector/clk_IBUF_BUFG
    SLICE_X33Y32         FDCE                                         r  cusum_inst/st_selector/previous_values_reg[1][0]/C
                         clock pessimism             -0.483     1.586    
    SLICE_X33Y32         FDCE (Remov_fdce_C_CLR)     -0.157     1.429    cusum_inst/st_selector/previous_values_reg[1][0]
  -------------------------------------------------------------------
                         required time                         -1.429    
                         arrival time                           2.587    
  -------------------------------------------------------------------
                         slack                                  1.158    

Slack (MET) :             1.158ns  (arrival time - required time)
  Source:                 config_done_reg/C
                            (rising edge-triggered cell FDRE clocked by clk  {rise@0.000ns fall@5.000ns period=10.000ns})
  Destination:            cusum_inst/st_selector/previous_values_reg[1][24]/CLR
                            (removal check against rising-edge clock clk  {rise@0.000ns fall@5.000ns period=10.000ns})
  Path Group:             **async_default**
  Path Type:              Removal (Min at Fast Process Corner)
  Requirement:            0.000ns  (clk rise@0.000ns - clk rise@0.000ns)
  Data Path Delay:        1.041ns  (logic 0.192ns (18.441%)  route 0.849ns (81.559%))
  Logic Levels:           1  (LUT2=1)
  Clock Path Skew:        0.040ns (DCD - SCD - CPR)
    Destination Clock Delay (DCD):    2.069ns
    Source Clock Delay      (SCD):    1.546ns
    Clock Pessimism Removal (CPR):    0.483ns

    Location             Delay type                Incr(ns)  Path(ns)    Netlist Resource(s)
  -------------------------------------------------------------------    -------------------
                         (clock clk rise edge)        0.000     0.000 r  
    E3                                                0.000     0.000 r  clk (IN)
                         net (fo=0)                   0.000     0.000    clk
    E3                   IBUF (Prop_ibuf_I_O)         0.250     0.250 r  clk_IBUF_inst/O
                         net (fo=1, routed)           0.644     0.894    clk_IBUF
    BUFGCTRL_X0Y16       BUFG (Prop_bufg_I_O)         0.026     0.920 r  clk_IBUF_BUFG_inst/O
                         net (fo=25802, routed)       0.626     1.546    clk_IBUF_BUFG
    SLICE_X39Y30         FDRE                                         r  config_done_reg/C
  -------------------------------------------------------------------    -------------------
    SLICE_X39Y30         FDRE (Prop_fdre_C_Q)         0.141     1.687 r  config_done_reg/Q
                         net (fo=34, routed)          0.445     2.132    cusum_inst/st_selector/previous_values_reg[0][0]_0
    SLICE_X26Y30         LUT2 (Prop_lut2_I0_O)        0.051     2.183 f  cusum_inst/st_selector/previous_values[3][31]_i_2/O
                         net (fo=141, routed)         0.404     2.587    cusum_inst/st_selector/AR[0]
    SLICE_X33Y32         FDCE                                         f  cusum_inst/st_selector/previous_values_reg[1][24]/CLR
  -------------------------------------------------------------------    -------------------

                         (clock clk rise edge)        0.000     0.000 r  
    E3                                                0.000     0.000 r  clk (IN)
                         net (fo=0)                   0.000     0.000    clk
    E3                   IBUF (Prop_ibuf_I_O)         0.438     0.438 r  clk_IBUF_inst/O
                         net (fo=1, routed)           0.699     1.136    clk_IBUF
    BUFGCTRL_X0Y16       BUFG (Prop_bufg_I_O)         0.029     1.165 r  clk_IBUF_BUFG_inst/O
                         net (fo=25802, routed)       0.904     2.069    cusum_inst/st_selector/clk_IBUF_BUFG
    SLICE_X33Y32         FDCE                                         r  cusum_inst/st_selector/previous_values_reg[1][24]/C
                         clock pessimism             -0.483     1.586    
    SLICE_X33Y32         FDCE (Remov_fdce_C_CLR)     -0.157     1.429    cusum_inst/st_selector/previous_values_reg[1][24]
  -------------------------------------------------------------------
                         required time                         -1.429    
                         arrival time                           2.587    
  -------------------------------------------------------------------
                         slack                                  1.158    





--------------------------------------------------------------------------------------
Path Group:  (none)
From Clock:  
  To Clock:  clk

Max Delay            54 Endpoints
Min Delay            54 Endpoints
--------------------------------------------------------------------------------------


Max Delay Paths
--------------------------------------------------------------------------------------
Slack:                    inf
  Source:                 sw[0]
                            (input port)
  Destination:            z_score_inst/mean_inst/sum_buffering_instances[0].sum_buffering_inst_i/sum_inst/fifo_inst/inst/gen_fifo.xpm_fifo_axis_inst/gaxis_rst_sync.xpm_cdc_sync_rst_inst/syncstages_ff_reg[0]/D
                            (rising edge-triggered cell FDRE clocked by clk  {rise@0.000ns fall@5.000ns period=10.000ns})
  Path Group:             (none)
  Path Type:              Setup (Max at Slow Process Corner)
  Data Path Delay:        12.520ns  (logic 1.751ns (13.982%)  route 10.770ns (86.018%))
  Logic Levels:           3  (IBUF=1 LUT1=1 LUT2=1)
  Clock Path Skew:        5.192ns (DCD - SCD + CPR)
    Destination Clock Delay (DCD):    5.192ns
    Source Clock Delay      (SCD):    0.000ns
    Clock Pessimism Removal (CPR):    0.000ns
  Clock Uncertainty:      0.025ns  ((TSJ^2 + TIJ^2)^1/2 + DJ) / 2 + PE
    Total System Jitter     (TSJ):    0.050ns
    Total Input Jitter      (TIJ):    0.000ns
    Discrete Jitter          (DJ):    0.000ns
    Phase Error              (PE):    0.000ns
  Timing Exception:       False Path

    Location             Delay type                Incr(ns)  Path(ns)    Netlist Resource(s)
  -------------------------------------------------------------------    -------------------
    J15                                               0.000     0.000 f  sw[0] (IN)
                         net (fo=0)                   0.000     0.000    sw[0]
    J15                  IBUF (Prop_ibuf_I_O)         1.478     1.478 f  sw_IBUF[0]_inst/O
                         net (fo=15, routed)          5.350     6.827    z_score_inst/std_dev_inst/sqrd_dev_inst/sum_buffering_instances[3].sum_buffering_inst_i/sum_inst/sw_IBUF[0]
    SLICE_X44Y50         LUT2 (Prop_lut2_I0_O)        0.124     6.951 f  z_score_inst/std_dev_inst/sqrd_dev_inst/sum_buffering_instances[3].sum_buffering_inst_i/sum_inst/fifo_inst_i_1__6/O
                         net (fo=73, routed)          4.468    11.420    z_score_inst/mean_inst/sum_buffering_instances[0].sum_buffering_inst_i/sum_inst/fifo_inst/inst/gen_fifo.xpm_fifo_axis_inst/s_aresetn
    SLICE_X6Y4           LUT1 (Prop_lut1_I0_O)        0.149    11.569 r  z_score_inst/mean_inst/sum_buffering_instances[0].sum_buffering_inst_i/sum_inst/fifo_inst/inst/gen_fifo.xpm_fifo_axis_inst/gaxis_rst_sync.xpm_cdc_sync_rst_inst_i_1/O
                         net (fo=1, routed)           0.952    12.520    z_score_inst/mean_inst/sum_buffering_instances[0].sum_buffering_inst_i/sum_inst/fifo_inst/inst/gen_fifo.xpm_fifo_axis_inst/gaxis_rst_sync.xpm_cdc_sync_rst_inst/src_rst
    SLICE_X5Y3           FDRE                                         r  z_score_inst/mean_inst/sum_buffering_instances[0].sum_buffering_inst_i/sum_inst/fifo_inst/inst/gen_fifo.xpm_fifo_axis_inst/gaxis_rst_sync.xpm_cdc_sync_rst_inst/syncstages_ff_reg[0]/D
  -------------------------------------------------------------------    -------------------

                         (clock clk rise edge)        0.000     0.000 r  
    E3                                                0.000     0.000 r  clk (IN)
                         net (fo=0)                   0.000     0.000    clk
    E3                   IBUF (Prop_ibuf_I_O)         1.411     1.411 r  clk_IBUF_inst/O
                         net (fo=1, routed)           1.920     3.331    clk_IBUF
    BUFGCTRL_X0Y16       BUFG (Prop_bufg_I_O)         0.091     3.422 r  clk_IBUF_BUFG_inst/O
                         net (fo=25802, routed)       1.770     5.192    z_score_inst/mean_inst/sum_buffering_instances[0].sum_buffering_inst_i/sum_inst/fifo_inst/inst/gen_fifo.xpm_fifo_axis_inst/gaxis_rst_sync.xpm_cdc_sync_rst_inst/dest_clk
    SLICE_X5Y3           FDRE                                         r  z_score_inst/mean_inst/sum_buffering_instances[0].sum_buffering_inst_i/sum_inst/fifo_inst/inst/gen_fifo.xpm_fifo_axis_inst/gaxis_rst_sync.xpm_cdc_sync_rst_inst/syncstages_ff_reg[0]/C

Slack:                    inf
  Source:                 sw[0]
                            (input port)
  Destination:            z_score_inst/std_dev_inst/sqrd_dev_inst/sum_buffering_instances[2].sum_buffering_inst_i/sum_inst/fifo_inst/inst/gen_fifo.xpm_fifo_axis_inst/gaxis_rst_sync.xpm_cdc_sync_rst_inst/syncstages_ff_reg[0]/D
                            (rising edge-triggered cell FDRE clocked by clk  {rise@0.000ns fall@5.000ns period=10.000ns})
  Path Group:             (none)
  Path Type:              Setup (Max at Slow Process Corner)
  Data Path Delay:        12.254ns  (logic 1.758ns (14.343%)  route 10.497ns (85.657%))
  Logic Levels:           3  (IBUF=1 LUT1=1 LUT2=1)
  Clock Path Skew:        5.009ns (DCD - SCD + CPR)
    Destination Clock Delay (DCD):    5.009ns
    Source Clock Delay      (SCD):    0.000ns
    Clock Pessimism Removal (CPR):    0.000ns
  Clock Uncertainty:      0.025ns  ((TSJ^2 + TIJ^2)^1/2 + DJ) / 2 + PE
    Total System Jitter     (TSJ):    0.050ns
    Total Input Jitter      (TIJ):    0.000ns
    Discrete Jitter          (DJ):    0.000ns
    Phase Error              (PE):    0.000ns
  Timing Exception:       False Path

    Location             Delay type                Incr(ns)  Path(ns)    Netlist Resource(s)
  -------------------------------------------------------------------    -------------------
    J15                                               0.000     0.000 f  sw[0] (IN)
                         net (fo=0)                   0.000     0.000    sw[0]
    J15                  IBUF (Prop_ibuf_I_O)         1.478     1.478 f  sw_IBUF[0]_inst/O
                         net (fo=15, routed)          5.350     6.827    z_score_inst/std_dev_inst/sqrd_dev_inst/sum_buffering_instances[3].sum_buffering_inst_i/sum_inst/sw_IBUF[0]
    SLICE_X44Y50         LUT2 (Prop_lut2_I0_O)        0.124     6.951 f  z_score_inst/std_dev_inst/sqrd_dev_inst/sum_buffering_instances[3].sum_buffering_inst_i/sum_inst/fifo_inst_i_1__6/O
                         net (fo=73, routed)          4.494    11.446    z_score_inst/std_dev_inst/sqrd_dev_inst/sum_buffering_instances[2].sum_buffering_inst_i/sum_inst/fifo_inst/inst/gen_fifo.xpm_fifo_axis_inst/s_aresetn
    SLICE_X8Y74          LUT1 (Prop_lut1_I0_O)        0.156    11.602 r  z_score_inst/std_dev_inst/sqrd_dev_inst/sum_buffering_instances[2].sum_buffering_inst_i/sum_inst/fifo_inst/inst/gen_fifo.xpm_fifo_axis_inst/gaxis_rst_sync.xpm_cdc_sync_rst_inst_i_1/O
                         net (fo=1, routed)           0.652    12.254    z_score_inst/std_dev_inst/sqrd_dev_inst/sum_buffering_instances[2].sum_buffering_inst_i/sum_inst/fifo_inst/inst/gen_fifo.xpm_fifo_axis_inst/gaxis_rst_sync.xpm_cdc_sync_rst_inst/src_rst
    SLICE_X5Y74          FDRE                                         r  z_score_inst/std_dev_inst/sqrd_dev_inst/sum_buffering_instances[2].sum_buffering_inst_i/sum_inst/fifo_inst/inst/gen_fifo.xpm_fifo_axis_inst/gaxis_rst_sync.xpm_cdc_sync_rst_inst/syncstages_ff_reg[0]/D
  -------------------------------------------------------------------    -------------------

                         (clock clk rise edge)        0.000     0.000 r  
    E3                                                0.000     0.000 r  clk (IN)
                         net (fo=0)                   0.000     0.000    clk
    E3                   IBUF (Prop_ibuf_I_O)         1.411     1.411 r  clk_IBUF_inst/O
                         net (fo=1, routed)           1.920     3.331    clk_IBUF
    BUFGCTRL_X0Y16       BUFG (Prop_bufg_I_O)         0.091     3.422 r  clk_IBUF_BUFG_inst/O
                         net (fo=25802, routed)       1.586     5.009    z_score_inst/std_dev_inst/sqrd_dev_inst/sum_buffering_instances[2].sum_buffering_inst_i/sum_inst/fifo_inst/inst/gen_fifo.xpm_fifo_axis_inst/gaxis_rst_sync.xpm_cdc_sync_rst_inst/dest_clk
    SLICE_X5Y74          FDRE                                         r  z_score_inst/std_dev_inst/sqrd_dev_inst/sum_buffering_instances[2].sum_buffering_inst_i/sum_inst/fifo_inst/inst/gen_fifo.xpm_fifo_axis_inst/gaxis_rst_sync.xpm_cdc_sync_rst_inst/syncstages_ff_reg[0]/C

Slack:                    inf
  Source:                 sw[0]
                            (input port)
  Destination:            z_score_inst/mean_inst/sum_buffering_instances[0].sum_buffering_inst_i/fifo_buffer_inst/inst/gen_fifo.xpm_fifo_axis_inst/gaxis_rst_sync.xpm_cdc_sync_rst_inst/syncstages_ff_reg[0]/D
                            (rising edge-triggered cell FDRE clocked by clk  {rise@0.000ns fall@5.000ns period=10.000ns})
  Path Group:             (none)
  Path Type:              Setup (Max at Slow Process Corner)
  Data Path Delay:        12.130ns  (logic 1.726ns (14.226%)  route 10.404ns (85.774%))
  Logic Levels:           3  (IBUF=1 LUT1=1 LUT2=1)
  Clock Path Skew:        5.192ns (DCD - SCD + CPR)
    Destination Clock Delay (DCD):    5.192ns
    Source Clock Delay      (SCD):    0.000ns
    Clock Pessimism Removal (CPR):    0.000ns
  Clock Uncertainty:      0.025ns  ((TSJ^2 + TIJ^2)^1/2 + DJ) / 2 + PE
    Total System Jitter     (TSJ):    0.050ns
    Total Input Jitter      (TIJ):    0.000ns
    Discrete Jitter          (DJ):    0.000ns
    Phase Error              (PE):    0.000ns
  Timing Exception:       False Path

    Location             Delay type                Incr(ns)  Path(ns)    Netlist Resource(s)
  -------------------------------------------------------------------    -------------------
    J15                                               0.000     0.000 f  sw[0] (IN)
                         net (fo=0)                   0.000     0.000    sw[0]
    J15                  IBUF (Prop_ibuf_I_O)         1.478     1.478 f  sw_IBUF[0]_inst/O
                         net (fo=15, routed)          5.350     6.827    z_score_inst/std_dev_inst/sqrd_dev_inst/sum_buffering_instances[3].sum_buffering_inst_i/sum_inst/sw_IBUF[0]
    SLICE_X44Y50         LUT2 (Prop_lut2_I0_O)        0.124     6.951 f  z_score_inst/std_dev_inst/sqrd_dev_inst/sum_buffering_instances[3].sum_buffering_inst_i/sum_inst/fifo_inst_i_1__6/O
                         net (fo=73, routed)          4.468    11.420    z_score_inst/mean_inst/sum_buffering_instances[0].sum_buffering_inst_i/fifo_buffer_inst/inst/gen_fifo.xpm_fifo_axis_inst/s_aresetn
    SLICE_X6Y4           LUT1 (Prop_lut1_I0_O)        0.124    11.544 r  z_score_inst/mean_inst/sum_buffering_instances[0].sum_buffering_inst_i/fifo_buffer_inst/inst/gen_fifo.xpm_fifo_axis_inst/gaxis_rst_sync.xpm_cdc_sync_rst_inst_i_1/O
                         net (fo=1, routed)           0.586    12.130    z_score_inst/mean_inst/sum_buffering_instances[0].sum_buffering_inst_i/fifo_buffer_inst/inst/gen_fifo.xpm_fifo_axis_inst/gaxis_rst_sync.xpm_cdc_sync_rst_inst/src_rst
    SLICE_X6Y4           FDRE                                         r  z_score_inst/mean_inst/sum_buffering_instances[0].sum_buffering_inst_i/fifo_buffer_inst/inst/gen_fifo.xpm_fifo_axis_inst/gaxis_rst_sync.xpm_cdc_sync_rst_inst/syncstages_ff_reg[0]/D
  -------------------------------------------------------------------    -------------------

                         (clock clk rise edge)        0.000     0.000 r  
    E3                                                0.000     0.000 r  clk (IN)
                         net (fo=0)                   0.000     0.000    clk
    E3                   IBUF (Prop_ibuf_I_O)         1.411     1.411 r  clk_IBUF_inst/O
                         net (fo=1, routed)           1.920     3.331    clk_IBUF
    BUFGCTRL_X0Y16       BUFG (Prop_bufg_I_O)         0.091     3.422 r  clk_IBUF_BUFG_inst/O
                         net (fo=25802, routed)       1.770     5.192    z_score_inst/mean_inst/sum_buffering_instances[0].sum_buffering_inst_i/fifo_buffer_inst/inst/gen_fifo.xpm_fifo_axis_inst/gaxis_rst_sync.xpm_cdc_sync_rst_inst/dest_clk
    SLICE_X6Y4           FDRE                                         r  z_score_inst/mean_inst/sum_buffering_instances[0].sum_buffering_inst_i/fifo_buffer_inst/inst/gen_fifo.xpm_fifo_axis_inst/gaxis_rst_sync.xpm_cdc_sync_rst_inst/syncstages_ff_reg[0]/C

Slack:                    inf
  Source:                 sw[0]
                            (input port)
  Destination:            z_score_inst/std_dev_inst/sqrd_dev_inst/sum_buffering_instances[2].sum_buffering_inst_i/fifo_buffer_inst/inst/gen_fifo.xpm_fifo_axis_inst/gaxis_rst_sync.xpm_cdc_sync_rst_inst/syncstages_ff_reg[0]/D
                            (rising edge-triggered cell FDRE clocked by clk  {rise@0.000ns fall@5.000ns period=10.000ns})
  Path Group:             (none)
  Path Type:              Setup (Max at Slow Process Corner)
  Data Path Delay:        12.113ns  (logic 1.726ns (14.245%)  route 10.388ns (85.755%))
  Logic Levels:           3  (IBUF=1 LUT1=1 LUT2=1)
  Clock Path Skew:        4.930ns (DCD - SCD + CPR)
    Destination Clock Delay (DCD):    4.930ns
    Source Clock Delay      (SCD):    0.000ns
    Clock Pessimism Removal (CPR):    0.000ns
  Clock Uncertainty:      0.025ns  ((TSJ^2 + TIJ^2)^1/2 + DJ) / 2 + PE
    Total System Jitter     (TSJ):    0.050ns
    Total Input Jitter      (TIJ):    0.000ns
    Discrete Jitter          (DJ):    0.000ns
    Phase Error              (PE):    0.000ns
  Timing Exception:       False Path

    Location             Delay type                Incr(ns)  Path(ns)    Netlist Resource(s)
  -------------------------------------------------------------------    -------------------
    J15                                               0.000     0.000 f  sw[0] (IN)
                         net (fo=0)                   0.000     0.000    sw[0]
    J15                  IBUF (Prop_ibuf_I_O)         1.478     1.478 f  sw_IBUF[0]_inst/O
                         net (fo=15, routed)          5.350     6.827    z_score_inst/std_dev_inst/sqrd_dev_inst/sum_buffering_instances[3].sum_buffering_inst_i/sum_inst/sw_IBUF[0]
    SLICE_X44Y50         LUT2 (Prop_lut2_I0_O)        0.124     6.951 f  z_score_inst/std_dev_inst/sqrd_dev_inst/sum_buffering_instances[3].sum_buffering_inst_i/sum_inst/fifo_inst_i_1__6/O
                         net (fo=73, routed)          4.494    11.446    z_score_inst/std_dev_inst/sqrd_dev_inst/sum_buffering_instances[2].sum_buffering_inst_i/fifo_buffer_inst/inst/gen_fifo.xpm_fifo_axis_inst/s_aresetn
    SLICE_X8Y74          LUT1 (Prop_lut1_I0_O)        0.124    11.570 r  z_score_inst/std_dev_inst/sqrd_dev_inst/sum_buffering_instances[2].sum_buffering_inst_i/fifo_buffer_inst/inst/gen_fifo.xpm_fifo_axis_inst/gaxis_rst_sync.xpm_cdc_sync_rst_inst_i_1/O
                         net (fo=1, routed)           0.544    12.113    z_score_inst/std_dev_inst/sqrd_dev_inst/sum_buffering_instances[2].sum_buffering_inst_i/fifo_buffer_inst/inst/gen_fifo.xpm_fifo_axis_inst/gaxis_rst_sync.xpm_cdc_sync_rst_inst/src_rst
    SLICE_X8Y74          FDRE                                         r  z_score_inst/std_dev_inst/sqrd_dev_inst/sum_buffering_instances[2].sum_buffering_inst_i/fifo_buffer_inst/inst/gen_fifo.xpm_fifo_axis_inst/gaxis_rst_sync.xpm_cdc_sync_rst_inst/syncstages_ff_reg[0]/D
  -------------------------------------------------------------------    -------------------

                         (clock clk rise edge)        0.000     0.000 r  
    E3                                                0.000     0.000 r  clk (IN)
                         net (fo=0)                   0.000     0.000    clk
    E3                   IBUF (Prop_ibuf_I_O)         1.411     1.411 r  clk_IBUF_inst/O
                         net (fo=1, routed)           1.920     3.331    clk_IBUF
    BUFGCTRL_X0Y16       BUFG (Prop_bufg_I_O)         0.091     3.422 r  clk_IBUF_BUFG_inst/O
                         net (fo=25802, routed)       1.507     4.930    z_score_inst/std_dev_inst/sqrd_dev_inst/sum_buffering_instances[2].sum_buffering_inst_i/fifo_buffer_inst/inst/gen_fifo.xpm_fifo_axis_inst/gaxis_rst_sync.xpm_cdc_sync_rst_inst/dest_clk
    SLICE_X8Y74          FDRE                                         r  z_score_inst/std_dev_inst/sqrd_dev_inst/sum_buffering_instances[2].sum_buffering_inst_i/fifo_buffer_inst/inst/gen_fifo.xpm_fifo_axis_inst/gaxis_rst_sync.xpm_cdc_sync_rst_inst/syncstages_ff_reg[0]/C

Slack:                    inf
  Source:                 sw[0]
                            (input port)
  Destination:            z_score_inst/std_dev_inst/sqrd_dev_inst/sum_buffering_instances[1].sum_buffering_inst_i/fifo_buffer_inst/inst/gen_fifo.xpm_fifo_axis_inst/gaxis_rst_sync.xpm_cdc_sync_rst_inst/syncstages_ff_reg[0]/D
                            (rising edge-triggered cell FDRE clocked by clk  {rise@0.000ns fall@5.000ns period=10.000ns})
  Path Group:             (none)
  Path Type:              Setup (Max at Slow Process Corner)
  Data Path Delay:        11.391ns  (logic 1.726ns (15.149%)  route 9.665ns (84.851%))
  Logic Levels:           3  (IBUF=1 LUT1=1 LUT2=1)
  Clock Path Skew:        5.020ns (DCD - SCD + CPR)
    Destination Clock Delay (DCD):    5.020ns
    Source Clock Delay      (SCD):    0.000ns
    Clock Pessimism Removal (CPR):    0.000ns
  Clock Uncertainty:      0.025ns  ((TSJ^2 + TIJ^2)^1/2 + DJ) / 2 + PE
    Total System Jitter     (TSJ):    0.050ns
    Total Input Jitter      (TIJ):    0.000ns
    Discrete Jitter          (DJ):    0.000ns
    Phase Error              (PE):    0.000ns
  Timing Exception:       False Path

    Location             Delay type                Incr(ns)  Path(ns)    Netlist Resource(s)
  -------------------------------------------------------------------    -------------------
    J15                                               0.000     0.000 f  sw[0] (IN)
                         net (fo=0)                   0.000     0.000    sw[0]
    J15                  IBUF (Prop_ibuf_I_O)         1.478     1.478 f  sw_IBUF[0]_inst/O
                         net (fo=15, routed)          5.350     6.827    z_score_inst/std_dev_inst/sqrd_dev_inst/sum_buffering_instances[3].sum_buffering_inst_i/sum_inst/sw_IBUF[0]
    SLICE_X44Y50         LUT2 (Prop_lut2_I0_O)        0.124     6.951 f  z_score_inst/std_dev_inst/sqrd_dev_inst/sum_buffering_instances[3].sum_buffering_inst_i/sum_inst/fifo_inst_i_1__6/O
                         net (fo=73, routed)          3.876    10.828    z_score_inst/std_dev_inst/sqrd_dev_inst/sum_buffering_instances[1].sum_buffering_inst_i/fifo_buffer_inst/inst/gen_fifo.xpm_fifo_axis_inst/s_aresetn
    SLICE_X77Y88         LUT1 (Prop_lut1_I0_O)        0.124    10.952 r  z_score_inst/std_dev_inst/sqrd_dev_inst/sum_buffering_instances[1].sum_buffering_inst_i/fifo_buffer_inst/inst/gen_fifo.xpm_fifo_axis_inst/gaxis_rst_sync.xpm_cdc_sync_rst_inst_i_1/O
                         net (fo=1, routed)           0.439    11.391    z_score_inst/std_dev_inst/sqrd_dev_inst/sum_buffering_instances[1].sum_buffering_inst_i/fifo_buffer_inst/inst/gen_fifo.xpm_fifo_axis_inst/gaxis_rst_sync.xpm_cdc_sync_rst_inst/src_rst
    SLICE_X78Y88         FDRE                                         r  z_score_inst/std_dev_inst/sqrd_dev_inst/sum_buffering_instances[1].sum_buffering_inst_i/fifo_buffer_inst/inst/gen_fifo.xpm_fifo_axis_inst/gaxis_rst_sync.xpm_cdc_sync_rst_inst/syncstages_ff_reg[0]/D
  -------------------------------------------------------------------    -------------------

                         (clock clk rise edge)        0.000     0.000 r  
    E3                                                0.000     0.000 r  clk (IN)
                         net (fo=0)                   0.000     0.000    clk
    E3                   IBUF (Prop_ibuf_I_O)         1.411     1.411 r  clk_IBUF_inst/O
                         net (fo=1, routed)           1.920     3.331    clk_IBUF
    BUFGCTRL_X0Y16       BUFG (Prop_bufg_I_O)         0.091     3.422 r  clk_IBUF_BUFG_inst/O
                         net (fo=25802, routed)       1.597     5.020    z_score_inst/std_dev_inst/sqrd_dev_inst/sum_buffering_instances[1].sum_buffering_inst_i/fifo_buffer_inst/inst/gen_fifo.xpm_fifo_axis_inst/gaxis_rst_sync.xpm_cdc_sync_rst_inst/dest_clk
    SLICE_X78Y88         FDRE                                         r  z_score_inst/std_dev_inst/sqrd_dev_inst/sum_buffering_instances[1].sum_buffering_inst_i/fifo_buffer_inst/inst/gen_fifo.xpm_fifo_axis_inst/gaxis_rst_sync.xpm_cdc_sync_rst_inst/syncstages_ff_reg[0]/C

Slack:                    inf
  Source:                 sw[0]
                            (input port)
  Destination:            z_score_inst/std_dev_inst/sqrd_dev_inst/fifo_instances_sum[0].fifo_sum_inst_i/inst/gen_fifo.xpm_fifo_axis_inst/gaxis_rst_sync.xpm_cdc_sync_rst_inst/syncstages_ff_reg[0]/D
                            (rising edge-triggered cell FDRE clocked by clk  {rise@0.000ns fall@5.000ns period=10.000ns})
  Path Group:             (none)
  Path Type:              Setup (Max at Slow Process Corner)
  Data Path Delay:        11.300ns  (logic 1.726ns (15.271%)  route 9.574ns (84.729%))
  Logic Levels:           3  (IBUF=1 LUT1=1 LUT2=1)
  Clock Path Skew:        4.918ns (DCD - SCD + CPR)
    Destination Clock Delay (DCD):    4.918ns
    Source Clock Delay      (SCD):    0.000ns
    Clock Pessimism Removal (CPR):    0.000ns
  Clock Uncertainty:      0.025ns  ((TSJ^2 + TIJ^2)^1/2 + DJ) / 2 + PE
    Total System Jitter     (TSJ):    0.050ns
    Total Input Jitter      (TIJ):    0.000ns
    Discrete Jitter          (DJ):    0.000ns
    Phase Error              (PE):    0.000ns
  Timing Exception:       False Path

    Location             Delay type                Incr(ns)  Path(ns)    Netlist Resource(s)
  -------------------------------------------------------------------    -------------------
    J15                                               0.000     0.000 f  sw[0] (IN)
                         net (fo=0)                   0.000     0.000    sw[0]
    J15                  IBUF (Prop_ibuf_I_O)         1.478     1.478 f  sw_IBUF[0]_inst/O
                         net (fo=15, routed)          5.350     6.827    z_score_inst/std_dev_inst/sqrd_dev_inst/sum_buffering_instances[3].sum_buffering_inst_i/sum_inst/sw_IBUF[0]
    SLICE_X44Y50         LUT2 (Prop_lut2_I0_O)        0.124     6.951 f  z_score_inst/std_dev_inst/sqrd_dev_inst/sum_buffering_instances[3].sum_buffering_inst_i/sum_inst/fifo_inst_i_1__6/O
                         net (fo=73, routed)          3.295    10.246    z_score_inst/std_dev_inst/sqrd_dev_inst/fifo_instances_sum[0].fifo_sum_inst_i/inst/gen_fifo.xpm_fifo_axis_inst/s_aresetn
    SLICE_X78Y75         LUT1 (Prop_lut1_I0_O)        0.124    10.370 r  z_score_inst/std_dev_inst/sqrd_dev_inst/fifo_instances_sum[0].fifo_sum_inst_i/inst/gen_fifo.xpm_fifo_axis_inst/gaxis_rst_sync.xpm_cdc_sync_rst_inst_i_1/O
                         net (fo=1, routed)           0.930    11.300    z_score_inst/std_dev_inst/sqrd_dev_inst/fifo_instances_sum[0].fifo_sum_inst_i/inst/gen_fifo.xpm_fifo_axis_inst/gaxis_rst_sync.xpm_cdc_sync_rst_inst/src_rst
    SLICE_X64Y74         FDRE                                         r  z_score_inst/std_dev_inst/sqrd_dev_inst/fifo_instances_sum[0].fifo_sum_inst_i/inst/gen_fifo.xpm_fifo_axis_inst/gaxis_rst_sync.xpm_cdc_sync_rst_inst/syncstages_ff_reg[0]/D
  -------------------------------------------------------------------    -------------------

                         (clock clk rise edge)        0.000     0.000 r  
    E3                                                0.000     0.000 r  clk (IN)
                         net (fo=0)                   0.000     0.000    clk
    E3                   IBUF (Prop_ibuf_I_O)         1.411     1.411 r  clk_IBUF_inst/O
                         net (fo=1, routed)           1.920     3.331    clk_IBUF
    BUFGCTRL_X0Y16       BUFG (Prop_bufg_I_O)         0.091     3.422 r  clk_IBUF_BUFG_inst/O
                         net (fo=25802, routed)       1.495     4.918    z_score_inst/std_dev_inst/sqrd_dev_inst/fifo_instances_sum[0].fifo_sum_inst_i/inst/gen_fifo.xpm_fifo_axis_inst/gaxis_rst_sync.xpm_cdc_sync_rst_inst/dest_clk
    SLICE_X64Y74         FDRE                                         r  z_score_inst/std_dev_inst/sqrd_dev_inst/fifo_instances_sum[0].fifo_sum_inst_i/inst/gen_fifo.xpm_fifo_axis_inst/gaxis_rst_sync.xpm_cdc_sync_rst_inst/syncstages_ff_reg[0]/C

Slack:                    inf
  Source:                 sw[0]
                            (input port)
  Destination:            z_score_inst/std_dev_inst/sqrd_dev_inst/sum_buffering_instances[3].sum_buffering_inst_i/fifo_buffer_inst/inst/gen_fifo.xpm_fifo_axis_inst/gaxis_rst_sync.xpm_cdc_sync_rst_inst/syncstages_ff_reg[0]/D
                            (rising edge-triggered cell FDRE clocked by clk  {rise@0.000ns fall@5.000ns period=10.000ns})
  Path Group:             (none)
  Path Type:              Setup (Max at Slow Process Corner)
  Data Path Delay:        11.211ns  (logic 1.726ns (15.392%)  route 9.485ns (84.608%))
  Logic Levels:           3  (IBUF=1 LUT1=1 LUT2=1)
  Clock Path Skew:        5.015ns (DCD - SCD + CPR)
    Destination Clock Delay (DCD):    5.015ns
    Source Clock Delay      (SCD):    0.000ns
    Clock Pessimism Removal (CPR):    0.000ns
  Clock Uncertainty:      0.025ns  ((TSJ^2 + TIJ^2)^1/2 + DJ) / 2 + PE
    Total System Jitter     (TSJ):    0.050ns
    Total Input Jitter      (TIJ):    0.000ns
    Discrete Jitter          (DJ):    0.000ns
    Phase Error              (PE):    0.000ns
  Timing Exception:       False Path

    Location             Delay type                Incr(ns)  Path(ns)    Netlist Resource(s)
  -------------------------------------------------------------------    -------------------
    J15                                               0.000     0.000 f  sw[0] (IN)
                         net (fo=0)                   0.000     0.000    sw[0]
    J15                  IBUF (Prop_ibuf_I_O)         1.478     1.478 f  sw_IBUF[0]_inst/O
                         net (fo=15, routed)          5.350     6.827    z_score_inst/std_dev_inst/sqrd_dev_inst/sum_buffering_instances[3].sum_buffering_inst_i/sum_inst/sw_IBUF[0]
    SLICE_X44Y50         LUT2 (Prop_lut2_I0_O)        0.124     6.951 f  z_score_inst/std_dev_inst/sqrd_dev_inst/sum_buffering_instances[3].sum_buffering_inst_i/sum_inst/fifo_inst_i_1__6/O
                         net (fo=73, routed)          3.684    10.635    z_score_inst/std_dev_inst/sqrd_dev_inst/sum_buffering_instances[3].sum_buffering_inst_i/fifo_buffer_inst/inst/gen_fifo.xpm_fifo_axis_inst/s_aresetn
    SLICE_X80Y79         LUT1 (Prop_lut1_I0_O)        0.124    10.759 r  z_score_inst/std_dev_inst/sqrd_dev_inst/sum_buffering_instances[3].sum_buffering_inst_i/fifo_buffer_inst/inst/gen_fifo.xpm_fifo_axis_inst/gaxis_rst_sync.xpm_cdc_sync_rst_inst_i_1/O
                         net (fo=1, routed)           0.452    11.211    z_score_inst/std_dev_inst/sqrd_dev_inst/sum_buffering_instances[3].sum_buffering_inst_i/fifo_buffer_inst/inst/gen_fifo.xpm_fifo_axis_inst/gaxis_rst_sync.xpm_cdc_sync_rst_inst/src_rst
    SLICE_X80Y79         FDRE                                         r  z_score_inst/std_dev_inst/sqrd_dev_inst/sum_buffering_instances[3].sum_buffering_inst_i/fifo_buffer_inst/inst/gen_fifo.xpm_fifo_axis_inst/gaxis_rst_sync.xpm_cdc_sync_rst_inst/syncstages_ff_reg[0]/D
  -------------------------------------------------------------------    -------------------

                         (clock clk rise edge)        0.000     0.000 r  
    E3                                                0.000     0.000 r  clk (IN)
                         net (fo=0)                   0.000     0.000    clk
    E3                   IBUF (Prop_ibuf_I_O)         1.411     1.411 r  clk_IBUF_inst/O
                         net (fo=1, routed)           1.920     3.331    clk_IBUF
    BUFGCTRL_X0Y16       BUFG (Prop_bufg_I_O)         0.091     3.422 r  clk_IBUF_BUFG_inst/O
                         net (fo=25802, routed)       1.592     5.015    z_score_inst/std_dev_inst/sqrd_dev_inst/sum_buffering_instances[3].sum_buffering_inst_i/fifo_buffer_inst/inst/gen_fifo.xpm_fifo_axis_inst/gaxis_rst_sync.xpm_cdc_sync_rst_inst/dest_clk
    SLICE_X80Y79         FDRE                                         r  z_score_inst/std_dev_inst/sqrd_dev_inst/sum_buffering_instances[3].sum_buffering_inst_i/fifo_buffer_inst/inst/gen_fifo.xpm_fifo_axis_inst/gaxis_rst_sync.xpm_cdc_sync_rst_inst/syncstages_ff_reg[0]/C

Slack:                    inf
  Source:                 sw[0]
                            (input port)
  Destination:            z_score_inst/mean_inst/sum_buffering_instances[2].sum_buffering_inst_i/fifo_buffer_inst/inst/gen_fifo.xpm_fifo_axis_inst/gaxis_rst_sync.xpm_cdc_sync_rst_inst/syncstages_ff_reg[0]/D
                            (rising edge-triggered cell FDRE clocked by clk  {rise@0.000ns fall@5.000ns period=10.000ns})
  Path Group:             (none)
  Path Type:              Setup (Max at Slow Process Corner)
  Data Path Delay:        11.055ns  (logic 1.726ns (15.609%)  route 9.329ns (84.391%))
  Logic Levels:           3  (IBUF=1 LUT1=1 LUT2=1)
  Clock Path Skew:        5.102ns (DCD - SCD + CPR)
    Destination Clock Delay (DCD):    5.102ns
    Source Clock Delay      (SCD):    0.000ns
    Clock Pessimism Removal (CPR):    0.000ns
  Clock Uncertainty:      0.025ns  ((TSJ^2 + TIJ^2)^1/2 + DJ) / 2 + PE
    Total System Jitter     (TSJ):    0.050ns
    Total Input Jitter      (TIJ):    0.000ns
    Discrete Jitter          (DJ):    0.000ns
    Phase Error              (PE):    0.000ns
  Timing Exception:       False Path

    Location             Delay type                Incr(ns)  Path(ns)    Netlist Resource(s)
  -------------------------------------------------------------------    -------------------
    J15                                               0.000     0.000 f  sw[0] (IN)
                         net (fo=0)                   0.000     0.000    sw[0]
    J15                  IBUF (Prop_ibuf_I_O)         1.478     1.478 f  sw_IBUF[0]_inst/O
                         net (fo=15, routed)          5.350     6.827    z_score_inst/std_dev_inst/sqrd_dev_inst/sum_buffering_instances[3].sum_buffering_inst_i/sum_inst/sw_IBUF[0]
    SLICE_X44Y50         LUT2 (Prop_lut2_I0_O)        0.124     6.951 f  z_score_inst/std_dev_inst/sqrd_dev_inst/sum_buffering_instances[3].sum_buffering_inst_i/sum_inst/fifo_inst_i_1__6/O
                         net (fo=73, routed)          3.336    10.287    z_score_inst/mean_inst/sum_buffering_instances[2].sum_buffering_inst_i/fifo_buffer_inst/inst/gen_fifo.xpm_fifo_axis_inst/s_aresetn
    SLICE_X43Y3          LUT1 (Prop_lut1_I0_O)        0.124    10.411 r  z_score_inst/mean_inst/sum_buffering_instances[2].sum_buffering_inst_i/fifo_buffer_inst/inst/gen_fifo.xpm_fifo_axis_inst/gaxis_rst_sync.xpm_cdc_sync_rst_inst_i_1/O
                         net (fo=1, routed)           0.643    11.055    z_score_inst/mean_inst/sum_buffering_instances[2].sum_buffering_inst_i/fifo_buffer_inst/inst/gen_fifo.xpm_fifo_axis_inst/gaxis_rst_sync.xpm_cdc_sync_rst_inst/src_rst
    SLICE_X43Y3          FDRE                                         r  z_score_inst/mean_inst/sum_buffering_instances[2].sum_buffering_inst_i/fifo_buffer_inst/inst/gen_fifo.xpm_fifo_axis_inst/gaxis_rst_sync.xpm_cdc_sync_rst_inst/syncstages_ff_reg[0]/D
  -------------------------------------------------------------------    -------------------

                         (clock clk rise edge)        0.000     0.000 r  
    E3                                                0.000     0.000 r  clk (IN)
                         net (fo=0)                   0.000     0.000    clk
    E3                   IBUF (Prop_ibuf_I_O)         1.411     1.411 r  clk_IBUF_inst/O
                         net (fo=1, routed)           1.920     3.331    clk_IBUF
    BUFGCTRL_X0Y16       BUFG (Prop_bufg_I_O)         0.091     3.422 r  clk_IBUF_BUFG_inst/O
                         net (fo=25802, routed)       1.680     5.102    z_score_inst/mean_inst/sum_buffering_instances[2].sum_buffering_inst_i/fifo_buffer_inst/inst/gen_fifo.xpm_fifo_axis_inst/gaxis_rst_sync.xpm_cdc_sync_rst_inst/dest_clk
    SLICE_X43Y3          FDRE                                         r  z_score_inst/mean_inst/sum_buffering_instances[2].sum_buffering_inst_i/fifo_buffer_inst/inst/gen_fifo.xpm_fifo_axis_inst/gaxis_rst_sync.xpm_cdc_sync_rst_inst/syncstages_ff_reg[0]/C

Slack:                    inf
  Source:                 sw[0]
                            (input port)
  Destination:            z_score_inst/std_dev_inst/sqrd_dev_inst/sum_buffering_instances[1].sum_buffering_inst_i/sum_inst/fifo_inst/inst/gen_fifo.xpm_fifo_axis_inst/gaxis_rst_sync.xpm_cdc_sync_rst_inst/syncstages_ff_reg[0]/D
                            (rising edge-triggered cell FDRE clocked by clk  {rise@0.000ns fall@5.000ns period=10.000ns})
  Path Group:             (none)
  Path Type:              Setup (Max at Slow Process Corner)
  Data Path Delay:        10.978ns  (logic 1.752ns (15.956%)  route 9.226ns (84.044%))
  Logic Levels:           3  (IBUF=1 LUT1=1 LUT2=1)
  Clock Path Skew:        5.017ns (DCD - SCD + CPR)
    Destination Clock Delay (DCD):    5.017ns
    Source Clock Delay      (SCD):    0.000ns
    Clock Pessimism Removal (CPR):    0.000ns
  Clock Uncertainty:      0.025ns  ((TSJ^2 + TIJ^2)^1/2 + DJ) / 2 + PE
    Total System Jitter     (TSJ):    0.050ns
    Total Input Jitter      (TIJ):    0.000ns
    Discrete Jitter          (DJ):    0.000ns
    Phase Error              (PE):    0.000ns
  Timing Exception:       False Path

    Location             Delay type                Incr(ns)  Path(ns)    Netlist Resource(s)
  -------------------------------------------------------------------    -------------------
    J15                                               0.000     0.000 f  sw[0] (IN)
                         net (fo=0)                   0.000     0.000    sw[0]
    J15                  IBUF (Prop_ibuf_I_O)         1.478     1.478 f  sw_IBUF[0]_inst/O
                         net (fo=15, routed)          5.350     6.827    z_score_inst/std_dev_inst/sqrd_dev_inst/sum_buffering_instances[3].sum_buffering_inst_i/sum_inst/sw_IBUF[0]
    SLICE_X44Y50         LUT2 (Prop_lut2_I0_O)        0.124     6.951 f  z_score_inst/std_dev_inst/sqrd_dev_inst/sum_buffering_instances[3].sum_buffering_inst_i/sum_inst/fifo_inst_i_1__6/O
                         net (fo=73, routed)          3.876    10.828    z_score_inst/std_dev_inst/sqrd_dev_inst/sum_buffering_instances[1].sum_buffering_inst_i/sum_inst/fifo_inst/inst/gen_fifo.xpm_fifo_axis_inst/s_aresetn
    SLICE_X77Y88         LUT1 (Prop_lut1_I0_O)        0.150    10.978 r  z_score_inst/std_dev_inst/sqrd_dev_inst/sum_buffering_instances[1].sum_buffering_inst_i/sum_inst/fifo_inst/inst/gen_fifo.xpm_fifo_axis_inst/gaxis_rst_sync.xpm_cdc_sync_rst_inst_i_1/O
                         net (fo=1, routed)           0.000    10.978    z_score_inst/std_dev_inst/sqrd_dev_inst/sum_buffering_instances[1].sum_buffering_inst_i/sum_inst/fifo_inst/inst/gen_fifo.xpm_fifo_axis_inst/gaxis_rst_sync.xpm_cdc_sync_rst_inst/src_rst
    SLICE_X77Y88         FDRE                                         r  z_score_inst/std_dev_inst/sqrd_dev_inst/sum_buffering_instances[1].sum_buffering_inst_i/sum_inst/fifo_inst/inst/gen_fifo.xpm_fifo_axis_inst/gaxis_rst_sync.xpm_cdc_sync_rst_inst/syncstages_ff_reg[0]/D
  -------------------------------------------------------------------    -------------------

                         (clock clk rise edge)        0.000     0.000 r  
    E3                                                0.000     0.000 r  clk (IN)
                         net (fo=0)                   0.000     0.000    clk
    E3                   IBUF (Prop_ibuf_I_O)         1.411     1.411 r  clk_IBUF_inst/O
                         net (fo=1, routed)           1.920     3.331    clk_IBUF
    BUFGCTRL_X0Y16       BUFG (Prop_bufg_I_O)         0.091     3.422 r  clk_IBUF_BUFG_inst/O
                         net (fo=25802, routed)       1.594     5.017    z_score_inst/std_dev_inst/sqrd_dev_inst/sum_buffering_instances[1].sum_buffering_inst_i/sum_inst/fifo_inst/inst/gen_fifo.xpm_fifo_axis_inst/gaxis_rst_sync.xpm_cdc_sync_rst_inst/dest_clk
    SLICE_X77Y88         FDRE                                         r  z_score_inst/std_dev_inst/sqrd_dev_inst/sum_buffering_instances[1].sum_buffering_inst_i/sum_inst/fifo_inst/inst/gen_fifo.xpm_fifo_axis_inst/gaxis_rst_sync.xpm_cdc_sync_rst_inst/syncstages_ff_reg[0]/C

Slack:                    inf
  Source:                 sw[0]
                            (input port)
  Destination:            z_score_inst/mean_inst/sum_buffering_instances[1].sum_buffering_inst_i/fifo_buffer_inst/inst/gen_fifo.xpm_fifo_axis_inst/gaxis_rst_sync.xpm_cdc_sync_rst_inst/syncstages_ff_reg[0]/D
                            (rising edge-triggered cell FDRE clocked by clk  {rise@0.000ns fall@5.000ns period=10.000ns})
  Path Group:             (none)
  Path Type:              Setup (Max at Slow Process Corner)
  Data Path Delay:        10.919ns  (logic 1.726ns (15.803%)  route 9.193ns (84.197%))
  Logic Levels:           3  (IBUF=1 LUT1=1 LUT2=1)
  Clock Path Skew:        5.100ns (DCD - SCD + CPR)
    Destination Clock Delay (DCD):    5.100ns
    Source Clock Delay      (SCD):    0.000ns
    Clock Pessimism Removal (CPR):    0.000ns
  Clock Uncertainty:      0.025ns  ((TSJ^2 + TIJ^2)^1/2 + DJ) / 2 + PE
    Total System Jitter     (TSJ):    0.050ns
    Total Input Jitter      (TIJ):    0.000ns
    Discrete Jitter          (DJ):    0.000ns
    Phase Error              (PE):    0.000ns
  Timing Exception:       False Path

    Location             Delay type                Incr(ns)  Path(ns)    Netlist Resource(s)
  -------------------------------------------------------------------    -------------------
    J15                                               0.000     0.000 f  sw[0] (IN)
                         net (fo=0)                   0.000     0.000    sw[0]
    J15                  IBUF (Prop_ibuf_I_O)         1.478     1.478 f  sw_IBUF[0]_inst/O
                         net (fo=15, routed)          5.350     6.827    z_score_inst/std_dev_inst/sqrd_dev_inst/sum_buffering_instances[3].sum_buffering_inst_i/sum_inst/sw_IBUF[0]
    SLICE_X44Y50         LUT2 (Prop_lut2_I0_O)        0.124     6.951 f  z_score_inst/std_dev_inst/sqrd_dev_inst/sum_buffering_instances[3].sum_buffering_inst_i/sum_inst/fifo_inst_i_1__6/O
                         net (fo=73, routed)          2.961     9.912    z_score_inst/mean_inst/sum_buffering_instances[1].sum_buffering_inst_i/fifo_buffer_inst/inst/gen_fifo.xpm_fifo_axis_inst/s_aresetn
    SLICE_X47Y5          LUT1 (Prop_lut1_I0_O)        0.124    10.036 r  z_score_inst/mean_inst/sum_buffering_instances[1].sum_buffering_inst_i/fifo_buffer_inst/inst/gen_fifo.xpm_fifo_axis_inst/gaxis_rst_sync.xpm_cdc_sync_rst_inst_i_1/O
                         net (fo=1, routed)           0.883    10.919    z_score_inst/mean_inst/sum_buffering_instances[1].sum_buffering_inst_i/fifo_buffer_inst/inst/gen_fifo.xpm_fifo_axis_inst/gaxis_rst_sync.xpm_cdc_sync_rst_inst/src_rst
    SLICE_X47Y5          FDRE                                         r  z_score_inst/mean_inst/sum_buffering_instances[1].sum_buffering_inst_i/fifo_buffer_inst/inst/gen_fifo.xpm_fifo_axis_inst/gaxis_rst_sync.xpm_cdc_sync_rst_inst/syncstages_ff_reg[0]/D
  -------------------------------------------------------------------    -------------------

                         (clock clk rise edge)        0.000     0.000 r  
    E3                                                0.000     0.000 r  clk (IN)
                         net (fo=0)                   0.000     0.000    clk
    E3                   IBUF (Prop_ibuf_I_O)         1.411     1.411 r  clk_IBUF_inst/O
                         net (fo=1, routed)           1.920     3.331    clk_IBUF
    BUFGCTRL_X0Y16       BUFG (Prop_bufg_I_O)         0.091     3.422 r  clk_IBUF_BUFG_inst/O
                         net (fo=25802, routed)       1.678     5.100    z_score_inst/mean_inst/sum_buffering_instances[1].sum_buffering_inst_i/fifo_buffer_inst/inst/gen_fifo.xpm_fifo_axis_inst/gaxis_rst_sync.xpm_cdc_sync_rst_inst/dest_clk
    SLICE_X47Y5          FDRE                                         r  z_score_inst/mean_inst/sum_buffering_instances[1].sum_buffering_inst_i/fifo_buffer_inst/inst/gen_fifo.xpm_fifo_axis_inst/gaxis_rst_sync.xpm_cdc_sync_rst_inst/syncstages_ff_reg[0]/C





Min Delay Paths
--------------------------------------------------------------------------------------
Slack:                    inf
  Source:                 sw[2]
                            (input port)
  Destination:            cusum_inst/cusum/previous_sensor_in_fifo_buffer/inst/gen_fifo.xpm_fifo_axis_inst/gaxis_rst_sync.xpm_cdc_sync_rst_inst/syncstages_ff_reg[0]/D
                            (rising edge-triggered cell FDRE clocked by clk  {rise@0.000ns fall@5.000ns period=10.000ns})
  Path Group:             (none)
  Path Type:              Hold (Min at Fast Process Corner)
  Data Path Delay:        2.416ns  (logic 0.298ns (12.331%)  route 2.118ns (87.669%))
  Logic Levels:           2  (IBUF=1 LUT2=1)
  Clock Path Skew:        2.068ns (DCD - SCD - CPR)
    Destination Clock Delay (DCD):    2.068ns
    Source Clock Delay      (SCD):    0.000ns
    Clock Pessimism Removal (CPR):    -0.000ns
  Timing Exception:       False Path

    Location             Delay type                Incr(ns)  Path(ns)    Netlist Resource(s)
  -------------------------------------------------------------------    -------------------
    M13                                               0.000     0.000 f  sw[2] (IN)
                         net (fo=0)                   0.000     0.000    sw[2]
    M13                  IBUF (Prop_ibuf_I_O)         0.253     0.253 f  sw_IBUF[2]_inst/O
                         net (fo=11, routed)          1.824     2.077    cusum_inst/cusum/sw_IBUF[0]
    SLICE_X26Y30         LUT2 (Prop_lut2_I0_O)        0.045     2.122 r  cusum_inst/cusum/bypass_current_sensor_fifo_buffer_i_1/O
                         net (fo=10, routed)          0.294     2.416    cusum_inst/cusum/previous_sensor_in_fifo_buffer/inst/gen_fifo.xpm_fifo_axis_inst/gaxis_rst_sync.xpm_cdc_sync_rst_inst/src_rst
    SLICE_X29Y30         FDRE                                         r  cusum_inst/cusum/previous_sensor_in_fifo_buffer/inst/gen_fifo.xpm_fifo_axis_inst/gaxis_rst_sync.xpm_cdc_sync_rst_inst/syncstages_ff_reg[0]/D
  -------------------------------------------------------------------    -------------------

                         (clock clk rise edge)        0.000     0.000 r  
    E3                                                0.000     0.000 r  clk (IN)
                         net (fo=0)                   0.000     0.000    clk
    E3                   IBUF (Prop_ibuf_I_O)         0.438     0.438 r  clk_IBUF_inst/O
                         net (fo=1, routed)           0.699     1.136    clk_IBUF
    BUFGCTRL_X0Y16       BUFG (Prop_bufg_I_O)         0.029     1.165 r  clk_IBUF_BUFG_inst/O
                         net (fo=25802, routed)       0.903     2.068    cusum_inst/cusum/previous_sensor_in_fifo_buffer/inst/gen_fifo.xpm_fifo_axis_inst/gaxis_rst_sync.xpm_cdc_sync_rst_inst/dest_clk
    SLICE_X29Y30         FDRE                                         r  cusum_inst/cusum/previous_sensor_in_fifo_buffer/inst/gen_fifo.xpm_fifo_axis_inst/gaxis_rst_sync.xpm_cdc_sync_rst_inst/syncstages_ff_reg[0]/C

Slack:                    inf
  Source:                 sw[2]
                            (input port)
  Destination:            cusum_inst/cusum/current_sensor_in_fifo_buffer/inst/gen_fifo.xpm_fifo_axis_inst/gaxis_rst_sync.xpm_cdc_sync_rst_inst/syncstages_ff_reg[0]/D
                            (rising edge-triggered cell FDRE clocked by clk  {rise@0.000ns fall@5.000ns period=10.000ns})
  Path Group:             (none)
  Path Type:              Hold (Min at Fast Process Corner)
  Data Path Delay:        2.429ns  (logic 0.298ns (12.264%)  route 2.131ns (87.736%))
  Logic Levels:           2  (IBUF=1 LUT2=1)
  Clock Path Skew:        2.066ns (DCD - SCD - CPR)
    Destination Clock Delay (DCD):    2.066ns
    Source Clock Delay      (SCD):    0.000ns
    Clock Pessimism Removal (CPR):    -0.000ns
  Timing Exception:       False Path

    Location             Delay type                Incr(ns)  Path(ns)    Netlist Resource(s)
  -------------------------------------------------------------------    -------------------
    M13                                               0.000     0.000 f  sw[2] (IN)
                         net (fo=0)                   0.000     0.000    sw[2]
    M13                  IBUF (Prop_ibuf_I_O)         0.253     0.253 f  sw_IBUF[2]_inst/O
                         net (fo=11, routed)          1.824     2.077    cusum_inst/cusum/sw_IBUF[0]
    SLICE_X26Y30         LUT2 (Prop_lut2_I0_O)        0.045     2.122 r  cusum_inst/cusum/bypass_current_sensor_fifo_buffer_i_1/O
                         net (fo=10, routed)          0.308     2.429    cusum_inst/cusum/current_sensor_in_fifo_buffer/inst/gen_fifo.xpm_fifo_axis_inst/gaxis_rst_sync.xpm_cdc_sync_rst_inst/src_rst
    SLICE_X32Y29         FDRE                                         r  cusum_inst/cusum/current_sensor_in_fifo_buffer/inst/gen_fifo.xpm_fifo_axis_inst/gaxis_rst_sync.xpm_cdc_sync_rst_inst/syncstages_ff_reg[0]/D
  -------------------------------------------------------------------    -------------------

                         (clock clk rise edge)        0.000     0.000 r  
    E3                                                0.000     0.000 r  clk (IN)
                         net (fo=0)                   0.000     0.000    clk
    E3                   IBUF (Prop_ibuf_I_O)         0.438     0.438 r  clk_IBUF_inst/O
                         net (fo=1, routed)           0.699     1.136    clk_IBUF
    BUFGCTRL_X0Y16       BUFG (Prop_bufg_I_O)         0.029     1.165 r  clk_IBUF_BUFG_inst/O
                         net (fo=25802, routed)       0.901     2.066    cusum_inst/cusum/current_sensor_in_fifo_buffer/inst/gen_fifo.xpm_fifo_axis_inst/gaxis_rst_sync.xpm_cdc_sync_rst_inst/dest_clk
    SLICE_X32Y29         FDRE                                         r  cusum_inst/cusum/current_sensor_in_fifo_buffer/inst/gen_fifo.xpm_fifo_axis_inst/gaxis_rst_sync.xpm_cdc_sync_rst_inst/syncstages_ff_reg[0]/C

Slack:                    inf
  Source:                 sw[2]
                            (input port)
  Destination:            cusum_inst/cusum/s_t_fifo_buffer/inst/gen_fifo.xpm_fifo_axis_inst/gaxis_rst_sync.xpm_cdc_sync_rst_inst/syncstages_ff_reg[0]/D
                            (rising edge-triggered cell FDRE clocked by clk  {rise@0.000ns fall@5.000ns period=10.000ns})
  Path Group:             (none)
  Path Type:              Hold (Min at Fast Process Corner)
  Data Path Delay:        2.469ns  (logic 0.298ns (12.068%)  route 2.171ns (87.932%))
  Logic Levels:           2  (IBUF=1 LUT2=1)
  Clock Path Skew:        2.070ns (DCD - SCD - CPR)
    Destination Clock Delay (DCD):    2.070ns
    Source Clock Delay      (SCD):    0.000ns
    Clock Pessimism Removal (CPR):    -0.000ns
  Timing Exception:       False Path

    Location             Delay type                Incr(ns)  Path(ns)    Netlist Resource(s)
  -------------------------------------------------------------------    -------------------
    M13                                               0.000     0.000 f  sw[2] (IN)
                         net (fo=0)                   0.000     0.000    sw[2]
    M13                  IBUF (Prop_ibuf_I_O)         0.253     0.253 f  sw_IBUF[2]_inst/O
                         net (fo=11, routed)          1.824     2.077    cusum_inst/cusum/sw_IBUF[0]
    SLICE_X26Y30         LUT2 (Prop_lut2_I0_O)        0.045     2.122 r  cusum_inst/cusum/bypass_current_sensor_fifo_buffer_i_1/O
                         net (fo=10, routed)          0.347     2.469    cusum_inst/cusum/s_t_fifo_buffer/inst/gen_fifo.xpm_fifo_axis_inst/gaxis_rst_sync.xpm_cdc_sync_rst_inst/src_rst
    SLICE_X26Y30         FDRE                                         r  cusum_inst/cusum/s_t_fifo_buffer/inst/gen_fifo.xpm_fifo_axis_inst/gaxis_rst_sync.xpm_cdc_sync_rst_inst/syncstages_ff_reg[0]/D
  -------------------------------------------------------------------    -------------------

                         (clock clk rise edge)        0.000     0.000 r  
    E3                                                0.000     0.000 r  clk (IN)
                         net (fo=0)                   0.000     0.000    clk
    E3                   IBUF (Prop_ibuf_I_O)         0.438     0.438 r  clk_IBUF_inst/O
                         net (fo=1, routed)           0.699     1.136    clk_IBUF
    BUFGCTRL_X0Y16       BUFG (Prop_bufg_I_O)         0.029     1.165 r  clk_IBUF_BUFG_inst/O
                         net (fo=25802, routed)       0.905     2.070    cusum_inst/cusum/s_t_fifo_buffer/inst/gen_fifo.xpm_fifo_axis_inst/gaxis_rst_sync.xpm_cdc_sync_rst_inst/dest_clk
    SLICE_X26Y30         FDRE                                         r  cusum_inst/cusum/s_t_fifo_buffer/inst/gen_fifo.xpm_fifo_axis_inst/gaxis_rst_sync.xpm_cdc_sync_rst_inst/syncstages_ff_reg[0]/C

Slack:                    inf
  Source:                 sw[1]
                            (input port)
  Destination:            ewma_inst/fifo_feedback_instances[1].fifo_feedback_inst_i/fifo_x_inst/inst/gen_fifo.xpm_fifo_axis_inst/gaxis_rst_sync.xpm_cdc_sync_rst_inst/syncstages_ff_reg[0]/D
                            (rising edge-triggered cell FDRE clocked by clk  {rise@0.000ns fall@5.000ns period=10.000ns})
  Path Group:             (none)
  Path Type:              Hold (Min at Fast Process Corner)
  Data Path Delay:        2.489ns  (logic 0.334ns (13.436%)  route 2.155ns (86.564%))
  Logic Levels:           3  (IBUF=1 LUT1=1 LUT2=1)
  Clock Path Skew:        2.073ns (DCD - SCD - CPR)
    Destination Clock Delay (DCD):    2.073ns
    Source Clock Delay      (SCD):    0.000ns
    Clock Pessimism Removal (CPR):    -0.000ns
  Timing Exception:       False Path

    Location             Delay type                Incr(ns)  Path(ns)    Netlist Resource(s)
  -------------------------------------------------------------------    -------------------
    L16                                               0.000     0.000 f  sw[1] (IN)
                         net (fo=0)                   0.000     0.000    sw[1]
    L16                  IBUF (Prop_ibuf_I_O)         0.247     0.247 f  sw_IBUF[1]_inst/O
                         net (fo=7, routed)           1.764     2.012    ewma_inst/fifo_feedback_instances[3].fifo_feedback_inst_i/sw_IBUF[0]
    SLICE_X36Y39         LUT2 (Prop_lut2_I0_O)        0.045     2.057 f  ewma_inst/fifo_feedback_instances[3].fifo_feedback_inst_i/fifo_x_inst_i_1__2/O
                         net (fo=31, routed)          0.211     2.268    ewma_inst/fifo_feedback_instances[1].fifo_feedback_inst_i/fifo_x_inst/inst/gen_fifo.xpm_fifo_axis_inst/s_aresetn
    SLICE_X37Y39         LUT1 (Prop_lut1_I0_O)        0.042     2.310 r  ewma_inst/fifo_feedback_instances[1].fifo_feedback_inst_i/fifo_x_inst/inst/gen_fifo.xpm_fifo_axis_inst/gaxis_rst_sync.xpm_cdc_sync_rst_inst_i_1/O
                         net (fo=1, routed)           0.179     2.489    ewma_inst/fifo_feedback_instances[1].fifo_feedback_inst_i/fifo_x_inst/inst/gen_fifo.xpm_fifo_axis_inst/gaxis_rst_sync.xpm_cdc_sync_rst_inst/src_rst
    SLICE_X38Y38         FDRE                                         r  ewma_inst/fifo_feedback_instances[1].fifo_feedback_inst_i/fifo_x_inst/inst/gen_fifo.xpm_fifo_axis_inst/gaxis_rst_sync.xpm_cdc_sync_rst_inst/syncstages_ff_reg[0]/D
  -------------------------------------------------------------------    -------------------

                         (clock clk rise edge)        0.000     0.000 r  
    E3                                                0.000     0.000 r  clk (IN)
                         net (fo=0)                   0.000     0.000    clk
    E3                   IBUF (Prop_ibuf_I_O)         0.438     0.438 r  clk_IBUF_inst/O
                         net (fo=1, routed)           0.699     1.136    clk_IBUF
    BUFGCTRL_X0Y16       BUFG (Prop_bufg_I_O)         0.029     1.165 r  clk_IBUF_BUFG_inst/O
                         net (fo=25802, routed)       0.908     2.073    ewma_inst/fifo_feedback_instances[1].fifo_feedback_inst_i/fifo_x_inst/inst/gen_fifo.xpm_fifo_axis_inst/gaxis_rst_sync.xpm_cdc_sync_rst_inst/dest_clk
    SLICE_X38Y38         FDRE                                         r  ewma_inst/fifo_feedback_instances[1].fifo_feedback_inst_i/fifo_x_inst/inst/gen_fifo.xpm_fifo_axis_inst/gaxis_rst_sync.xpm_cdc_sync_rst_inst/syncstages_ff_reg[0]/C

Slack:                    inf
  Source:                 sw[1]
                            (input port)
  Destination:            ewma_inst/fifo_input_instances[3].fifo_input_inst_i/inst/gen_fifo.xpm_fifo_axis_inst/gaxis_rst_sync.xpm_cdc_sync_rst_inst/syncstages_ff_reg[0]/D
                            (rising edge-triggered cell FDRE clocked by clk  {rise@0.000ns fall@5.000ns period=10.000ns})
  Path Group:             (none)
  Path Type:              Hold (Min at Fast Process Corner)
  Data Path Delay:        2.545ns  (logic 0.338ns (13.296%)  route 2.207ns (86.704%))
  Logic Levels:           3  (IBUF=1 LUT1=1 LUT2=1)
  Clock Path Skew:        2.072ns (DCD - SCD - CPR)
    Destination Clock Delay (DCD):    2.072ns
    Source Clock Delay      (SCD):    0.000ns
    Clock Pessimism Removal (CPR):    -0.000ns
  Timing Exception:       False Path

    Location             Delay type                Incr(ns)  Path(ns)    Netlist Resource(s)
  -------------------------------------------------------------------    -------------------
    L16                                               0.000     0.000 f  sw[1] (IN)
                         net (fo=0)                   0.000     0.000    sw[1]
    L16                  IBUF (Prop_ibuf_I_O)         0.247     0.247 f  sw_IBUF[1]_inst/O
                         net (fo=7, routed)           1.764     2.012    ewma_inst/fifo_feedback_instances[3].fifo_feedback_inst_i/sw_IBUF[0]
    SLICE_X36Y39         LUT2 (Prop_lut2_I0_O)        0.045     2.057 f  ewma_inst/fifo_feedback_instances[3].fifo_feedback_inst_i/fifo_x_inst_i_1__2/O
                         net (fo=31, routed)          0.442     2.499    ewma_inst/fifo_input_instances[3].fifo_input_inst_i/inst/gen_fifo.xpm_fifo_axis_inst/s_aresetn
    SLICE_X45Y38         LUT1 (Prop_lut1_I0_O)        0.046     2.545 r  ewma_inst/fifo_input_instances[3].fifo_input_inst_i/inst/gen_fifo.xpm_fifo_axis_inst/gaxis_rst_sync.xpm_cdc_sync_rst_inst_i_1/O
                         net (fo=1, routed)           0.000     2.545    ewma_inst/fifo_input_instances[3].fifo_input_inst_i/inst/gen_fifo.xpm_fifo_axis_inst/gaxis_rst_sync.xpm_cdc_sync_rst_inst/src_rst
    SLICE_X45Y38         FDRE                                         r  ewma_inst/fifo_input_instances[3].fifo_input_inst_i/inst/gen_fifo.xpm_fifo_axis_inst/gaxis_rst_sync.xpm_cdc_sync_rst_inst/syncstages_ff_reg[0]/D
  -------------------------------------------------------------------    -------------------

                         (clock clk rise edge)        0.000     0.000 r  
    E3                                                0.000     0.000 r  clk (IN)
                         net (fo=0)                   0.000     0.000    clk
    E3                   IBUF (Prop_ibuf_I_O)         0.438     0.438 r  clk_IBUF_inst/O
                         net (fo=1, routed)           0.699     1.136    clk_IBUF
    BUFGCTRL_X0Y16       BUFG (Prop_bufg_I_O)         0.029     1.165 r  clk_IBUF_BUFG_inst/O
                         net (fo=25802, routed)       0.907     2.072    ewma_inst/fifo_input_instances[3].fifo_input_inst_i/inst/gen_fifo.xpm_fifo_axis_inst/gaxis_rst_sync.xpm_cdc_sync_rst_inst/dest_clk
    SLICE_X45Y38         FDRE                                         r  ewma_inst/fifo_input_instances[3].fifo_input_inst_i/inst/gen_fifo.xpm_fifo_axis_inst/gaxis_rst_sync.xpm_cdc_sync_rst_inst/syncstages_ff_reg[0]/C

Slack:                    inf
  Source:                 sw[1]
                            (input port)
  Destination:            ewma_inst/fifo_feedback_instances[2].fifo_feedback_inst_i/fifo_x_inst/inst/gen_fifo.xpm_fifo_axis_inst/gaxis_rst_sync.xpm_cdc_sync_rst_inst/syncstages_ff_reg[0]/D
                            (rising edge-triggered cell FDRE clocked by clk  {rise@0.000ns fall@5.000ns period=10.000ns})
  Path Group:             (none)
  Path Type:              Hold (Min at Fast Process Corner)
  Data Path Delay:        2.559ns  (logic 0.337ns (13.188%)  route 2.221ns (86.812%))
  Logic Levels:           3  (IBUF=1 LUT1=1 LUT2=1)
  Clock Path Skew:        2.074ns (DCD - SCD - CPR)
    Destination Clock Delay (DCD):    2.074ns
    Source Clock Delay      (SCD):    0.000ns
    Clock Pessimism Removal (CPR):    -0.000ns
  Timing Exception:       False Path

    Location             Delay type                Incr(ns)  Path(ns)    Netlist Resource(s)
  -------------------------------------------------------------------    -------------------
    L16                                               0.000     0.000 f  sw[1] (IN)
                         net (fo=0)                   0.000     0.000    sw[1]
    L16                  IBUF (Prop_ibuf_I_O)         0.247     0.247 f  sw_IBUF[1]_inst/O
                         net (fo=7, routed)           1.764     2.012    ewma_inst/fifo_feedback_instances[3].fifo_feedback_inst_i/sw_IBUF[0]
    SLICE_X36Y39         LUT2 (Prop_lut2_I0_O)        0.045     2.057 f  ewma_inst/fifo_feedback_instances[3].fifo_feedback_inst_i/fifo_x_inst_i_1__2/O
                         net (fo=31, routed)          0.211     2.268    ewma_inst/fifo_feedback_instances[2].fifo_feedback_inst_i/fifo_x_inst/inst/gen_fifo.xpm_fifo_axis_inst/s_aresetn
    SLICE_X37Y39         LUT1 (Prop_lut1_I0_O)        0.045     2.313 r  ewma_inst/fifo_feedback_instances[2].fifo_feedback_inst_i/fifo_x_inst/inst/gen_fifo.xpm_fifo_axis_inst/gaxis_rst_sync.xpm_cdc_sync_rst_inst_i_1/O
                         net (fo=1, routed)           0.246     2.559    ewma_inst/fifo_feedback_instances[2].fifo_feedback_inst_i/fifo_x_inst/inst/gen_fifo.xpm_fifo_axis_inst/gaxis_rst_sync.xpm_cdc_sync_rst_inst/src_rst
    SLICE_X37Y39         FDRE                                         r  ewma_inst/fifo_feedback_instances[2].fifo_feedback_inst_i/fifo_x_inst/inst/gen_fifo.xpm_fifo_axis_inst/gaxis_rst_sync.xpm_cdc_sync_rst_inst/syncstages_ff_reg[0]/D
  -------------------------------------------------------------------    -------------------

                         (clock clk rise edge)        0.000     0.000 r  
    E3                                                0.000     0.000 r  clk (IN)
                         net (fo=0)                   0.000     0.000    clk
    E3                   IBUF (Prop_ibuf_I_O)         0.438     0.438 r  clk_IBUF_inst/O
                         net (fo=1, routed)           0.699     1.136    clk_IBUF
    BUFGCTRL_X0Y16       BUFG (Prop_bufg_I_O)         0.029     1.165 r  clk_IBUF_BUFG_inst/O
                         net (fo=25802, routed)       0.909     2.074    ewma_inst/fifo_feedback_instances[2].fifo_feedback_inst_i/fifo_x_inst/inst/gen_fifo.xpm_fifo_axis_inst/gaxis_rst_sync.xpm_cdc_sync_rst_inst/dest_clk
    SLICE_X37Y39         FDRE                                         r  ewma_inst/fifo_feedback_instances[2].fifo_feedback_inst_i/fifo_x_inst/inst/gen_fifo.xpm_fifo_axis_inst/gaxis_rst_sync.xpm_cdc_sync_rst_inst/syncstages_ff_reg[0]/C

Slack:                    inf
  Source:                 sw[2]
                            (input port)
  Destination:            cusum_inst/cusum/bypass_current_sensor_fifo_buffer/inst/gen_fifo.xpm_fifo_axis_inst/gaxis_rst_sync.xpm_cdc_sync_rst_inst/syncstages_ff_reg[0]/D
                            (rising edge-triggered cell FDRE clocked by clk  {rise@0.000ns fall@5.000ns period=10.000ns})
  Path Group:             (none)
  Path Type:              Hold (Min at Fast Process Corner)
  Data Path Delay:        2.568ns  (logic 0.298ns (11.600%)  route 2.271ns (88.400%))
  Logic Levels:           2  (IBUF=1 LUT2=1)
  Clock Path Skew:        2.065ns (DCD - SCD - CPR)
    Destination Clock Delay (DCD):    2.065ns
    Source Clock Delay      (SCD):    0.000ns
    Clock Pessimism Removal (CPR):    -0.000ns
  Timing Exception:       False Path

    Location             Delay type                Incr(ns)  Path(ns)    Netlist Resource(s)
  -------------------------------------------------------------------    -------------------
    M13                                               0.000     0.000 f  sw[2] (IN)
                         net (fo=0)                   0.000     0.000    sw[2]
    M13                  IBUF (Prop_ibuf_I_O)         0.253     0.253 f  sw_IBUF[2]_inst/O
                         net (fo=11, routed)          1.824     2.077    cusum_inst/cusum/sw_IBUF[0]
    SLICE_X26Y30         LUT2 (Prop_lut2_I0_O)        0.045     2.122 r  cusum_inst/cusum/bypass_current_sensor_fifo_buffer_i_1/O
                         net (fo=10, routed)          0.447     2.568    cusum_inst/cusum/bypass_current_sensor_fifo_buffer/inst/gen_fifo.xpm_fifo_axis_inst/gaxis_rst_sync.xpm_cdc_sync_rst_inst/src_rst
    SLICE_X36Y29         FDRE                                         r  cusum_inst/cusum/bypass_current_sensor_fifo_buffer/inst/gen_fifo.xpm_fifo_axis_inst/gaxis_rst_sync.xpm_cdc_sync_rst_inst/syncstages_ff_reg[0]/D
  -------------------------------------------------------------------    -------------------

                         (clock clk rise edge)        0.000     0.000 r  
    E3                                                0.000     0.000 r  clk (IN)
                         net (fo=0)                   0.000     0.000    clk
    E3                   IBUF (Prop_ibuf_I_O)         0.438     0.438 r  clk_IBUF_inst/O
                         net (fo=1, routed)           0.699     1.136    clk_IBUF
    BUFGCTRL_X0Y16       BUFG (Prop_bufg_I_O)         0.029     1.165 r  clk_IBUF_BUFG_inst/O
                         net (fo=25802, routed)       0.900     2.065    cusum_inst/cusum/bypass_current_sensor_fifo_buffer/inst/gen_fifo.xpm_fifo_axis_inst/gaxis_rst_sync.xpm_cdc_sync_rst_inst/dest_clk
    SLICE_X36Y29         FDRE                                         r  cusum_inst/cusum/bypass_current_sensor_fifo_buffer/inst/gen_fifo.xpm_fifo_axis_inst/gaxis_rst_sync.xpm_cdc_sync_rst_inst/syncstages_ff_reg[0]/C

Slack:                    inf
  Source:                 sw[1]
                            (input port)
  Destination:            ewma_inst/fifo_x_inst/inst/gen_fifo.xpm_fifo_axis_inst/gaxis_rst_sync.xpm_cdc_sync_rst_inst/syncstages_ff_reg[0]/D
                            (rising edge-triggered cell FDRE clocked by clk  {rise@0.000ns fall@5.000ns period=10.000ns})
  Path Group:             (none)
  Path Type:              Hold (Min at Fast Process Corner)
  Data Path Delay:        2.607ns  (logic 0.338ns (12.980%)  route 2.269ns (87.020%))
  Logic Levels:           3  (IBUF=1 LUT1=1 LUT2=1)
  Clock Path Skew:        2.074ns (DCD - SCD - CPR)
    Destination Clock Delay (DCD):    2.074ns
    Source Clock Delay      (SCD):    0.000ns
    Clock Pessimism Removal (CPR):    -0.000ns
  Timing Exception:       False Path

    Location             Delay type                Incr(ns)  Path(ns)    Netlist Resource(s)
  -------------------------------------------------------------------    -------------------
    L16                                               0.000     0.000 f  sw[1] (IN)
                         net (fo=0)                   0.000     0.000    sw[1]
    L16                  IBUF (Prop_ibuf_I_O)         0.247     0.247 f  sw_IBUF[1]_inst/O
                         net (fo=7, routed)           1.764     2.012    ewma_inst/fifo_feedback_instances[3].fifo_feedback_inst_i/sw_IBUF[0]
    SLICE_X36Y39         LUT2 (Prop_lut2_I0_O)        0.045     2.057 f  ewma_inst/fifo_feedback_instances[3].fifo_feedback_inst_i/fifo_x_inst_i_1__2/O
                         net (fo=31, routed)          0.504     2.561    ewma_inst/fifo_x_inst/inst/gen_fifo.xpm_fifo_axis_inst/s_aresetn
    SLICE_X43Y43         LUT1 (Prop_lut1_I0_O)        0.046     2.607 r  ewma_inst/fifo_x_inst/inst/gen_fifo.xpm_fifo_axis_inst/gaxis_rst_sync.xpm_cdc_sync_rst_inst_i_1/O
                         net (fo=1, routed)           0.000     2.607    ewma_inst/fifo_x_inst/inst/gen_fifo.xpm_fifo_axis_inst/gaxis_rst_sync.xpm_cdc_sync_rst_inst/src_rst
    SLICE_X43Y43         FDRE                                         r  ewma_inst/fifo_x_inst/inst/gen_fifo.xpm_fifo_axis_inst/gaxis_rst_sync.xpm_cdc_sync_rst_inst/syncstages_ff_reg[0]/D
  -------------------------------------------------------------------    -------------------

                         (clock clk rise edge)        0.000     0.000 r  
    E3                                                0.000     0.000 r  clk (IN)
                         net (fo=0)                   0.000     0.000    clk
    E3                   IBUF (Prop_ibuf_I_O)         0.438     0.438 r  clk_IBUF_inst/O
                         net (fo=1, routed)           0.699     1.136    clk_IBUF
    BUFGCTRL_X0Y16       BUFG (Prop_bufg_I_O)         0.029     1.165 r  clk_IBUF_BUFG_inst/O
                         net (fo=25802, routed)       0.909     2.074    ewma_inst/fifo_x_inst/inst/gen_fifo.xpm_fifo_axis_inst/gaxis_rst_sync.xpm_cdc_sync_rst_inst/dest_clk
    SLICE_X43Y43         FDRE                                         r  ewma_inst/fifo_x_inst/inst/gen_fifo.xpm_fifo_axis_inst/gaxis_rst_sync.xpm_cdc_sync_rst_inst/syncstages_ff_reg[0]/C

Slack:                    inf
  Source:                 sw[1]
                            (input port)
  Destination:            ewma_inst/fifo_input_instances[0].fifo_input_inst_i/inst/gen_fifo.xpm_fifo_axis_inst/gaxis_rst_sync.xpm_cdc_sync_rst_inst/syncstages_ff_reg[0]/D
                            (rising edge-triggered cell FDRE clocked by clk  {rise@0.000ns fall@5.000ns period=10.000ns})
  Path Group:             (none)
  Path Type:              Hold (Min at Fast Process Corner)
  Data Path Delay:        2.630ns  (logic 0.337ns (12.832%)  route 2.292ns (87.168%))
  Logic Levels:           3  (IBUF=1 LUT1=1 LUT2=1)
  Clock Path Skew:        2.072ns (DCD - SCD - CPR)
    Destination Clock Delay (DCD):    2.072ns
    Source Clock Delay      (SCD):    0.000ns
    Clock Pessimism Removal (CPR):    -0.000ns
  Timing Exception:       False Path

    Location             Delay type                Incr(ns)  Path(ns)    Netlist Resource(s)
  -------------------------------------------------------------------    -------------------
    L16                                               0.000     0.000 f  sw[1] (IN)
                         net (fo=0)                   0.000     0.000    sw[1]
    L16                  IBUF (Prop_ibuf_I_O)         0.247     0.247 f  sw_IBUF[1]_inst/O
                         net (fo=7, routed)           1.764     2.012    ewma_inst/fifo_feedback_instances[3].fifo_feedback_inst_i/sw_IBUF[0]
    SLICE_X36Y39         LUT2 (Prop_lut2_I0_O)        0.045     2.057 f  ewma_inst/fifo_feedback_instances[3].fifo_feedback_inst_i/fifo_x_inst_i_1__2/O
                         net (fo=31, routed)          0.476     2.533    ewma_inst/fifo_input_instances[0].fifo_input_inst_i/inst/gen_fifo.xpm_fifo_axis_inst/s_aresetn
    SLICE_X45Y39         LUT1 (Prop_lut1_I0_O)        0.045     2.578 r  ewma_inst/fifo_input_instances[0].fifo_input_inst_i/inst/gen_fifo.xpm_fifo_axis_inst/gaxis_rst_sync.xpm_cdc_sync_rst_inst_i_1/O
                         net (fo=1, routed)           0.051     2.630    ewma_inst/fifo_input_instances[0].fifo_input_inst_i/inst/gen_fifo.xpm_fifo_axis_inst/gaxis_rst_sync.xpm_cdc_sync_rst_inst/src_rst
    SLICE_X45Y39         FDRE                                         r  ewma_inst/fifo_input_instances[0].fifo_input_inst_i/inst/gen_fifo.xpm_fifo_axis_inst/gaxis_rst_sync.xpm_cdc_sync_rst_inst/syncstages_ff_reg[0]/D
  -------------------------------------------------------------------    -------------------

                         (clock clk rise edge)        0.000     0.000 r  
    E3                                                0.000     0.000 r  clk (IN)
                         net (fo=0)                   0.000     0.000    clk
    E3                   IBUF (Prop_ibuf_I_O)         0.438     0.438 r  clk_IBUF_inst/O
                         net (fo=1, routed)           0.699     1.136    clk_IBUF
    BUFGCTRL_X0Y16       BUFG (Prop_bufg_I_O)         0.029     1.165 r  clk_IBUF_BUFG_inst/O
                         net (fo=25802, routed)       0.907     2.072    ewma_inst/fifo_input_instances[0].fifo_input_inst_i/inst/gen_fifo.xpm_fifo_axis_inst/gaxis_rst_sync.xpm_cdc_sync_rst_inst/dest_clk
    SLICE_X45Y39         FDRE                                         r  ewma_inst/fifo_input_instances[0].fifo_input_inst_i/inst/gen_fifo.xpm_fifo_axis_inst/gaxis_rst_sync.xpm_cdc_sync_rst_inst/syncstages_ff_reg[0]/C

Slack:                    inf
  Source:                 sw[2]
                            (input port)
  Destination:            cusum_inst/cusum/gp_s_t_fifo_buffer/inst/gen_fifo.xpm_fifo_axis_inst/gaxis_rst_sync.xpm_cdc_sync_rst_inst/syncstages_ff_reg[0]/D
                            (rising edge-triggered cell FDRE clocked by clk  {rise@0.000ns fall@5.000ns period=10.000ns})
  Path Group:             (none)
  Path Type:              Hold (Min at Fast Process Corner)
  Data Path Delay:        2.693ns  (logic 0.298ns (11.061%)  route 2.396ns (88.939%))
  Logic Levels:           2  (IBUF=1 LUT2=1)
  Clock Path Skew:        2.072ns (DCD - SCD - CPR)
    Destination Clock Delay (DCD):    2.072ns
    Source Clock Delay      (SCD):    0.000ns
    Clock Pessimism Removal (CPR):    -0.000ns
  Timing Exception:       False Path

    Location             Delay type                Incr(ns)  Path(ns)    Netlist Resource(s)
  -------------------------------------------------------------------    -------------------
    M13                                               0.000     0.000 f  sw[2] (IN)
                         net (fo=0)                   0.000     0.000    sw[2]
    M13                  IBUF (Prop_ibuf_I_O)         0.253     0.253 f  sw_IBUF[2]_inst/O
                         net (fo=11, routed)          1.824     2.077    cusum_inst/cusum/sw_IBUF[0]
    SLICE_X26Y30         LUT2 (Prop_lut2_I0_O)        0.045     2.122 r  cusum_inst/cusum/bypass_current_sensor_fifo_buffer_i_1/O
                         net (fo=10, routed)          0.572     2.693    cusum_inst/cusum/gp_s_t_fifo_buffer/inst/gen_fifo.xpm_fifo_axis_inst/gaxis_rst_sync.xpm_cdc_sync_rst_inst/src_rst
    SLICE_X19Y18         FDRE                                         r  cusum_inst/cusum/gp_s_t_fifo_buffer/inst/gen_fifo.xpm_fifo_axis_inst/gaxis_rst_sync.xpm_cdc_sync_rst_inst/syncstages_ff_reg[0]/D
  -------------------------------------------------------------------    -------------------

                         (clock clk rise edge)        0.000     0.000 r  
    E3                                                0.000     0.000 r  clk (IN)
                         net (fo=0)                   0.000     0.000    clk
    E3                   IBUF (Prop_ibuf_I_O)         0.438     0.438 r  clk_IBUF_inst/O
                         net (fo=1, routed)           0.699     1.136    clk_IBUF
    BUFGCTRL_X0Y16       BUFG (Prop_bufg_I_O)         0.029     1.165 r  clk_IBUF_BUFG_inst/O
                         net (fo=25802, routed)       0.907     2.072    cusum_inst/cusum/gp_s_t_fifo_buffer/inst/gen_fifo.xpm_fifo_axis_inst/gaxis_rst_sync.xpm_cdc_sync_rst_inst/dest_clk
    SLICE_X19Y18         FDRE                                         r  cusum_inst/cusum/gp_s_t_fifo_buffer/inst/gen_fifo.xpm_fifo_axis_inst/gaxis_rst_sync.xpm_cdc_sync_rst_inst/syncstages_ff_reg[0]/C





--------------------------------------------------------------------------------------
Path Group:  (none)
From Clock:  clk
  To Clock:  clk

Max Delay            54 Endpoints
Min Delay            54 Endpoints
--------------------------------------------------------------------------------------


Max Delay Paths
--------------------------------------------------------------------------------------
Slack:                    inf
  Source:                 config_done_reg/C
                            (rising edge-triggered cell FDRE clocked by clk  {rise@0.000ns fall@5.000ns period=10.000ns})
  Destination:            z_score_inst/mean_inst/sum_buffering_instances[0].sum_buffering_inst_i/sum_inst/fifo_inst/inst/gen_fifo.xpm_fifo_axis_inst/gaxis_rst_sync.xpm_cdc_sync_rst_inst/syncstages_ff_reg[0]/D
                            (rising edge-triggered cell FDRE clocked by clk  {rise@0.000ns fall@5.000ns period=10.000ns})
  Path Group:             (none)
  Path Type:              Setup (Max at Slow Process Corner)
  Data Path Delay:        7.247ns  (logic 0.729ns (10.059%)  route 6.518ns (89.941%))
  Logic Levels:           2  (LUT1=1 LUT2=1)
  Clock Path Skew:        -0.210ns (DCD - SCD + CPR)
    Destination Clock Delay (DCD):    5.192ns
    Source Clock Delay      (SCD):    5.403ns
    Clock Pessimism Removal (CPR):    0.000ns
  Clock Uncertainty:      0.035ns  ((TSJ^2 + TIJ^2)^1/2 + DJ) / 2 + PE
    Total System Jitter     (TSJ):    0.071ns
    Total Input Jitter      (TIJ):    0.000ns
    Discrete Jitter          (DJ):    0.000ns
    Phase Error              (PE):    0.000ns
  Timing Exception:       False Path

    Location             Delay type                Incr(ns)  Path(ns)    Netlist Resource(s)
  -------------------------------------------------------------------    -------------------
                         (clock clk rise edge)        0.000     0.000 r  
    E3                                                0.000     0.000 r  clk (IN)
                         net (fo=0)                   0.000     0.000    clk
    E3                   IBUF (Prop_ibuf_I_O)         1.482     1.482 r  clk_IBUF_inst/O
                         net (fo=1, routed)           2.025     3.506    clk_IBUF
    BUFGCTRL_X0Y16       BUFG (Prop_bufg_I_O)         0.096     3.602 r  clk_IBUF_BUFG_inst/O
                         net (fo=25802, routed)       1.800     5.403    clk_IBUF_BUFG
    SLICE_X39Y30         FDRE                                         r  config_done_reg/C
  -------------------------------------------------------------------    -------------------
    SLICE_X39Y30         FDRE (Prop_fdre_C_Q)         0.456     5.859 f  config_done_reg/Q
                         net (fo=34, routed)          1.098     6.957    z_score_inst/std_dev_inst/sqrd_dev_inst/sum_buffering_instances[3].sum_buffering_inst_i/sum_inst/fifo1_m_tready_reg
    SLICE_X44Y50         LUT2 (Prop_lut2_I1_O)        0.124     7.081 f  z_score_inst/std_dev_inst/sqrd_dev_inst/sum_buffering_instances[3].sum_buffering_inst_i/sum_inst/fifo_inst_i_1__6/O
                         net (fo=73, routed)          4.468    11.549    z_score_inst/mean_inst/sum_buffering_instances[0].sum_buffering_inst_i/sum_inst/fifo_inst/inst/gen_fifo.xpm_fifo_axis_inst/s_aresetn
    SLICE_X6Y4           LUT1 (Prop_lut1_I0_O)        0.149    11.698 r  z_score_inst/mean_inst/sum_buffering_instances[0].sum_buffering_inst_i/sum_inst/fifo_inst/inst/gen_fifo.xpm_fifo_axis_inst/gaxis_rst_sync.xpm_cdc_sync_rst_inst_i_1/O
                         net (fo=1, routed)           0.952    12.650    z_score_inst/mean_inst/sum_buffering_instances[0].sum_buffering_inst_i/sum_inst/fifo_inst/inst/gen_fifo.xpm_fifo_axis_inst/gaxis_rst_sync.xpm_cdc_sync_rst_inst/src_rst
    SLICE_X5Y3           FDRE                                         r  z_score_inst/mean_inst/sum_buffering_instances[0].sum_buffering_inst_i/sum_inst/fifo_inst/inst/gen_fifo.xpm_fifo_axis_inst/gaxis_rst_sync.xpm_cdc_sync_rst_inst/syncstages_ff_reg[0]/D
  -------------------------------------------------------------------    -------------------

                         (clock clk rise edge)        0.000     0.000 r  
    E3                                                0.000     0.000 r  clk (IN)
                         net (fo=0)                   0.000     0.000    clk
    E3                   IBUF (Prop_ibuf_I_O)         1.411     1.411 r  clk_IBUF_inst/O
                         net (fo=1, routed)           1.920     3.331    clk_IBUF
    BUFGCTRL_X0Y16       BUFG (Prop_bufg_I_O)         0.091     3.422 r  clk_IBUF_BUFG_inst/O
                         net (fo=25802, routed)       1.770     5.192    z_score_inst/mean_inst/sum_buffering_instances[0].sum_buffering_inst_i/sum_inst/fifo_inst/inst/gen_fifo.xpm_fifo_axis_inst/gaxis_rst_sync.xpm_cdc_sync_rst_inst/dest_clk
    SLICE_X5Y3           FDRE                                         r  z_score_inst/mean_inst/sum_buffering_instances[0].sum_buffering_inst_i/sum_inst/fifo_inst/inst/gen_fifo.xpm_fifo_axis_inst/gaxis_rst_sync.xpm_cdc_sync_rst_inst/syncstages_ff_reg[0]/C

Slack:                    inf
  Source:                 config_done_reg/C
                            (rising edge-triggered cell FDRE clocked by clk  {rise@0.000ns fall@5.000ns period=10.000ns})
  Destination:            z_score_inst/std_dev_inst/sqrd_dev_inst/sum_buffering_instances[2].sum_buffering_inst_i/sum_inst/fifo_inst/inst/gen_fifo.xpm_fifo_axis_inst/gaxis_rst_sync.xpm_cdc_sync_rst_inst/syncstages_ff_reg[0]/D
                            (rising edge-triggered cell FDRE clocked by clk  {rise@0.000ns fall@5.000ns period=10.000ns})
  Path Group:             (none)
  Path Type:              Setup (Max at Slow Process Corner)
  Data Path Delay:        6.981ns  (logic 0.736ns (10.543%)  route 6.245ns (89.457%))
  Logic Levels:           2  (LUT1=1 LUT2=1)
  Clock Path Skew:        -0.394ns (DCD - SCD + CPR)
    Destination Clock Delay (DCD):    5.009ns
    Source Clock Delay      (SCD):    5.403ns
    Clock Pessimism Removal (CPR):    0.000ns
  Clock Uncertainty:      0.035ns  ((TSJ^2 + TIJ^2)^1/2 + DJ) / 2 + PE
    Total System Jitter     (TSJ):    0.071ns
    Total Input Jitter      (TIJ):    0.000ns
    Discrete Jitter          (DJ):    0.000ns
    Phase Error              (PE):    0.000ns
  Timing Exception:       False Path

    Location             Delay type                Incr(ns)  Path(ns)    Netlist Resource(s)
  -------------------------------------------------------------------    -------------------
                         (clock clk rise edge)        0.000     0.000 r  
    E3                                                0.000     0.000 r  clk (IN)
                         net (fo=0)                   0.000     0.000    clk
    E3                   IBUF (Prop_ibuf_I_O)         1.482     1.482 r  clk_IBUF_inst/O
                         net (fo=1, routed)           2.025     3.506    clk_IBUF
    BUFGCTRL_X0Y16       BUFG (Prop_bufg_I_O)         0.096     3.602 r  clk_IBUF_BUFG_inst/O
                         net (fo=25802, routed)       1.800     5.403    clk_IBUF_BUFG
    SLICE_X39Y30         FDRE                                         r  config_done_reg/C
  -------------------------------------------------------------------    -------------------
    SLICE_X39Y30         FDRE (Prop_fdre_C_Q)         0.456     5.859 f  config_done_reg/Q
                         net (fo=34, routed)          1.098     6.957    z_score_inst/std_dev_inst/sqrd_dev_inst/sum_buffering_instances[3].sum_buffering_inst_i/sum_inst/fifo1_m_tready_reg
    SLICE_X44Y50         LUT2 (Prop_lut2_I1_O)        0.124     7.081 f  z_score_inst/std_dev_inst/sqrd_dev_inst/sum_buffering_instances[3].sum_buffering_inst_i/sum_inst/fifo_inst_i_1__6/O
                         net (fo=73, routed)          4.494    11.575    z_score_inst/std_dev_inst/sqrd_dev_inst/sum_buffering_instances[2].sum_buffering_inst_i/sum_inst/fifo_inst/inst/gen_fifo.xpm_fifo_axis_inst/s_aresetn
    SLICE_X8Y74          LUT1 (Prop_lut1_I0_O)        0.156    11.731 r  z_score_inst/std_dev_inst/sqrd_dev_inst/sum_buffering_instances[2].sum_buffering_inst_i/sum_inst/fifo_inst/inst/gen_fifo.xpm_fifo_axis_inst/gaxis_rst_sync.xpm_cdc_sync_rst_inst_i_1/O
                         net (fo=1, routed)           0.652    12.384    z_score_inst/std_dev_inst/sqrd_dev_inst/sum_buffering_instances[2].sum_buffering_inst_i/sum_inst/fifo_inst/inst/gen_fifo.xpm_fifo_axis_inst/gaxis_rst_sync.xpm_cdc_sync_rst_inst/src_rst
    SLICE_X5Y74          FDRE                                         r  z_score_inst/std_dev_inst/sqrd_dev_inst/sum_buffering_instances[2].sum_buffering_inst_i/sum_inst/fifo_inst/inst/gen_fifo.xpm_fifo_axis_inst/gaxis_rst_sync.xpm_cdc_sync_rst_inst/syncstages_ff_reg[0]/D
  -------------------------------------------------------------------    -------------------

                         (clock clk rise edge)        0.000     0.000 r  
    E3                                                0.000     0.000 r  clk (IN)
                         net (fo=0)                   0.000     0.000    clk
    E3                   IBUF (Prop_ibuf_I_O)         1.411     1.411 r  clk_IBUF_inst/O
                         net (fo=1, routed)           1.920     3.331    clk_IBUF
    BUFGCTRL_X0Y16       BUFG (Prop_bufg_I_O)         0.091     3.422 r  clk_IBUF_BUFG_inst/O
                         net (fo=25802, routed)       1.586     5.009    z_score_inst/std_dev_inst/sqrd_dev_inst/sum_buffering_instances[2].sum_buffering_inst_i/sum_inst/fifo_inst/inst/gen_fifo.xpm_fifo_axis_inst/gaxis_rst_sync.xpm_cdc_sync_rst_inst/dest_clk
    SLICE_X5Y74          FDRE                                         r  z_score_inst/std_dev_inst/sqrd_dev_inst/sum_buffering_instances[2].sum_buffering_inst_i/sum_inst/fifo_inst/inst/gen_fifo.xpm_fifo_axis_inst/gaxis_rst_sync.xpm_cdc_sync_rst_inst/syncstages_ff_reg[0]/C

Slack:                    inf
  Source:                 config_done_reg/C
                            (rising edge-triggered cell FDRE clocked by clk  {rise@0.000ns fall@5.000ns period=10.000ns})
  Destination:            z_score_inst/mean_inst/sum_buffering_instances[0].sum_buffering_inst_i/fifo_buffer_inst/inst/gen_fifo.xpm_fifo_axis_inst/gaxis_rst_sync.xpm_cdc_sync_rst_inst/syncstages_ff_reg[0]/D
                            (rising edge-triggered cell FDRE clocked by clk  {rise@0.000ns fall@5.000ns period=10.000ns})
  Path Group:             (none)
  Path Type:              Setup (Max at Slow Process Corner)
  Data Path Delay:        6.856ns  (logic 0.704ns (10.268%)  route 6.152ns (89.732%))
  Logic Levels:           2  (LUT1=1 LUT2=1)
  Clock Path Skew:        -0.210ns (DCD - SCD + CPR)
    Destination Clock Delay (DCD):    5.192ns
    Source Clock Delay      (SCD):    5.403ns
    Clock Pessimism Removal (CPR):    0.000ns
  Clock Uncertainty:      0.035ns  ((TSJ^2 + TIJ^2)^1/2 + DJ) / 2 + PE
    Total System Jitter     (TSJ):    0.071ns
    Total Input Jitter      (TIJ):    0.000ns
    Discrete Jitter          (DJ):    0.000ns
    Phase Error              (PE):    0.000ns
  Timing Exception:       False Path

    Location             Delay type                Incr(ns)  Path(ns)    Netlist Resource(s)
  -------------------------------------------------------------------    -------------------
                         (clock clk rise edge)        0.000     0.000 r  
    E3                                                0.000     0.000 r  clk (IN)
                         net (fo=0)                   0.000     0.000    clk
    E3                   IBUF (Prop_ibuf_I_O)         1.482     1.482 r  clk_IBUF_inst/O
                         net (fo=1, routed)           2.025     3.506    clk_IBUF
    BUFGCTRL_X0Y16       BUFG (Prop_bufg_I_O)         0.096     3.602 r  clk_IBUF_BUFG_inst/O
                         net (fo=25802, routed)       1.800     5.403    clk_IBUF_BUFG
    SLICE_X39Y30         FDRE                                         r  config_done_reg/C
  -------------------------------------------------------------------    -------------------
    SLICE_X39Y30         FDRE (Prop_fdre_C_Q)         0.456     5.859 f  config_done_reg/Q
                         net (fo=34, routed)          1.098     6.957    z_score_inst/std_dev_inst/sqrd_dev_inst/sum_buffering_instances[3].sum_buffering_inst_i/sum_inst/fifo1_m_tready_reg
    SLICE_X44Y50         LUT2 (Prop_lut2_I1_O)        0.124     7.081 f  z_score_inst/std_dev_inst/sqrd_dev_inst/sum_buffering_instances[3].sum_buffering_inst_i/sum_inst/fifo_inst_i_1__6/O
                         net (fo=73, routed)          4.468    11.549    z_score_inst/mean_inst/sum_buffering_instances[0].sum_buffering_inst_i/fifo_buffer_inst/inst/gen_fifo.xpm_fifo_axis_inst/s_aresetn
    SLICE_X6Y4           LUT1 (Prop_lut1_I0_O)        0.124    11.673 r  z_score_inst/mean_inst/sum_buffering_instances[0].sum_buffering_inst_i/fifo_buffer_inst/inst/gen_fifo.xpm_fifo_axis_inst/gaxis_rst_sync.xpm_cdc_sync_rst_inst_i_1/O
                         net (fo=1, routed)           0.586    12.259    z_score_inst/mean_inst/sum_buffering_instances[0].sum_buffering_inst_i/fifo_buffer_inst/inst/gen_fifo.xpm_fifo_axis_inst/gaxis_rst_sync.xpm_cdc_sync_rst_inst/src_rst
    SLICE_X6Y4           FDRE                                         r  z_score_inst/mean_inst/sum_buffering_instances[0].sum_buffering_inst_i/fifo_buffer_inst/inst/gen_fifo.xpm_fifo_axis_inst/gaxis_rst_sync.xpm_cdc_sync_rst_inst/syncstages_ff_reg[0]/D
  -------------------------------------------------------------------    -------------------

                         (clock clk rise edge)        0.000     0.000 r  
    E3                                                0.000     0.000 r  clk (IN)
                         net (fo=0)                   0.000     0.000    clk
    E3                   IBUF (Prop_ibuf_I_O)         1.411     1.411 r  clk_IBUF_inst/O
                         net (fo=1, routed)           1.920     3.331    clk_IBUF
    BUFGCTRL_X0Y16       BUFG (Prop_bufg_I_O)         0.091     3.422 r  clk_IBUF_BUFG_inst/O
                         net (fo=25802, routed)       1.770     5.192    z_score_inst/mean_inst/sum_buffering_instances[0].sum_buffering_inst_i/fifo_buffer_inst/inst/gen_fifo.xpm_fifo_axis_inst/gaxis_rst_sync.xpm_cdc_sync_rst_inst/dest_clk
    SLICE_X6Y4           FDRE                                         r  z_score_inst/mean_inst/sum_buffering_instances[0].sum_buffering_inst_i/fifo_buffer_inst/inst/gen_fifo.xpm_fifo_axis_inst/gaxis_rst_sync.xpm_cdc_sync_rst_inst/syncstages_ff_reg[0]/C

Slack:                    inf
  Source:                 config_done_reg/C
                            (rising edge-triggered cell FDRE clocked by clk  {rise@0.000ns fall@5.000ns period=10.000ns})
  Destination:            z_score_inst/std_dev_inst/sqrd_dev_inst/sum_buffering_instances[2].sum_buffering_inst_i/fifo_buffer_inst/inst/gen_fifo.xpm_fifo_axis_inst/gaxis_rst_sync.xpm_cdc_sync_rst_inst/syncstages_ff_reg[0]/D
                            (rising edge-triggered cell FDRE clocked by clk  {rise@0.000ns fall@5.000ns period=10.000ns})
  Path Group:             (none)
  Path Type:              Setup (Max at Slow Process Corner)
  Data Path Delay:        6.840ns  (logic 0.704ns (10.292%)  route 6.136ns (89.708%))
  Logic Levels:           2  (LUT1=1 LUT2=1)
  Clock Path Skew:        -0.473ns (DCD - SCD + CPR)
    Destination Clock Delay (DCD):    4.930ns
    Source Clock Delay      (SCD):    5.403ns
    Clock Pessimism Removal (CPR):    0.000ns
  Clock Uncertainty:      0.035ns  ((TSJ^2 + TIJ^2)^1/2 + DJ) / 2 + PE
    Total System Jitter     (TSJ):    0.071ns
    Total Input Jitter      (TIJ):    0.000ns
    Discrete Jitter          (DJ):    0.000ns
    Phase Error              (PE):    0.000ns
  Timing Exception:       False Path

    Location             Delay type                Incr(ns)  Path(ns)    Netlist Resource(s)
  -------------------------------------------------------------------    -------------------
                         (clock clk rise edge)        0.000     0.000 r  
    E3                                                0.000     0.000 r  clk (IN)
                         net (fo=0)                   0.000     0.000    clk
    E3                   IBUF (Prop_ibuf_I_O)         1.482     1.482 r  clk_IBUF_inst/O
                         net (fo=1, routed)           2.025     3.506    clk_IBUF
    BUFGCTRL_X0Y16       BUFG (Prop_bufg_I_O)         0.096     3.602 r  clk_IBUF_BUFG_inst/O
                         net (fo=25802, routed)       1.800     5.403    clk_IBUF_BUFG
    SLICE_X39Y30         FDRE                                         r  config_done_reg/C
  -------------------------------------------------------------------    -------------------
    SLICE_X39Y30         FDRE (Prop_fdre_C_Q)         0.456     5.859 f  config_done_reg/Q
                         net (fo=34, routed)          1.098     6.957    z_score_inst/std_dev_inst/sqrd_dev_inst/sum_buffering_instances[3].sum_buffering_inst_i/sum_inst/fifo1_m_tready_reg
    SLICE_X44Y50         LUT2 (Prop_lut2_I1_O)        0.124     7.081 f  z_score_inst/std_dev_inst/sqrd_dev_inst/sum_buffering_instances[3].sum_buffering_inst_i/sum_inst/fifo_inst_i_1__6/O
                         net (fo=73, routed)          4.494    11.575    z_score_inst/std_dev_inst/sqrd_dev_inst/sum_buffering_instances[2].sum_buffering_inst_i/fifo_buffer_inst/inst/gen_fifo.xpm_fifo_axis_inst/s_aresetn
    SLICE_X8Y74          LUT1 (Prop_lut1_I0_O)        0.124    11.699 r  z_score_inst/std_dev_inst/sqrd_dev_inst/sum_buffering_instances[2].sum_buffering_inst_i/fifo_buffer_inst/inst/gen_fifo.xpm_fifo_axis_inst/gaxis_rst_sync.xpm_cdc_sync_rst_inst_i_1/O
                         net (fo=1, routed)           0.544    12.243    z_score_inst/std_dev_inst/sqrd_dev_inst/sum_buffering_instances[2].sum_buffering_inst_i/fifo_buffer_inst/inst/gen_fifo.xpm_fifo_axis_inst/gaxis_rst_sync.xpm_cdc_sync_rst_inst/src_rst
    SLICE_X8Y74          FDRE                                         r  z_score_inst/std_dev_inst/sqrd_dev_inst/sum_buffering_instances[2].sum_buffering_inst_i/fifo_buffer_inst/inst/gen_fifo.xpm_fifo_axis_inst/gaxis_rst_sync.xpm_cdc_sync_rst_inst/syncstages_ff_reg[0]/D
  -------------------------------------------------------------------    -------------------

                         (clock clk rise edge)        0.000     0.000 r  
    E3                                                0.000     0.000 r  clk (IN)
                         net (fo=0)                   0.000     0.000    clk
    E3                   IBUF (Prop_ibuf_I_O)         1.411     1.411 r  clk_IBUF_inst/O
                         net (fo=1, routed)           1.920     3.331    clk_IBUF
    BUFGCTRL_X0Y16       BUFG (Prop_bufg_I_O)         0.091     3.422 r  clk_IBUF_BUFG_inst/O
                         net (fo=25802, routed)       1.507     4.930    z_score_inst/std_dev_inst/sqrd_dev_inst/sum_buffering_instances[2].sum_buffering_inst_i/fifo_buffer_inst/inst/gen_fifo.xpm_fifo_axis_inst/gaxis_rst_sync.xpm_cdc_sync_rst_inst/dest_clk
    SLICE_X8Y74          FDRE                                         r  z_score_inst/std_dev_inst/sqrd_dev_inst/sum_buffering_instances[2].sum_buffering_inst_i/fifo_buffer_inst/inst/gen_fifo.xpm_fifo_axis_inst/gaxis_rst_sync.xpm_cdc_sync_rst_inst/syncstages_ff_reg[0]/C

Slack:                    inf
  Source:                 config_done_reg/C
                            (rising edge-triggered cell FDRE clocked by clk  {rise@0.000ns fall@5.000ns period=10.000ns})
  Destination:            z_score_inst/std_dev_inst/sqrd_dev_inst/sum_buffering_instances[1].sum_buffering_inst_i/fifo_buffer_inst/inst/gen_fifo.xpm_fifo_axis_inst/gaxis_rst_sync.xpm_cdc_sync_rst_inst/syncstages_ff_reg[0]/D
                            (rising edge-triggered cell FDRE clocked by clk  {rise@0.000ns fall@5.000ns period=10.000ns})
  Path Group:             (none)
  Path Type:              Setup (Max at Slow Process Corner)
  Data Path Delay:        6.118ns  (logic 0.704ns (11.507%)  route 5.414ns (88.493%))
  Logic Levels:           2  (LUT1=1 LUT2=1)
  Clock Path Skew:        -0.383ns (DCD - SCD + CPR)
    Destination Clock Delay (DCD):    5.020ns
    Source Clock Delay      (SCD):    5.403ns
    Clock Pessimism Removal (CPR):    0.000ns
  Clock Uncertainty:      0.035ns  ((TSJ^2 + TIJ^2)^1/2 + DJ) / 2 + PE
    Total System Jitter     (TSJ):    0.071ns
    Total Input Jitter      (TIJ):    0.000ns
    Discrete Jitter          (DJ):    0.000ns
    Phase Error              (PE):    0.000ns
  Timing Exception:       False Path

    Location             Delay type                Incr(ns)  Path(ns)    Netlist Resource(s)
  -------------------------------------------------------------------    -------------------
                         (clock clk rise edge)        0.000     0.000 r  
    E3                                                0.000     0.000 r  clk (IN)
                         net (fo=0)                   0.000     0.000    clk
    E3                   IBUF (Prop_ibuf_I_O)         1.482     1.482 r  clk_IBUF_inst/O
                         net (fo=1, routed)           2.025     3.506    clk_IBUF
    BUFGCTRL_X0Y16       BUFG (Prop_bufg_I_O)         0.096     3.602 r  clk_IBUF_BUFG_inst/O
                         net (fo=25802, routed)       1.800     5.403    clk_IBUF_BUFG
    SLICE_X39Y30         FDRE                                         r  config_done_reg/C
  -------------------------------------------------------------------    -------------------
    SLICE_X39Y30         FDRE (Prop_fdre_C_Q)         0.456     5.859 f  config_done_reg/Q
                         net (fo=34, routed)          1.098     6.957    z_score_inst/std_dev_inst/sqrd_dev_inst/sum_buffering_instances[3].sum_buffering_inst_i/sum_inst/fifo1_m_tready_reg
    SLICE_X44Y50         LUT2 (Prop_lut2_I1_O)        0.124     7.081 f  z_score_inst/std_dev_inst/sqrd_dev_inst/sum_buffering_instances[3].sum_buffering_inst_i/sum_inst/fifo_inst_i_1__6/O
                         net (fo=73, routed)          3.876    10.957    z_score_inst/std_dev_inst/sqrd_dev_inst/sum_buffering_instances[1].sum_buffering_inst_i/fifo_buffer_inst/inst/gen_fifo.xpm_fifo_axis_inst/s_aresetn
    SLICE_X77Y88         LUT1 (Prop_lut1_I0_O)        0.124    11.081 r  z_score_inst/std_dev_inst/sqrd_dev_inst/sum_buffering_instances[1].sum_buffering_inst_i/fifo_buffer_inst/inst/gen_fifo.xpm_fifo_axis_inst/gaxis_rst_sync.xpm_cdc_sync_rst_inst_i_1/O
                         net (fo=1, routed)           0.439    11.521    z_score_inst/std_dev_inst/sqrd_dev_inst/sum_buffering_instances[1].sum_buffering_inst_i/fifo_buffer_inst/inst/gen_fifo.xpm_fifo_axis_inst/gaxis_rst_sync.xpm_cdc_sync_rst_inst/src_rst
    SLICE_X78Y88         FDRE                                         r  z_score_inst/std_dev_inst/sqrd_dev_inst/sum_buffering_instances[1].sum_buffering_inst_i/fifo_buffer_inst/inst/gen_fifo.xpm_fifo_axis_inst/gaxis_rst_sync.xpm_cdc_sync_rst_inst/syncstages_ff_reg[0]/D
  -------------------------------------------------------------------    -------------------

                         (clock clk rise edge)        0.000     0.000 r  
    E3                                                0.000     0.000 r  clk (IN)
                         net (fo=0)                   0.000     0.000    clk
    E3                   IBUF (Prop_ibuf_I_O)         1.411     1.411 r  clk_IBUF_inst/O
                         net (fo=1, routed)           1.920     3.331    clk_IBUF
    BUFGCTRL_X0Y16       BUFG (Prop_bufg_I_O)         0.091     3.422 r  clk_IBUF_BUFG_inst/O
                         net (fo=25802, routed)       1.597     5.020    z_score_inst/std_dev_inst/sqrd_dev_inst/sum_buffering_instances[1].sum_buffering_inst_i/fifo_buffer_inst/inst/gen_fifo.xpm_fifo_axis_inst/gaxis_rst_sync.xpm_cdc_sync_rst_inst/dest_clk
    SLICE_X78Y88         FDRE                                         r  z_score_inst/std_dev_inst/sqrd_dev_inst/sum_buffering_instances[1].sum_buffering_inst_i/fifo_buffer_inst/inst/gen_fifo.xpm_fifo_axis_inst/gaxis_rst_sync.xpm_cdc_sync_rst_inst/syncstages_ff_reg[0]/C

Slack:                    inf
  Source:                 config_done_reg/C
                            (rising edge-triggered cell FDRE clocked by clk  {rise@0.000ns fall@5.000ns period=10.000ns})
  Destination:            z_score_inst/std_dev_inst/sqrd_dev_inst/fifo_instances_sum[0].fifo_sum_inst_i/inst/gen_fifo.xpm_fifo_axis_inst/gaxis_rst_sync.xpm_cdc_sync_rst_inst/syncstages_ff_reg[0]/D
                            (rising edge-triggered cell FDRE clocked by clk  {rise@0.000ns fall@5.000ns period=10.000ns})
  Path Group:             (none)
  Path Type:              Setup (Max at Slow Process Corner)
  Data Path Delay:        6.027ns  (logic 0.704ns (11.681%)  route 5.323ns (88.319%))
  Logic Levels:           2  (LUT1=1 LUT2=1)
  Clock Path Skew:        -0.485ns (DCD - SCD + CPR)
    Destination Clock Delay (DCD):    4.918ns
    Source Clock Delay      (SCD):    5.403ns
    Clock Pessimism Removal (CPR):    0.000ns
  Clock Uncertainty:      0.035ns  ((TSJ^2 + TIJ^2)^1/2 + DJ) / 2 + PE
    Total System Jitter     (TSJ):    0.071ns
    Total Input Jitter      (TIJ):    0.000ns
    Discrete Jitter          (DJ):    0.000ns
    Phase Error              (PE):    0.000ns
  Timing Exception:       False Path

    Location             Delay type                Incr(ns)  Path(ns)    Netlist Resource(s)
  -------------------------------------------------------------------    -------------------
                         (clock clk rise edge)        0.000     0.000 r  
    E3                                                0.000     0.000 r  clk (IN)
                         net (fo=0)                   0.000     0.000    clk
    E3                   IBUF (Prop_ibuf_I_O)         1.482     1.482 r  clk_IBUF_inst/O
                         net (fo=1, routed)           2.025     3.506    clk_IBUF
    BUFGCTRL_X0Y16       BUFG (Prop_bufg_I_O)         0.096     3.602 r  clk_IBUF_BUFG_inst/O
                         net (fo=25802, routed)       1.800     5.403    clk_IBUF_BUFG
    SLICE_X39Y30         FDRE                                         r  config_done_reg/C
  -------------------------------------------------------------------    -------------------
    SLICE_X39Y30         FDRE (Prop_fdre_C_Q)         0.456     5.859 f  config_done_reg/Q
                         net (fo=34, routed)          1.098     6.957    z_score_inst/std_dev_inst/sqrd_dev_inst/sum_buffering_instances[3].sum_buffering_inst_i/sum_inst/fifo1_m_tready_reg
    SLICE_X44Y50         LUT2 (Prop_lut2_I1_O)        0.124     7.081 f  z_score_inst/std_dev_inst/sqrd_dev_inst/sum_buffering_instances[3].sum_buffering_inst_i/sum_inst/fifo_inst_i_1__6/O
                         net (fo=73, routed)          3.295    10.376    z_score_inst/std_dev_inst/sqrd_dev_inst/fifo_instances_sum[0].fifo_sum_inst_i/inst/gen_fifo.xpm_fifo_axis_inst/s_aresetn
    SLICE_X78Y75         LUT1 (Prop_lut1_I0_O)        0.124    10.500 r  z_score_inst/std_dev_inst/sqrd_dev_inst/fifo_instances_sum[0].fifo_sum_inst_i/inst/gen_fifo.xpm_fifo_axis_inst/gaxis_rst_sync.xpm_cdc_sync_rst_inst_i_1/O
                         net (fo=1, routed)           0.930    11.429    z_score_inst/std_dev_inst/sqrd_dev_inst/fifo_instances_sum[0].fifo_sum_inst_i/inst/gen_fifo.xpm_fifo_axis_inst/gaxis_rst_sync.xpm_cdc_sync_rst_inst/src_rst
    SLICE_X64Y74         FDRE                                         r  z_score_inst/std_dev_inst/sqrd_dev_inst/fifo_instances_sum[0].fifo_sum_inst_i/inst/gen_fifo.xpm_fifo_axis_inst/gaxis_rst_sync.xpm_cdc_sync_rst_inst/syncstages_ff_reg[0]/D
  -------------------------------------------------------------------    -------------------

                         (clock clk rise edge)        0.000     0.000 r  
    E3                                                0.000     0.000 r  clk (IN)
                         net (fo=0)                   0.000     0.000    clk
    E3                   IBUF (Prop_ibuf_I_O)         1.411     1.411 r  clk_IBUF_inst/O
                         net (fo=1, routed)           1.920     3.331    clk_IBUF
    BUFGCTRL_X0Y16       BUFG (Prop_bufg_I_O)         0.091     3.422 r  clk_IBUF_BUFG_inst/O
                         net (fo=25802, routed)       1.495     4.918    z_score_inst/std_dev_inst/sqrd_dev_inst/fifo_instances_sum[0].fifo_sum_inst_i/inst/gen_fifo.xpm_fifo_axis_inst/gaxis_rst_sync.xpm_cdc_sync_rst_inst/dest_clk
    SLICE_X64Y74         FDRE                                         r  z_score_inst/std_dev_inst/sqrd_dev_inst/fifo_instances_sum[0].fifo_sum_inst_i/inst/gen_fifo.xpm_fifo_axis_inst/gaxis_rst_sync.xpm_cdc_sync_rst_inst/syncstages_ff_reg[0]/C

Slack:                    inf
  Source:                 config_done_reg/C
                            (rising edge-triggered cell FDRE clocked by clk  {rise@0.000ns fall@5.000ns period=10.000ns})
  Destination:            z_score_inst/std_dev_inst/sqrd_dev_inst/sum_buffering_instances[3].sum_buffering_inst_i/fifo_buffer_inst/inst/gen_fifo.xpm_fifo_axis_inst/gaxis_rst_sync.xpm_cdc_sync_rst_inst/syncstages_ff_reg[0]/D
                            (rising edge-triggered cell FDRE clocked by clk  {rise@0.000ns fall@5.000ns period=10.000ns})
  Path Group:             (none)
  Path Type:              Setup (Max at Slow Process Corner)
  Data Path Delay:        5.938ns  (logic 0.704ns (11.856%)  route 5.234ns (88.144%))
  Logic Levels:           2  (LUT1=1 LUT2=1)
  Clock Path Skew:        -0.388ns (DCD - SCD + CPR)
    Destination Clock Delay (DCD):    5.015ns
    Source Clock Delay      (SCD):    5.403ns
    Clock Pessimism Removal (CPR):    0.000ns
  Clock Uncertainty:      0.035ns  ((TSJ^2 + TIJ^2)^1/2 + DJ) / 2 + PE
    Total System Jitter     (TSJ):    0.071ns
    Total Input Jitter      (TIJ):    0.000ns
    Discrete Jitter          (DJ):    0.000ns
    Phase Error              (PE):    0.000ns
  Timing Exception:       False Path

    Location             Delay type                Incr(ns)  Path(ns)    Netlist Resource(s)
  -------------------------------------------------------------------    -------------------
                         (clock clk rise edge)        0.000     0.000 r  
    E3                                                0.000     0.000 r  clk (IN)
                         net (fo=0)                   0.000     0.000    clk
    E3                   IBUF (Prop_ibuf_I_O)         1.482     1.482 r  clk_IBUF_inst/O
                         net (fo=1, routed)           2.025     3.506    clk_IBUF
    BUFGCTRL_X0Y16       BUFG (Prop_bufg_I_O)         0.096     3.602 r  clk_IBUF_BUFG_inst/O
                         net (fo=25802, routed)       1.800     5.403    clk_IBUF_BUFG
    SLICE_X39Y30         FDRE                                         r  config_done_reg/C
  -------------------------------------------------------------------    -------------------
    SLICE_X39Y30         FDRE (Prop_fdre_C_Q)         0.456     5.859 f  config_done_reg/Q
                         net (fo=34, routed)          1.098     6.957    z_score_inst/std_dev_inst/sqrd_dev_inst/sum_buffering_instances[3].sum_buffering_inst_i/sum_inst/fifo1_m_tready_reg
    SLICE_X44Y50         LUT2 (Prop_lut2_I1_O)        0.124     7.081 f  z_score_inst/std_dev_inst/sqrd_dev_inst/sum_buffering_instances[3].sum_buffering_inst_i/sum_inst/fifo_inst_i_1__6/O
                         net (fo=73, routed)          3.684    10.764    z_score_inst/std_dev_inst/sqrd_dev_inst/sum_buffering_instances[3].sum_buffering_inst_i/fifo_buffer_inst/inst/gen_fifo.xpm_fifo_axis_inst/s_aresetn
    SLICE_X80Y79         LUT1 (Prop_lut1_I0_O)        0.124    10.888 r  z_score_inst/std_dev_inst/sqrd_dev_inst/sum_buffering_instances[3].sum_buffering_inst_i/fifo_buffer_inst/inst/gen_fifo.xpm_fifo_axis_inst/gaxis_rst_sync.xpm_cdc_sync_rst_inst_i_1/O
                         net (fo=1, routed)           0.452    11.340    z_score_inst/std_dev_inst/sqrd_dev_inst/sum_buffering_instances[3].sum_buffering_inst_i/fifo_buffer_inst/inst/gen_fifo.xpm_fifo_axis_inst/gaxis_rst_sync.xpm_cdc_sync_rst_inst/src_rst
    SLICE_X80Y79         FDRE                                         r  z_score_inst/std_dev_inst/sqrd_dev_inst/sum_buffering_instances[3].sum_buffering_inst_i/fifo_buffer_inst/inst/gen_fifo.xpm_fifo_axis_inst/gaxis_rst_sync.xpm_cdc_sync_rst_inst/syncstages_ff_reg[0]/D
  -------------------------------------------------------------------    -------------------

                         (clock clk rise edge)        0.000     0.000 r  
    E3                                                0.000     0.000 r  clk (IN)
                         net (fo=0)                   0.000     0.000    clk
    E3                   IBUF (Prop_ibuf_I_O)         1.411     1.411 r  clk_IBUF_inst/O
                         net (fo=1, routed)           1.920     3.331    clk_IBUF
    BUFGCTRL_X0Y16       BUFG (Prop_bufg_I_O)         0.091     3.422 r  clk_IBUF_BUFG_inst/O
                         net (fo=25802, routed)       1.592     5.015    z_score_inst/std_dev_inst/sqrd_dev_inst/sum_buffering_instances[3].sum_buffering_inst_i/fifo_buffer_inst/inst/gen_fifo.xpm_fifo_axis_inst/gaxis_rst_sync.xpm_cdc_sync_rst_inst/dest_clk
    SLICE_X80Y79         FDRE                                         r  z_score_inst/std_dev_inst/sqrd_dev_inst/sum_buffering_instances[3].sum_buffering_inst_i/fifo_buffer_inst/inst/gen_fifo.xpm_fifo_axis_inst/gaxis_rst_sync.xpm_cdc_sync_rst_inst/syncstages_ff_reg[0]/C

Slack:                    inf
  Source:                 config_done_reg/C
                            (rising edge-triggered cell FDRE clocked by clk  {rise@0.000ns fall@5.000ns period=10.000ns})
  Destination:            z_score_inst/mean_inst/sum_buffering_instances[2].sum_buffering_inst_i/fifo_buffer_inst/inst/gen_fifo.xpm_fifo_axis_inst/gaxis_rst_sync.xpm_cdc_sync_rst_inst/syncstages_ff_reg[0]/D
                            (rising edge-triggered cell FDRE clocked by clk  {rise@0.000ns fall@5.000ns period=10.000ns})
  Path Group:             (none)
  Path Type:              Setup (Max at Slow Process Corner)
  Data Path Delay:        5.782ns  (logic 0.704ns (12.177%)  route 5.078ns (87.823%))
  Logic Levels:           2  (LUT1=1 LUT2=1)
  Clock Path Skew:        -0.300ns (DCD - SCD + CPR)
    Destination Clock Delay (DCD):    5.102ns
    Source Clock Delay      (SCD):    5.403ns
    Clock Pessimism Removal (CPR):    0.000ns
  Clock Uncertainty:      0.035ns  ((TSJ^2 + TIJ^2)^1/2 + DJ) / 2 + PE
    Total System Jitter     (TSJ):    0.071ns
    Total Input Jitter      (TIJ):    0.000ns
    Discrete Jitter          (DJ):    0.000ns
    Phase Error              (PE):    0.000ns
  Timing Exception:       False Path

    Location             Delay type                Incr(ns)  Path(ns)    Netlist Resource(s)
  -------------------------------------------------------------------    -------------------
                         (clock clk rise edge)        0.000     0.000 r  
    E3                                                0.000     0.000 r  clk (IN)
                         net (fo=0)                   0.000     0.000    clk
    E3                   IBUF (Prop_ibuf_I_O)         1.482     1.482 r  clk_IBUF_inst/O
                         net (fo=1, routed)           2.025     3.506    clk_IBUF
    BUFGCTRL_X0Y16       BUFG (Prop_bufg_I_O)         0.096     3.602 r  clk_IBUF_BUFG_inst/O
                         net (fo=25802, routed)       1.800     5.403    clk_IBUF_BUFG
    SLICE_X39Y30         FDRE                                         r  config_done_reg/C
  -------------------------------------------------------------------    -------------------
    SLICE_X39Y30         FDRE (Prop_fdre_C_Q)         0.456     5.859 f  config_done_reg/Q
                         net (fo=34, routed)          1.098     6.957    z_score_inst/std_dev_inst/sqrd_dev_inst/sum_buffering_instances[3].sum_buffering_inst_i/sum_inst/fifo1_m_tready_reg
    SLICE_X44Y50         LUT2 (Prop_lut2_I1_O)        0.124     7.081 f  z_score_inst/std_dev_inst/sqrd_dev_inst/sum_buffering_instances[3].sum_buffering_inst_i/sum_inst/fifo_inst_i_1__6/O
                         net (fo=73, routed)          3.336    10.417    z_score_inst/mean_inst/sum_buffering_instances[2].sum_buffering_inst_i/fifo_buffer_inst/inst/gen_fifo.xpm_fifo_axis_inst/s_aresetn
    SLICE_X43Y3          LUT1 (Prop_lut1_I0_O)        0.124    10.541 r  z_score_inst/mean_inst/sum_buffering_instances[2].sum_buffering_inst_i/fifo_buffer_inst/inst/gen_fifo.xpm_fifo_axis_inst/gaxis_rst_sync.xpm_cdc_sync_rst_inst_i_1/O
                         net (fo=1, routed)           0.643    11.184    z_score_inst/mean_inst/sum_buffering_instances[2].sum_buffering_inst_i/fifo_buffer_inst/inst/gen_fifo.xpm_fifo_axis_inst/gaxis_rst_sync.xpm_cdc_sync_rst_inst/src_rst
    SLICE_X43Y3          FDRE                                         r  z_score_inst/mean_inst/sum_buffering_instances[2].sum_buffering_inst_i/fifo_buffer_inst/inst/gen_fifo.xpm_fifo_axis_inst/gaxis_rst_sync.xpm_cdc_sync_rst_inst/syncstages_ff_reg[0]/D
  -------------------------------------------------------------------    -------------------

                         (clock clk rise edge)        0.000     0.000 r  
    E3                                                0.000     0.000 r  clk (IN)
                         net (fo=0)                   0.000     0.000    clk
    E3                   IBUF (Prop_ibuf_I_O)         1.411     1.411 r  clk_IBUF_inst/O
                         net (fo=1, routed)           1.920     3.331    clk_IBUF
    BUFGCTRL_X0Y16       BUFG (Prop_bufg_I_O)         0.091     3.422 r  clk_IBUF_BUFG_inst/O
                         net (fo=25802, routed)       1.680     5.102    z_score_inst/mean_inst/sum_buffering_instances[2].sum_buffering_inst_i/fifo_buffer_inst/inst/gen_fifo.xpm_fifo_axis_inst/gaxis_rst_sync.xpm_cdc_sync_rst_inst/dest_clk
    SLICE_X43Y3          FDRE                                         r  z_score_inst/mean_inst/sum_buffering_instances[2].sum_buffering_inst_i/fifo_buffer_inst/inst/gen_fifo.xpm_fifo_axis_inst/gaxis_rst_sync.xpm_cdc_sync_rst_inst/syncstages_ff_reg[0]/C

Slack:                    inf
  Source:                 config_done_reg/C
                            (rising edge-triggered cell FDRE clocked by clk  {rise@0.000ns fall@5.000ns period=10.000ns})
  Destination:            z_score_inst/std_dev_inst/sqrd_dev_inst/sum_buffering_instances[1].sum_buffering_inst_i/sum_inst/fifo_inst/inst/gen_fifo.xpm_fifo_axis_inst/gaxis_rst_sync.xpm_cdc_sync_rst_inst/syncstages_ff_reg[0]/D
                            (rising edge-triggered cell FDRE clocked by clk  {rise@0.000ns fall@5.000ns period=10.000ns})
  Path Group:             (none)
  Path Type:              Setup (Max at Slow Process Corner)
  Data Path Delay:        5.705ns  (logic 0.730ns (12.797%)  route 4.975ns (87.203%))
  Logic Levels:           2  (LUT1=1 LUT2=1)
  Clock Path Skew:        -0.386ns (DCD - SCD + CPR)
    Destination Clock Delay (DCD):    5.017ns
    Source Clock Delay      (SCD):    5.403ns
    Clock Pessimism Removal (CPR):    0.000ns
  Clock Uncertainty:      0.035ns  ((TSJ^2 + TIJ^2)^1/2 + DJ) / 2 + PE
    Total System Jitter     (TSJ):    0.071ns
    Total Input Jitter      (TIJ):    0.000ns
    Discrete Jitter          (DJ):    0.000ns
    Phase Error              (PE):    0.000ns
  Timing Exception:       False Path

    Location             Delay type                Incr(ns)  Path(ns)    Netlist Resource(s)
  -------------------------------------------------------------------    -------------------
                         (clock clk rise edge)        0.000     0.000 r  
    E3                                                0.000     0.000 r  clk (IN)
                         net (fo=0)                   0.000     0.000    clk
    E3                   IBUF (Prop_ibuf_I_O)         1.482     1.482 r  clk_IBUF_inst/O
                         net (fo=1, routed)           2.025     3.506    clk_IBUF
    BUFGCTRL_X0Y16       BUFG (Prop_bufg_I_O)         0.096     3.602 r  clk_IBUF_BUFG_inst/O
                         net (fo=25802, routed)       1.800     5.403    clk_IBUF_BUFG
    SLICE_X39Y30         FDRE                                         r  config_done_reg/C
  -------------------------------------------------------------------    -------------------
    SLICE_X39Y30         FDRE (Prop_fdre_C_Q)         0.456     5.859 f  config_done_reg/Q
                         net (fo=34, routed)          1.098     6.957    z_score_inst/std_dev_inst/sqrd_dev_inst/sum_buffering_instances[3].sum_buffering_inst_i/sum_inst/fifo1_m_tready_reg
    SLICE_X44Y50         LUT2 (Prop_lut2_I1_O)        0.124     7.081 f  z_score_inst/std_dev_inst/sqrd_dev_inst/sum_buffering_instances[3].sum_buffering_inst_i/sum_inst/fifo_inst_i_1__6/O
                         net (fo=73, routed)          3.876    10.957    z_score_inst/std_dev_inst/sqrd_dev_inst/sum_buffering_instances[1].sum_buffering_inst_i/sum_inst/fifo_inst/inst/gen_fifo.xpm_fifo_axis_inst/s_aresetn
    SLICE_X77Y88         LUT1 (Prop_lut1_I0_O)        0.150    11.107 r  z_score_inst/std_dev_inst/sqrd_dev_inst/sum_buffering_instances[1].sum_buffering_inst_i/sum_inst/fifo_inst/inst/gen_fifo.xpm_fifo_axis_inst/gaxis_rst_sync.xpm_cdc_sync_rst_inst_i_1/O
                         net (fo=1, routed)           0.000    11.107    z_score_inst/std_dev_inst/sqrd_dev_inst/sum_buffering_instances[1].sum_buffering_inst_i/sum_inst/fifo_inst/inst/gen_fifo.xpm_fifo_axis_inst/gaxis_rst_sync.xpm_cdc_sync_rst_inst/src_rst
    SLICE_X77Y88         FDRE                                         r  z_score_inst/std_dev_inst/sqrd_dev_inst/sum_buffering_instances[1].sum_buffering_inst_i/sum_inst/fifo_inst/inst/gen_fifo.xpm_fifo_axis_inst/gaxis_rst_sync.xpm_cdc_sync_rst_inst/syncstages_ff_reg[0]/D
  -------------------------------------------------------------------    -------------------

                         (clock clk rise edge)        0.000     0.000 r  
    E3                                                0.000     0.000 r  clk (IN)
                         net (fo=0)                   0.000     0.000    clk
    E3                   IBUF (Prop_ibuf_I_O)         1.411     1.411 r  clk_IBUF_inst/O
                         net (fo=1, routed)           1.920     3.331    clk_IBUF
    BUFGCTRL_X0Y16       BUFG (Prop_bufg_I_O)         0.091     3.422 r  clk_IBUF_BUFG_inst/O
                         net (fo=25802, routed)       1.594     5.017    z_score_inst/std_dev_inst/sqrd_dev_inst/sum_buffering_instances[1].sum_buffering_inst_i/sum_inst/fifo_inst/inst/gen_fifo.xpm_fifo_axis_inst/gaxis_rst_sync.xpm_cdc_sync_rst_inst/dest_clk
    SLICE_X77Y88         FDRE                                         r  z_score_inst/std_dev_inst/sqrd_dev_inst/sum_buffering_instances[1].sum_buffering_inst_i/sum_inst/fifo_inst/inst/gen_fifo.xpm_fifo_axis_inst/gaxis_rst_sync.xpm_cdc_sync_rst_inst/syncstages_ff_reg[0]/C

Slack:                    inf
  Source:                 config_done_reg/C
                            (rising edge-triggered cell FDRE clocked by clk  {rise@0.000ns fall@5.000ns period=10.000ns})
  Destination:            z_score_inst/mean_inst/sum_buffering_instances[1].sum_buffering_inst_i/fifo_buffer_inst/inst/gen_fifo.xpm_fifo_axis_inst/gaxis_rst_sync.xpm_cdc_sync_rst_inst/syncstages_ff_reg[0]/D
                            (rising edge-triggered cell FDRE clocked by clk  {rise@0.000ns fall@5.000ns period=10.000ns})
  Path Group:             (none)
  Path Type:              Setup (Max at Slow Process Corner)
  Data Path Delay:        5.646ns  (logic 0.704ns (12.469%)  route 4.942ns (87.531%))
  Logic Levels:           2  (LUT1=1 LUT2=1)
  Clock Path Skew:        -0.302ns (DCD - SCD + CPR)
    Destination Clock Delay (DCD):    5.100ns
    Source Clock Delay      (SCD):    5.403ns
    Clock Pessimism Removal (CPR):    0.000ns
  Clock Uncertainty:      0.035ns  ((TSJ^2 + TIJ^2)^1/2 + DJ) / 2 + PE
    Total System Jitter     (TSJ):    0.071ns
    Total Input Jitter      (TIJ):    0.000ns
    Discrete Jitter          (DJ):    0.000ns
    Phase Error              (PE):    0.000ns
  Timing Exception:       False Path

    Location             Delay type                Incr(ns)  Path(ns)    Netlist Resource(s)
  -------------------------------------------------------------------    -------------------
                         (clock clk rise edge)        0.000     0.000 r  
    E3                                                0.000     0.000 r  clk (IN)
                         net (fo=0)                   0.000     0.000    clk
    E3                   IBUF (Prop_ibuf_I_O)         1.482     1.482 r  clk_IBUF_inst/O
                         net (fo=1, routed)           2.025     3.506    clk_IBUF
    BUFGCTRL_X0Y16       BUFG (Prop_bufg_I_O)         0.096     3.602 r  clk_IBUF_BUFG_inst/O
                         net (fo=25802, routed)       1.800     5.403    clk_IBUF_BUFG
    SLICE_X39Y30         FDRE                                         r  config_done_reg/C
  -------------------------------------------------------------------    -------------------
    SLICE_X39Y30         FDRE (Prop_fdre_C_Q)         0.456     5.859 f  config_done_reg/Q
                         net (fo=34, routed)          1.098     6.957    z_score_inst/std_dev_inst/sqrd_dev_inst/sum_buffering_instances[3].sum_buffering_inst_i/sum_inst/fifo1_m_tready_reg
    SLICE_X44Y50         LUT2 (Prop_lut2_I1_O)        0.124     7.081 f  z_score_inst/std_dev_inst/sqrd_dev_inst/sum_buffering_instances[3].sum_buffering_inst_i/sum_inst/fifo_inst_i_1__6/O
                         net (fo=73, routed)          2.961    10.041    z_score_inst/mean_inst/sum_buffering_instances[1].sum_buffering_inst_i/fifo_buffer_inst/inst/gen_fifo.xpm_fifo_axis_inst/s_aresetn
    SLICE_X47Y5          LUT1 (Prop_lut1_I0_O)        0.124    10.165 r  z_score_inst/mean_inst/sum_buffering_instances[1].sum_buffering_inst_i/fifo_buffer_inst/inst/gen_fifo.xpm_fifo_axis_inst/gaxis_rst_sync.xpm_cdc_sync_rst_inst_i_1/O
                         net (fo=1, routed)           0.883    11.048    z_score_inst/mean_inst/sum_buffering_instances[1].sum_buffering_inst_i/fifo_buffer_inst/inst/gen_fifo.xpm_fifo_axis_inst/gaxis_rst_sync.xpm_cdc_sync_rst_inst/src_rst
    SLICE_X47Y5          FDRE                                         r  z_score_inst/mean_inst/sum_buffering_instances[1].sum_buffering_inst_i/fifo_buffer_inst/inst/gen_fifo.xpm_fifo_axis_inst/gaxis_rst_sync.xpm_cdc_sync_rst_inst/syncstages_ff_reg[0]/D
  -------------------------------------------------------------------    -------------------

                         (clock clk rise edge)        0.000     0.000 r  
    E3                                                0.000     0.000 r  clk (IN)
                         net (fo=0)                   0.000     0.000    clk
    E3                   IBUF (Prop_ibuf_I_O)         1.411     1.411 r  clk_IBUF_inst/O
                         net (fo=1, routed)           1.920     3.331    clk_IBUF
    BUFGCTRL_X0Y16       BUFG (Prop_bufg_I_O)         0.091     3.422 r  clk_IBUF_BUFG_inst/O
                         net (fo=25802, routed)       1.678     5.100    z_score_inst/mean_inst/sum_buffering_instances[1].sum_buffering_inst_i/fifo_buffer_inst/inst/gen_fifo.xpm_fifo_axis_inst/gaxis_rst_sync.xpm_cdc_sync_rst_inst/dest_clk
    SLICE_X47Y5          FDRE                                         r  z_score_inst/mean_inst/sum_buffering_instances[1].sum_buffering_inst_i/fifo_buffer_inst/inst/gen_fifo.xpm_fifo_axis_inst/gaxis_rst_sync.xpm_cdc_sync_rst_inst/syncstages_ff_reg[0]/C





Min Delay Paths
--------------------------------------------------------------------------------------
Slack:                    inf
  Source:                 config_done_reg/C
                            (rising edge-triggered cell FDRE clocked by clk  {rise@0.000ns fall@5.000ns period=10.000ns})
  Destination:            cusum_inst/cusum/previous_sensor_in_fifo_buffer/inst/gen_fifo.xpm_fifo_axis_inst/gaxis_rst_sync.xpm_cdc_sync_rst_inst/syncstages_ff_reg[0]/D
                            (rising edge-triggered cell FDRE clocked by clk  {rise@0.000ns fall@5.000ns period=10.000ns})
  Path Group:             (none)
  Path Type:              Hold (Min at Fast Process Corner)
  Data Path Delay:        0.925ns  (logic 0.186ns (20.105%)  route 0.739ns (79.895%))
  Logic Levels:           1  (LUT2=1)
  Clock Path Skew:        0.522ns (DCD - SCD - CPR)
    Destination Clock Delay (DCD):    2.068ns
    Source Clock Delay      (SCD):    1.546ns
    Clock Pessimism Removal (CPR):    -0.000ns
  Clock Uncertainty:      0.035ns  ((TSJ^2 + TIJ^2)^1/2 + DJ) / 2 + PE
    Total System Jitter     (TSJ):    0.071ns
    Total Input Jitter      (TIJ):    0.000ns
    Discrete Jitter          (DJ):    0.000ns
    Phase Error              (PE):    0.000ns
  Timing Exception:       False Path

    Location             Delay type                Incr(ns)  Path(ns)    Netlist Resource(s)
  -------------------------------------------------------------------    -------------------
                         (clock clk rise edge)        0.000     0.000 r  
    E3                                                0.000     0.000 r  clk (IN)
                         net (fo=0)                   0.000     0.000    clk
    E3                   IBUF (Prop_ibuf_I_O)         0.250     0.250 r  clk_IBUF_inst/O
                         net (fo=1, routed)           0.644     0.894    clk_IBUF
    BUFGCTRL_X0Y16       BUFG (Prop_bufg_I_O)         0.026     0.920 r  clk_IBUF_BUFG_inst/O
                         net (fo=25802, routed)       0.626     1.546    clk_IBUF_BUFG
    SLICE_X39Y30         FDRE                                         r  config_done_reg/C
  -------------------------------------------------------------------    -------------------
    SLICE_X39Y30         FDRE (Prop_fdre_C_Q)         0.141     1.687 f  config_done_reg/Q
                         net (fo=34, routed)          0.445     2.132    cusum_inst/cusum/result_reg[63]
    SLICE_X26Y30         LUT2 (Prop_lut2_I1_O)        0.045     2.177 r  cusum_inst/cusum/bypass_current_sensor_fifo_buffer_i_1/O
                         net (fo=10, routed)          0.294     2.471    cusum_inst/cusum/previous_sensor_in_fifo_buffer/inst/gen_fifo.xpm_fifo_axis_inst/gaxis_rst_sync.xpm_cdc_sync_rst_inst/src_rst
    SLICE_X29Y30         FDRE                                         r  cusum_inst/cusum/previous_sensor_in_fifo_buffer/inst/gen_fifo.xpm_fifo_axis_inst/gaxis_rst_sync.xpm_cdc_sync_rst_inst/syncstages_ff_reg[0]/D
  -------------------------------------------------------------------    -------------------

                         (clock clk rise edge)        0.000     0.000 r  
    E3                                                0.000     0.000 r  clk (IN)
                         net (fo=0)                   0.000     0.000    clk
    E3                   IBUF (Prop_ibuf_I_O)         0.438     0.438 r  clk_IBUF_inst/O
                         net (fo=1, routed)           0.699     1.136    clk_IBUF
    BUFGCTRL_X0Y16       BUFG (Prop_bufg_I_O)         0.029     1.165 r  clk_IBUF_BUFG_inst/O
                         net (fo=25802, routed)       0.903     2.068    cusum_inst/cusum/previous_sensor_in_fifo_buffer/inst/gen_fifo.xpm_fifo_axis_inst/gaxis_rst_sync.xpm_cdc_sync_rst_inst/dest_clk
    SLICE_X29Y30         FDRE                                         r  cusum_inst/cusum/previous_sensor_in_fifo_buffer/inst/gen_fifo.xpm_fifo_axis_inst/gaxis_rst_sync.xpm_cdc_sync_rst_inst/syncstages_ff_reg[0]/C

Slack:                    inf
  Source:                 config_done_reg/C
                            (rising edge-triggered cell FDRE clocked by clk  {rise@0.000ns fall@5.000ns period=10.000ns})
  Destination:            cusum_inst/cusum/current_sensor_in_fifo_buffer/inst/gen_fifo.xpm_fifo_axis_inst/gaxis_rst_sync.xpm_cdc_sync_rst_inst/syncstages_ff_reg[0]/D
                            (rising edge-triggered cell FDRE clocked by clk  {rise@0.000ns fall@5.000ns period=10.000ns})
  Path Group:             (none)
  Path Type:              Hold (Min at Fast Process Corner)
  Data Path Delay:        0.938ns  (logic 0.186ns (19.824%)  route 0.752ns (80.176%))
  Logic Levels:           1  (LUT2=1)
  Clock Path Skew:        0.520ns (DCD - SCD - CPR)
    Destination Clock Delay (DCD):    2.066ns
    Source Clock Delay      (SCD):    1.546ns
    Clock Pessimism Removal (CPR):    -0.000ns
  Clock Uncertainty:      0.035ns  ((TSJ^2 + TIJ^2)^1/2 + DJ) / 2 + PE
    Total System Jitter     (TSJ):    0.071ns
    Total Input Jitter      (TIJ):    0.000ns
    Discrete Jitter          (DJ):    0.000ns
    Phase Error              (PE):    0.000ns
  Timing Exception:       False Path

    Location             Delay type                Incr(ns)  Path(ns)    Netlist Resource(s)
  -------------------------------------------------------------------    -------------------
                         (clock clk rise edge)        0.000     0.000 r  
    E3                                                0.000     0.000 r  clk (IN)
                         net (fo=0)                   0.000     0.000    clk
    E3                   IBUF (Prop_ibuf_I_O)         0.250     0.250 r  clk_IBUF_inst/O
                         net (fo=1, routed)           0.644     0.894    clk_IBUF
    BUFGCTRL_X0Y16       BUFG (Prop_bufg_I_O)         0.026     0.920 r  clk_IBUF_BUFG_inst/O
                         net (fo=25802, routed)       0.626     1.546    clk_IBUF_BUFG
    SLICE_X39Y30         FDRE                                         r  config_done_reg/C
  -------------------------------------------------------------------    -------------------
    SLICE_X39Y30         FDRE (Prop_fdre_C_Q)         0.141     1.687 f  config_done_reg/Q
                         net (fo=34, routed)          0.445     2.132    cusum_inst/cusum/result_reg[63]
    SLICE_X26Y30         LUT2 (Prop_lut2_I1_O)        0.045     2.177 r  cusum_inst/cusum/bypass_current_sensor_fifo_buffer_i_1/O
                         net (fo=10, routed)          0.308     2.484    cusum_inst/cusum/current_sensor_in_fifo_buffer/inst/gen_fifo.xpm_fifo_axis_inst/gaxis_rst_sync.xpm_cdc_sync_rst_inst/src_rst
    SLICE_X32Y29         FDRE                                         r  cusum_inst/cusum/current_sensor_in_fifo_buffer/inst/gen_fifo.xpm_fifo_axis_inst/gaxis_rst_sync.xpm_cdc_sync_rst_inst/syncstages_ff_reg[0]/D
  -------------------------------------------------------------------    -------------------

                         (clock clk rise edge)        0.000     0.000 r  
    E3                                                0.000     0.000 r  clk (IN)
                         net (fo=0)                   0.000     0.000    clk
    E3                   IBUF (Prop_ibuf_I_O)         0.438     0.438 r  clk_IBUF_inst/O
                         net (fo=1, routed)           0.699     1.136    clk_IBUF
    BUFGCTRL_X0Y16       BUFG (Prop_bufg_I_O)         0.029     1.165 r  clk_IBUF_BUFG_inst/O
                         net (fo=25802, routed)       0.901     2.066    cusum_inst/cusum/current_sensor_in_fifo_buffer/inst/gen_fifo.xpm_fifo_axis_inst/gaxis_rst_sync.xpm_cdc_sync_rst_inst/dest_clk
    SLICE_X32Y29         FDRE                                         r  cusum_inst/cusum/current_sensor_in_fifo_buffer/inst/gen_fifo.xpm_fifo_axis_inst/gaxis_rst_sync.xpm_cdc_sync_rst_inst/syncstages_ff_reg[0]/C

Slack:                    inf
  Source:                 config_done_reg/C
                            (rising edge-triggered cell FDRE clocked by clk  {rise@0.000ns fall@5.000ns period=10.000ns})
  Destination:            cusum_inst/cusum/s_t_fifo_buffer/inst/gen_fifo.xpm_fifo_axis_inst/gaxis_rst_sync.xpm_cdc_sync_rst_inst/syncstages_ff_reg[0]/D
                            (rising edge-triggered cell FDRE clocked by clk  {rise@0.000ns fall@5.000ns period=10.000ns})
  Path Group:             (none)
  Path Type:              Hold (Min at Fast Process Corner)
  Data Path Delay:        0.978ns  (logic 0.186ns (19.023%)  route 0.792ns (80.977%))
  Logic Levels:           1  (LUT2=1)
  Clock Path Skew:        0.524ns (DCD - SCD - CPR)
    Destination Clock Delay (DCD):    2.070ns
    Source Clock Delay      (SCD):    1.546ns
    Clock Pessimism Removal (CPR):    -0.000ns
  Clock Uncertainty:      0.035ns  ((TSJ^2 + TIJ^2)^1/2 + DJ) / 2 + PE
    Total System Jitter     (TSJ):    0.071ns
    Total Input Jitter      (TIJ):    0.000ns
    Discrete Jitter          (DJ):    0.000ns
    Phase Error              (PE):    0.000ns
  Timing Exception:       False Path

    Location             Delay type                Incr(ns)  Path(ns)    Netlist Resource(s)
  -------------------------------------------------------------------    -------------------
                         (clock clk rise edge)        0.000     0.000 r  
    E3                                                0.000     0.000 r  clk (IN)
                         net (fo=0)                   0.000     0.000    clk
    E3                   IBUF (Prop_ibuf_I_O)         0.250     0.250 r  clk_IBUF_inst/O
                         net (fo=1, routed)           0.644     0.894    clk_IBUF
    BUFGCTRL_X0Y16       BUFG (Prop_bufg_I_O)         0.026     0.920 r  clk_IBUF_BUFG_inst/O
                         net (fo=25802, routed)       0.626     1.546    clk_IBUF_BUFG
    SLICE_X39Y30         FDRE                                         r  config_done_reg/C
  -------------------------------------------------------------------    -------------------
    SLICE_X39Y30         FDRE (Prop_fdre_C_Q)         0.141     1.687 f  config_done_reg/Q
                         net (fo=34, routed)          0.445     2.132    cusum_inst/cusum/result_reg[63]
    SLICE_X26Y30         LUT2 (Prop_lut2_I1_O)        0.045     2.177 r  cusum_inst/cusum/bypass_current_sensor_fifo_buffer_i_1/O
                         net (fo=10, routed)          0.347     2.524    cusum_inst/cusum/s_t_fifo_buffer/inst/gen_fifo.xpm_fifo_axis_inst/gaxis_rst_sync.xpm_cdc_sync_rst_inst/src_rst
    SLICE_X26Y30         FDRE                                         r  cusum_inst/cusum/s_t_fifo_buffer/inst/gen_fifo.xpm_fifo_axis_inst/gaxis_rst_sync.xpm_cdc_sync_rst_inst/syncstages_ff_reg[0]/D
  -------------------------------------------------------------------    -------------------

                         (clock clk rise edge)        0.000     0.000 r  
    E3                                                0.000     0.000 r  clk (IN)
                         net (fo=0)                   0.000     0.000    clk
    E3                   IBUF (Prop_ibuf_I_O)         0.438     0.438 r  clk_IBUF_inst/O
                         net (fo=1, routed)           0.699     1.136    clk_IBUF
    BUFGCTRL_X0Y16       BUFG (Prop_bufg_I_O)         0.029     1.165 r  clk_IBUF_BUFG_inst/O
                         net (fo=25802, routed)       0.905     2.070    cusum_inst/cusum/s_t_fifo_buffer/inst/gen_fifo.xpm_fifo_axis_inst/gaxis_rst_sync.xpm_cdc_sync_rst_inst/dest_clk
    SLICE_X26Y30         FDRE                                         r  cusum_inst/cusum/s_t_fifo_buffer/inst/gen_fifo.xpm_fifo_axis_inst/gaxis_rst_sync.xpm_cdc_sync_rst_inst/syncstages_ff_reg[0]/C

Slack:                    inf
  Source:                 config_done_reg/C
                            (rising edge-triggered cell FDRE clocked by clk  {rise@0.000ns fall@5.000ns period=10.000ns})
  Destination:            ewma_inst/fifo_feedback_instances[1].fifo_feedback_inst_i/fifo_x_inst/inst/gen_fifo.xpm_fifo_axis_inst/gaxis_rst_sync.xpm_cdc_sync_rst_inst/syncstages_ff_reg[0]/D
                            (rising edge-triggered cell FDRE clocked by clk  {rise@0.000ns fall@5.000ns period=10.000ns})
  Path Group:             (none)
  Path Type:              Hold (Min at Fast Process Corner)
  Data Path Delay:        1.044ns  (logic 0.228ns (21.835%)  route 0.816ns (78.165%))
  Logic Levels:           2  (LUT1=1 LUT2=1)
  Clock Path Skew:        0.527ns (DCD - SCD - CPR)
    Destination Clock Delay (DCD):    2.073ns
    Source Clock Delay      (SCD):    1.546ns
    Clock Pessimism Removal (CPR):    -0.000ns
  Clock Uncertainty:      0.035ns  ((TSJ^2 + TIJ^2)^1/2 + DJ) / 2 + PE
    Total System Jitter     (TSJ):    0.071ns
    Total Input Jitter      (TIJ):    0.000ns
    Discrete Jitter          (DJ):    0.000ns
    Phase Error              (PE):    0.000ns
  Timing Exception:       False Path

    Location             Delay type                Incr(ns)  Path(ns)    Netlist Resource(s)
  -------------------------------------------------------------------    -------------------
                         (clock clk rise edge)        0.000     0.000 r  
    E3                                                0.000     0.000 r  clk (IN)
                         net (fo=0)                   0.000     0.000    clk
    E3                   IBUF (Prop_ibuf_I_O)         0.250     0.250 r  clk_IBUF_inst/O
                         net (fo=1, routed)           0.644     0.894    clk_IBUF
    BUFGCTRL_X0Y16       BUFG (Prop_bufg_I_O)         0.026     0.920 r  clk_IBUF_BUFG_inst/O
                         net (fo=25802, routed)       0.626     1.546    clk_IBUF_BUFG
    SLICE_X39Y30         FDRE                                         r  config_done_reg/C
  -------------------------------------------------------------------    -------------------
    SLICE_X39Y30         FDRE (Prop_fdre_C_Q)         0.141     1.687 f  config_done_reg/Q
                         net (fo=34, routed)          0.426     2.113    ewma_inst/fifo_feedback_instances[3].fifo_feedback_inst_i/anom_id_wr_reg[5]
    SLICE_X36Y39         LUT2 (Prop_lut2_I1_O)        0.045     2.158 f  ewma_inst/fifo_feedback_instances[3].fifo_feedback_inst_i/fifo_x_inst_i_1__2/O
                         net (fo=31, routed)          0.211     2.369    ewma_inst/fifo_feedback_instances[1].fifo_feedback_inst_i/fifo_x_inst/inst/gen_fifo.xpm_fifo_axis_inst/s_aresetn
    SLICE_X37Y39         LUT1 (Prop_lut1_I0_O)        0.042     2.411 r  ewma_inst/fifo_feedback_instances[1].fifo_feedback_inst_i/fifo_x_inst/inst/gen_fifo.xpm_fifo_axis_inst/gaxis_rst_sync.xpm_cdc_sync_rst_inst_i_1/O
                         net (fo=1, routed)           0.179     2.590    ewma_inst/fifo_feedback_instances[1].fifo_feedback_inst_i/fifo_x_inst/inst/gen_fifo.xpm_fifo_axis_inst/gaxis_rst_sync.xpm_cdc_sync_rst_inst/src_rst
    SLICE_X38Y38         FDRE                                         r  ewma_inst/fifo_feedback_instances[1].fifo_feedback_inst_i/fifo_x_inst/inst/gen_fifo.xpm_fifo_axis_inst/gaxis_rst_sync.xpm_cdc_sync_rst_inst/syncstages_ff_reg[0]/D
  -------------------------------------------------------------------    -------------------

                         (clock clk rise edge)        0.000     0.000 r  
    E3                                                0.000     0.000 r  clk (IN)
                         net (fo=0)                   0.000     0.000    clk
    E3                   IBUF (Prop_ibuf_I_O)         0.438     0.438 r  clk_IBUF_inst/O
                         net (fo=1, routed)           0.699     1.136    clk_IBUF
    BUFGCTRL_X0Y16       BUFG (Prop_bufg_I_O)         0.029     1.165 r  clk_IBUF_BUFG_inst/O
                         net (fo=25802, routed)       0.908     2.073    ewma_inst/fifo_feedback_instances[1].fifo_feedback_inst_i/fifo_x_inst/inst/gen_fifo.xpm_fifo_axis_inst/gaxis_rst_sync.xpm_cdc_sync_rst_inst/dest_clk
    SLICE_X38Y38         FDRE                                         r  ewma_inst/fifo_feedback_instances[1].fifo_feedback_inst_i/fifo_x_inst/inst/gen_fifo.xpm_fifo_axis_inst/gaxis_rst_sync.xpm_cdc_sync_rst_inst/syncstages_ff_reg[0]/C

Slack:                    inf
  Source:                 config_done_reg/C
                            (rising edge-triggered cell FDRE clocked by clk  {rise@0.000ns fall@5.000ns period=10.000ns})
  Destination:            cusum_inst/cusum/bypass_current_sensor_fifo_buffer/inst/gen_fifo.xpm_fifo_axis_inst/gaxis_rst_sync.xpm_cdc_sync_rst_inst/syncstages_ff_reg[0]/D
                            (rising edge-triggered cell FDRE clocked by clk  {rise@0.000ns fall@5.000ns period=10.000ns})
  Path Group:             (none)
  Path Type:              Hold (Min at Fast Process Corner)
  Data Path Delay:        1.077ns  (logic 0.186ns (17.263%)  route 0.891ns (82.737%))
  Logic Levels:           1  (LUT2=1)
  Clock Path Skew:        0.519ns (DCD - SCD - CPR)
    Destination Clock Delay (DCD):    2.065ns
    Source Clock Delay      (SCD):    1.546ns
    Clock Pessimism Removal (CPR):    -0.000ns
  Clock Uncertainty:      0.035ns  ((TSJ^2 + TIJ^2)^1/2 + DJ) / 2 + PE
    Total System Jitter     (TSJ):    0.071ns
    Total Input Jitter      (TIJ):    0.000ns
    Discrete Jitter          (DJ):    0.000ns
    Phase Error              (PE):    0.000ns
  Timing Exception:       False Path

    Location             Delay type                Incr(ns)  Path(ns)    Netlist Resource(s)
  -------------------------------------------------------------------    -------------------
                         (clock clk rise edge)        0.000     0.000 r  
    E3                                                0.000     0.000 r  clk (IN)
                         net (fo=0)                   0.000     0.000    clk
    E3                   IBUF (Prop_ibuf_I_O)         0.250     0.250 r  clk_IBUF_inst/O
                         net (fo=1, routed)           0.644     0.894    clk_IBUF
    BUFGCTRL_X0Y16       BUFG (Prop_bufg_I_O)         0.026     0.920 r  clk_IBUF_BUFG_inst/O
                         net (fo=25802, routed)       0.626     1.546    clk_IBUF_BUFG
    SLICE_X39Y30         FDRE                                         r  config_done_reg/C
  -------------------------------------------------------------------    -------------------
    SLICE_X39Y30         FDRE (Prop_fdre_C_Q)         0.141     1.687 f  config_done_reg/Q
                         net (fo=34, routed)          0.445     2.132    cusum_inst/cusum/result_reg[63]
    SLICE_X26Y30         LUT2 (Prop_lut2_I1_O)        0.045     2.177 r  cusum_inst/cusum/bypass_current_sensor_fifo_buffer_i_1/O
                         net (fo=10, routed)          0.447     2.623    cusum_inst/cusum/bypass_current_sensor_fifo_buffer/inst/gen_fifo.xpm_fifo_axis_inst/gaxis_rst_sync.xpm_cdc_sync_rst_inst/src_rst
    SLICE_X36Y29         FDRE                                         r  cusum_inst/cusum/bypass_current_sensor_fifo_buffer/inst/gen_fifo.xpm_fifo_axis_inst/gaxis_rst_sync.xpm_cdc_sync_rst_inst/syncstages_ff_reg[0]/D
  -------------------------------------------------------------------    -------------------

                         (clock clk rise edge)        0.000     0.000 r  
    E3                                                0.000     0.000 r  clk (IN)
                         net (fo=0)                   0.000     0.000    clk
    E3                   IBUF (Prop_ibuf_I_O)         0.438     0.438 r  clk_IBUF_inst/O
                         net (fo=1, routed)           0.699     1.136    clk_IBUF
    BUFGCTRL_X0Y16       BUFG (Prop_bufg_I_O)         0.029     1.165 r  clk_IBUF_BUFG_inst/O
                         net (fo=25802, routed)       0.900     2.065    cusum_inst/cusum/bypass_current_sensor_fifo_buffer/inst/gen_fifo.xpm_fifo_axis_inst/gaxis_rst_sync.xpm_cdc_sync_rst_inst/dest_clk
    SLICE_X36Y29         FDRE                                         r  cusum_inst/cusum/bypass_current_sensor_fifo_buffer/inst/gen_fifo.xpm_fifo_axis_inst/gaxis_rst_sync.xpm_cdc_sync_rst_inst/syncstages_ff_reg[0]/C

Slack:                    inf
  Source:                 config_done_reg/C
                            (rising edge-triggered cell FDRE clocked by clk  {rise@0.000ns fall@5.000ns period=10.000ns})
  Destination:            ewma_inst/fifo_input_instances[3].fifo_input_inst_i/inst/gen_fifo.xpm_fifo_axis_inst/gaxis_rst_sync.xpm_cdc_sync_rst_inst/syncstages_ff_reg[0]/D
                            (rising edge-triggered cell FDRE clocked by clk  {rise@0.000ns fall@5.000ns period=10.000ns})
  Path Group:             (none)
  Path Type:              Hold (Min at Fast Process Corner)
  Data Path Delay:        1.101ns  (logic 0.232ns (21.081%)  route 0.869ns (78.919%))
  Logic Levels:           2  (LUT1=1 LUT2=1)
  Clock Path Skew:        0.526ns (DCD - SCD - CPR)
    Destination Clock Delay (DCD):    2.072ns
    Source Clock Delay      (SCD):    1.546ns
    Clock Pessimism Removal (CPR):    -0.000ns
  Clock Uncertainty:      0.035ns  ((TSJ^2 + TIJ^2)^1/2 + DJ) / 2 + PE
    Total System Jitter     (TSJ):    0.071ns
    Total Input Jitter      (TIJ):    0.000ns
    Discrete Jitter          (DJ):    0.000ns
    Phase Error              (PE):    0.000ns
  Timing Exception:       False Path

    Location             Delay type                Incr(ns)  Path(ns)    Netlist Resource(s)
  -------------------------------------------------------------------    -------------------
                         (clock clk rise edge)        0.000     0.000 r  
    E3                                                0.000     0.000 r  clk (IN)
                         net (fo=0)                   0.000     0.000    clk
    E3                   IBUF (Prop_ibuf_I_O)         0.250     0.250 r  clk_IBUF_inst/O
                         net (fo=1, routed)           0.644     0.894    clk_IBUF
    BUFGCTRL_X0Y16       BUFG (Prop_bufg_I_O)         0.026     0.920 r  clk_IBUF_BUFG_inst/O
                         net (fo=25802, routed)       0.626     1.546    clk_IBUF_BUFG
    SLICE_X39Y30         FDRE                                         r  config_done_reg/C
  -------------------------------------------------------------------    -------------------
    SLICE_X39Y30         FDRE (Prop_fdre_C_Q)         0.141     1.687 f  config_done_reg/Q
                         net (fo=34, routed)          0.426     2.113    ewma_inst/fifo_feedback_instances[3].fifo_feedback_inst_i/anom_id_wr_reg[5]
    SLICE_X36Y39         LUT2 (Prop_lut2_I1_O)        0.045     2.158 f  ewma_inst/fifo_feedback_instances[3].fifo_feedback_inst_i/fifo_x_inst_i_1__2/O
                         net (fo=31, routed)          0.442     2.600    ewma_inst/fifo_input_instances[3].fifo_input_inst_i/inst/gen_fifo.xpm_fifo_axis_inst/s_aresetn
    SLICE_X45Y38         LUT1 (Prop_lut1_I0_O)        0.046     2.646 r  ewma_inst/fifo_input_instances[3].fifo_input_inst_i/inst/gen_fifo.xpm_fifo_axis_inst/gaxis_rst_sync.xpm_cdc_sync_rst_inst_i_1/O
                         net (fo=1, routed)           0.000     2.646    ewma_inst/fifo_input_instances[3].fifo_input_inst_i/inst/gen_fifo.xpm_fifo_axis_inst/gaxis_rst_sync.xpm_cdc_sync_rst_inst/src_rst
    SLICE_X45Y38         FDRE                                         r  ewma_inst/fifo_input_instances[3].fifo_input_inst_i/inst/gen_fifo.xpm_fifo_axis_inst/gaxis_rst_sync.xpm_cdc_sync_rst_inst/syncstages_ff_reg[0]/D
  -------------------------------------------------------------------    -------------------

                         (clock clk rise edge)        0.000     0.000 r  
    E3                                                0.000     0.000 r  clk (IN)
                         net (fo=0)                   0.000     0.000    clk
    E3                   IBUF (Prop_ibuf_I_O)         0.438     0.438 r  clk_IBUF_inst/O
                         net (fo=1, routed)           0.699     1.136    clk_IBUF
    BUFGCTRL_X0Y16       BUFG (Prop_bufg_I_O)         0.029     1.165 r  clk_IBUF_BUFG_inst/O
                         net (fo=25802, routed)       0.907     2.072    ewma_inst/fifo_input_instances[3].fifo_input_inst_i/inst/gen_fifo.xpm_fifo_axis_inst/gaxis_rst_sync.xpm_cdc_sync_rst_inst/dest_clk
    SLICE_X45Y38         FDRE                                         r  ewma_inst/fifo_input_instances[3].fifo_input_inst_i/inst/gen_fifo.xpm_fifo_axis_inst/gaxis_rst_sync.xpm_cdc_sync_rst_inst/syncstages_ff_reg[0]/C

Slack:                    inf
  Source:                 config_done_reg/C
                            (rising edge-triggered cell FDRE clocked by clk  {rise@0.000ns fall@5.000ns period=10.000ns})
  Destination:            ewma_inst/fifo_feedback_instances[2].fifo_feedback_inst_i/fifo_x_inst/inst/gen_fifo.xpm_fifo_axis_inst/gaxis_rst_sync.xpm_cdc_sync_rst_inst/syncstages_ff_reg[0]/D
                            (rising edge-triggered cell FDRE clocked by clk  {rise@0.000ns fall@5.000ns period=10.000ns})
  Path Group:             (none)
  Path Type:              Hold (Min at Fast Process Corner)
  Data Path Delay:        1.114ns  (logic 0.231ns (20.739%)  route 0.883ns (79.261%))
  Logic Levels:           2  (LUT1=1 LUT2=1)
  Clock Path Skew:        0.528ns (DCD - SCD - CPR)
    Destination Clock Delay (DCD):    2.074ns
    Source Clock Delay      (SCD):    1.546ns
    Clock Pessimism Removal (CPR):    -0.000ns
  Clock Uncertainty:      0.035ns  ((TSJ^2 + TIJ^2)^1/2 + DJ) / 2 + PE
    Total System Jitter     (TSJ):    0.071ns
    Total Input Jitter      (TIJ):    0.000ns
    Discrete Jitter          (DJ):    0.000ns
    Phase Error              (PE):    0.000ns
  Timing Exception:       False Path

    Location             Delay type                Incr(ns)  Path(ns)    Netlist Resource(s)
  -------------------------------------------------------------------    -------------------
                         (clock clk rise edge)        0.000     0.000 r  
    E3                                                0.000     0.000 r  clk (IN)
                         net (fo=0)                   0.000     0.000    clk
    E3                   IBUF (Prop_ibuf_I_O)         0.250     0.250 r  clk_IBUF_inst/O
                         net (fo=1, routed)           0.644     0.894    clk_IBUF
    BUFGCTRL_X0Y16       BUFG (Prop_bufg_I_O)         0.026     0.920 r  clk_IBUF_BUFG_inst/O
                         net (fo=25802, routed)       0.626     1.546    clk_IBUF_BUFG
    SLICE_X39Y30         FDRE                                         r  config_done_reg/C
  -------------------------------------------------------------------    -------------------
    SLICE_X39Y30         FDRE (Prop_fdre_C_Q)         0.141     1.687 f  config_done_reg/Q
                         net (fo=34, routed)          0.426     2.113    ewma_inst/fifo_feedback_instances[3].fifo_feedback_inst_i/anom_id_wr_reg[5]
    SLICE_X36Y39         LUT2 (Prop_lut2_I1_O)        0.045     2.158 f  ewma_inst/fifo_feedback_instances[3].fifo_feedback_inst_i/fifo_x_inst_i_1__2/O
                         net (fo=31, routed)          0.211     2.369    ewma_inst/fifo_feedback_instances[2].fifo_feedback_inst_i/fifo_x_inst/inst/gen_fifo.xpm_fifo_axis_inst/s_aresetn
    SLICE_X37Y39         LUT1 (Prop_lut1_I0_O)        0.045     2.414 r  ewma_inst/fifo_feedback_instances[2].fifo_feedback_inst_i/fifo_x_inst/inst/gen_fifo.xpm_fifo_axis_inst/gaxis_rst_sync.xpm_cdc_sync_rst_inst_i_1/O
                         net (fo=1, routed)           0.246     2.660    ewma_inst/fifo_feedback_instances[2].fifo_feedback_inst_i/fifo_x_inst/inst/gen_fifo.xpm_fifo_axis_inst/gaxis_rst_sync.xpm_cdc_sync_rst_inst/src_rst
    SLICE_X37Y39         FDRE                                         r  ewma_inst/fifo_feedback_instances[2].fifo_feedback_inst_i/fifo_x_inst/inst/gen_fifo.xpm_fifo_axis_inst/gaxis_rst_sync.xpm_cdc_sync_rst_inst/syncstages_ff_reg[0]/D
  -------------------------------------------------------------------    -------------------

                         (clock clk rise edge)        0.000     0.000 r  
    E3                                                0.000     0.000 r  clk (IN)
                         net (fo=0)                   0.000     0.000    clk
    E3                   IBUF (Prop_ibuf_I_O)         0.438     0.438 r  clk_IBUF_inst/O
                         net (fo=1, routed)           0.699     1.136    clk_IBUF
    BUFGCTRL_X0Y16       BUFG (Prop_bufg_I_O)         0.029     1.165 r  clk_IBUF_BUFG_inst/O
                         net (fo=25802, routed)       0.909     2.074    ewma_inst/fifo_feedback_instances[2].fifo_feedback_inst_i/fifo_x_inst/inst/gen_fifo.xpm_fifo_axis_inst/gaxis_rst_sync.xpm_cdc_sync_rst_inst/dest_clk
    SLICE_X37Y39         FDRE                                         r  ewma_inst/fifo_feedback_instances[2].fifo_feedback_inst_i/fifo_x_inst/inst/gen_fifo.xpm_fifo_axis_inst/gaxis_rst_sync.xpm_cdc_sync_rst_inst/syncstages_ff_reg[0]/C

Slack:                    inf
  Source:                 config_done_reg/C
                            (rising edge-triggered cell FDRE clocked by clk  {rise@0.000ns fall@5.000ns period=10.000ns})
  Destination:            ewma_inst/fifo_x_inst/inst/gen_fifo.xpm_fifo_axis_inst/gaxis_rst_sync.xpm_cdc_sync_rst_inst/syncstages_ff_reg[0]/D
                            (rising edge-triggered cell FDRE clocked by clk  {rise@0.000ns fall@5.000ns period=10.000ns})
  Path Group:             (none)
  Path Type:              Hold (Min at Fast Process Corner)
  Data Path Delay:        1.163ns  (logic 0.232ns (19.956%)  route 0.931ns (80.044%))
  Logic Levels:           2  (LUT1=1 LUT2=1)
  Clock Path Skew:        0.528ns (DCD - SCD - CPR)
    Destination Clock Delay (DCD):    2.074ns
    Source Clock Delay      (SCD):    1.546ns
    Clock Pessimism Removal (CPR):    -0.000ns
  Clock Uncertainty:      0.035ns  ((TSJ^2 + TIJ^2)^1/2 + DJ) / 2 + PE
    Total System Jitter     (TSJ):    0.071ns
    Total Input Jitter      (TIJ):    0.000ns
    Discrete Jitter          (DJ):    0.000ns
    Phase Error              (PE):    0.000ns
  Timing Exception:       False Path

    Location             Delay type                Incr(ns)  Path(ns)    Netlist Resource(s)
  -------------------------------------------------------------------    -------------------
                         (clock clk rise edge)        0.000     0.000 r  
    E3                                                0.000     0.000 r  clk (IN)
                         net (fo=0)                   0.000     0.000    clk
    E3                   IBUF (Prop_ibuf_I_O)         0.250     0.250 r  clk_IBUF_inst/O
                         net (fo=1, routed)           0.644     0.894    clk_IBUF
    BUFGCTRL_X0Y16       BUFG (Prop_bufg_I_O)         0.026     0.920 r  clk_IBUF_BUFG_inst/O
                         net (fo=25802, routed)       0.626     1.546    clk_IBUF_BUFG
    SLICE_X39Y30         FDRE                                         r  config_done_reg/C
  -------------------------------------------------------------------    -------------------
    SLICE_X39Y30         FDRE (Prop_fdre_C_Q)         0.141     1.687 f  config_done_reg/Q
                         net (fo=34, routed)          0.426     2.113    ewma_inst/fifo_feedback_instances[3].fifo_feedback_inst_i/anom_id_wr_reg[5]
    SLICE_X36Y39         LUT2 (Prop_lut2_I1_O)        0.045     2.158 f  ewma_inst/fifo_feedback_instances[3].fifo_feedback_inst_i/fifo_x_inst_i_1__2/O
                         net (fo=31, routed)          0.504     2.662    ewma_inst/fifo_x_inst/inst/gen_fifo.xpm_fifo_axis_inst/s_aresetn
    SLICE_X43Y43         LUT1 (Prop_lut1_I0_O)        0.046     2.708 r  ewma_inst/fifo_x_inst/inst/gen_fifo.xpm_fifo_axis_inst/gaxis_rst_sync.xpm_cdc_sync_rst_inst_i_1/O
                         net (fo=1, routed)           0.000     2.708    ewma_inst/fifo_x_inst/inst/gen_fifo.xpm_fifo_axis_inst/gaxis_rst_sync.xpm_cdc_sync_rst_inst/src_rst
    SLICE_X43Y43         FDRE                                         r  ewma_inst/fifo_x_inst/inst/gen_fifo.xpm_fifo_axis_inst/gaxis_rst_sync.xpm_cdc_sync_rst_inst/syncstages_ff_reg[0]/D
  -------------------------------------------------------------------    -------------------

                         (clock clk rise edge)        0.000     0.000 r  
    E3                                                0.000     0.000 r  clk (IN)
                         net (fo=0)                   0.000     0.000    clk
    E3                   IBUF (Prop_ibuf_I_O)         0.438     0.438 r  clk_IBUF_inst/O
                         net (fo=1, routed)           0.699     1.136    clk_IBUF
    BUFGCTRL_X0Y16       BUFG (Prop_bufg_I_O)         0.029     1.165 r  clk_IBUF_BUFG_inst/O
                         net (fo=25802, routed)       0.909     2.074    ewma_inst/fifo_x_inst/inst/gen_fifo.xpm_fifo_axis_inst/gaxis_rst_sync.xpm_cdc_sync_rst_inst/dest_clk
    SLICE_X43Y43         FDRE                                         r  ewma_inst/fifo_x_inst/inst/gen_fifo.xpm_fifo_axis_inst/gaxis_rst_sync.xpm_cdc_sync_rst_inst/syncstages_ff_reg[0]/C

Slack:                    inf
  Source:                 config_done_reg/C
                            (rising edge-triggered cell FDRE clocked by clk  {rise@0.000ns fall@5.000ns period=10.000ns})
  Destination:            ewma_inst/fifo_input_instances[0].fifo_input_inst_i/inst/gen_fifo.xpm_fifo_axis_inst/gaxis_rst_sync.xpm_cdc_sync_rst_inst/syncstages_ff_reg[0]/D
                            (rising edge-triggered cell FDRE clocked by clk  {rise@0.000ns fall@5.000ns period=10.000ns})
  Path Group:             (none)
  Path Type:              Hold (Min at Fast Process Corner)
  Data Path Delay:        1.185ns  (logic 0.231ns (19.497%)  route 0.954ns (80.503%))
  Logic Levels:           2  (LUT1=1 LUT2=1)
  Clock Path Skew:        0.526ns (DCD - SCD - CPR)
    Destination Clock Delay (DCD):    2.072ns
    Source Clock Delay      (SCD):    1.546ns
    Clock Pessimism Removal (CPR):    -0.000ns
  Clock Uncertainty:      0.035ns  ((TSJ^2 + TIJ^2)^1/2 + DJ) / 2 + PE
    Total System Jitter     (TSJ):    0.071ns
    Total Input Jitter      (TIJ):    0.000ns
    Discrete Jitter          (DJ):    0.000ns
    Phase Error              (PE):    0.000ns
  Timing Exception:       False Path

    Location             Delay type                Incr(ns)  Path(ns)    Netlist Resource(s)
  -------------------------------------------------------------------    -------------------
                         (clock clk rise edge)        0.000     0.000 r  
    E3                                                0.000     0.000 r  clk (IN)
                         net (fo=0)                   0.000     0.000    clk
    E3                   IBUF (Prop_ibuf_I_O)         0.250     0.250 r  clk_IBUF_inst/O
                         net (fo=1, routed)           0.644     0.894    clk_IBUF
    BUFGCTRL_X0Y16       BUFG (Prop_bufg_I_O)         0.026     0.920 r  clk_IBUF_BUFG_inst/O
                         net (fo=25802, routed)       0.626     1.546    clk_IBUF_BUFG
    SLICE_X39Y30         FDRE                                         r  config_done_reg/C
  -------------------------------------------------------------------    -------------------
    SLICE_X39Y30         FDRE (Prop_fdre_C_Q)         0.141     1.687 f  config_done_reg/Q
                         net (fo=34, routed)          0.426     2.113    ewma_inst/fifo_feedback_instances[3].fifo_feedback_inst_i/anom_id_wr_reg[5]
    SLICE_X36Y39         LUT2 (Prop_lut2_I1_O)        0.045     2.158 f  ewma_inst/fifo_feedback_instances[3].fifo_feedback_inst_i/fifo_x_inst_i_1__2/O
                         net (fo=31, routed)          0.476     2.634    ewma_inst/fifo_input_instances[0].fifo_input_inst_i/inst/gen_fifo.xpm_fifo_axis_inst/s_aresetn
    SLICE_X45Y39         LUT1 (Prop_lut1_I0_O)        0.045     2.679 r  ewma_inst/fifo_input_instances[0].fifo_input_inst_i/inst/gen_fifo.xpm_fifo_axis_inst/gaxis_rst_sync.xpm_cdc_sync_rst_inst_i_1/O
                         net (fo=1, routed)           0.051     2.731    ewma_inst/fifo_input_instances[0].fifo_input_inst_i/inst/gen_fifo.xpm_fifo_axis_inst/gaxis_rst_sync.xpm_cdc_sync_rst_inst/src_rst
    SLICE_X45Y39         FDRE                                         r  ewma_inst/fifo_input_instances[0].fifo_input_inst_i/inst/gen_fifo.xpm_fifo_axis_inst/gaxis_rst_sync.xpm_cdc_sync_rst_inst/syncstages_ff_reg[0]/D
  -------------------------------------------------------------------    -------------------

                         (clock clk rise edge)        0.000     0.000 r  
    E3                                                0.000     0.000 r  clk (IN)
                         net (fo=0)                   0.000     0.000    clk
    E3                   IBUF (Prop_ibuf_I_O)         0.438     0.438 r  clk_IBUF_inst/O
                         net (fo=1, routed)           0.699     1.136    clk_IBUF
    BUFGCTRL_X0Y16       BUFG (Prop_bufg_I_O)         0.029     1.165 r  clk_IBUF_BUFG_inst/O
                         net (fo=25802, routed)       0.907     2.072    ewma_inst/fifo_input_instances[0].fifo_input_inst_i/inst/gen_fifo.xpm_fifo_axis_inst/gaxis_rst_sync.xpm_cdc_sync_rst_inst/dest_clk
    SLICE_X45Y39         FDRE                                         r  ewma_inst/fifo_input_instances[0].fifo_input_inst_i/inst/gen_fifo.xpm_fifo_axis_inst/gaxis_rst_sync.xpm_cdc_sync_rst_inst/syncstages_ff_reg[0]/C

Slack:                    inf
  Source:                 config_done_reg/C
                            (rising edge-triggered cell FDRE clocked by clk  {rise@0.000ns fall@5.000ns period=10.000ns})
  Destination:            cusum_inst/cusum/gp_s_t_fifo_buffer/inst/gen_fifo.xpm_fifo_axis_inst/gaxis_rst_sync.xpm_cdc_sync_rst_inst/syncstages_ff_reg[0]/D
                            (rising edge-triggered cell FDRE clocked by clk  {rise@0.000ns fall@5.000ns period=10.000ns})
  Path Group:             (none)
  Path Type:              Hold (Min at Fast Process Corner)
  Data Path Delay:        1.202ns  (logic 0.186ns (15.468%)  route 1.016ns (84.532%))
  Logic Levels:           1  (LUT2=1)
  Clock Path Skew:        0.526ns (DCD - SCD - CPR)
    Destination Clock Delay (DCD):    2.072ns
    Source Clock Delay      (SCD):    1.546ns
    Clock Pessimism Removal (CPR):    -0.000ns
  Clock Uncertainty:      0.035ns  ((TSJ^2 + TIJ^2)^1/2 + DJ) / 2 + PE
    Total System Jitter     (TSJ):    0.071ns
    Total Input Jitter      (TIJ):    0.000ns
    Discrete Jitter          (DJ):    0.000ns
    Phase Error              (PE):    0.000ns
  Timing Exception:       False Path

    Location             Delay type                Incr(ns)  Path(ns)    Netlist Resource(s)
  -------------------------------------------------------------------    -------------------
                         (clock clk rise edge)        0.000     0.000 r  
    E3                                                0.000     0.000 r  clk (IN)
                         net (fo=0)                   0.000     0.000    clk
    E3                   IBUF (Prop_ibuf_I_O)         0.250     0.250 r  clk_IBUF_inst/O
                         net (fo=1, routed)           0.644     0.894    clk_IBUF
    BUFGCTRL_X0Y16       BUFG (Prop_bufg_I_O)         0.026     0.920 r  clk_IBUF_BUFG_inst/O
                         net (fo=25802, routed)       0.626     1.546    clk_IBUF_BUFG
    SLICE_X39Y30         FDRE                                         r  config_done_reg/C
  -------------------------------------------------------------------    -------------------
    SLICE_X39Y30         FDRE (Prop_fdre_C_Q)         0.141     1.687 f  config_done_reg/Q
                         net (fo=34, routed)          0.445     2.132    cusum_inst/cusum/result_reg[63]
    SLICE_X26Y30         LUT2 (Prop_lut2_I1_O)        0.045     2.177 r  cusum_inst/cusum/bypass_current_sensor_fifo_buffer_i_1/O
                         net (fo=10, routed)          0.572     2.748    cusum_inst/cusum/gp_s_t_fifo_buffer/inst/gen_fifo.xpm_fifo_axis_inst/gaxis_rst_sync.xpm_cdc_sync_rst_inst/src_rst
    SLICE_X19Y18         FDRE                                         r  cusum_inst/cusum/gp_s_t_fifo_buffer/inst/gen_fifo.xpm_fifo_axis_inst/gaxis_rst_sync.xpm_cdc_sync_rst_inst/syncstages_ff_reg[0]/D
  -------------------------------------------------------------------    -------------------

                         (clock clk rise edge)        0.000     0.000 r  
    E3                                                0.000     0.000 r  clk (IN)
                         net (fo=0)                   0.000     0.000    clk
    E3                   IBUF (Prop_ibuf_I_O)         0.438     0.438 r  clk_IBUF_inst/O
                         net (fo=1, routed)           0.699     1.136    clk_IBUF
    BUFGCTRL_X0Y16       BUFG (Prop_bufg_I_O)         0.029     1.165 r  clk_IBUF_BUFG_inst/O
                         net (fo=25802, routed)       0.907     2.072    cusum_inst/cusum/gp_s_t_fifo_buffer/inst/gen_fifo.xpm_fifo_axis_inst/gaxis_rst_sync.xpm_cdc_sync_rst_inst/dest_clk
    SLICE_X19Y18         FDRE                                         r  cusum_inst/cusum/gp_s_t_fifo_buffer/inst/gen_fifo.xpm_fifo_axis_inst/gaxis_rst_sync.xpm_cdc_sync_rst_inst/syncstages_ff_reg[0]/C





--------------------------------------------------------------------------------------
Path Group:  (none)
From Clock:  clk
  To Clock:  

Max Delay            19 Endpoints
Min Delay            19 Endpoints
--------------------------------------------------------------------------------------


Max Delay Paths
--------------------------------------------------------------------------------------
Slack:                    inf
  Source:                 display_inst/cnt_reg[13]/C
                            (rising edge-triggered cell FDRE clocked by clk  {rise@0.000ns fall@5.000ns period=10.000ns})
  Destination:            cat[3]
                            (output port)
  Path Group:             (none)
  Path Type:              Max at Slow Process Corner
  Data Path Delay:        12.581ns  (logic 4.869ns (38.704%)  route 7.712ns (61.296%))
  Logic Levels:           4  (LUT4=1 LUT6=1 MUXF7=1 OBUF=1)
  Clock Uncertainty:      0.025ns  ((TSJ^2 + TIJ^2)^1/2 + DJ) / 2 + PE
    Total System Jitter     (TSJ):    0.050ns
    Total Input Jitter      (TIJ):    0.000ns
    Discrete Jitter          (DJ):    0.000ns
    Phase Error              (PE):    0.000ns

    Location             Delay type                Incr(ns)  Path(ns)    Netlist Resource(s)
  -------------------------------------------------------------------    -------------------
                         (clock clk rise edge)        0.000     0.000 r  
    E3                                                0.000     0.000 r  clk (IN)
                         net (fo=0)                   0.000     0.000    clk
    E3                   IBUF (Prop_ibuf_I_O)         1.482     1.482 r  clk_IBUF_inst/O
                         net (fo=1, routed)           2.025     3.506    clk_IBUF
    BUFGCTRL_X0Y16       BUFG (Prop_bufg_I_O)         0.096     3.602 r  clk_IBUF_BUFG_inst/O
                         net (fo=25802, routed)       1.800     5.403    display_inst/clk_IBUF_BUFG
    SLICE_X49Y34         FDRE                                         r  display_inst/cnt_reg[13]/C
  -------------------------------------------------------------------    -------------------
    SLICE_X49Y34         FDRE (Prop_fdre_C_Q)         0.456     5.859 r  display_inst/cnt_reg[13]/Q
                         net (fo=17, routed)          1.344     7.203    display_inst/sel0[0]
    SLICE_X46Y36         LUT6 (Prop_lut6_I4_O)        0.124     7.327 r  display_inst/cat_OBUF[6]_inst_i_7/O
                         net (fo=1, routed)           0.000     7.327    display_inst/cat_OBUF[6]_inst_i_7_n_0
    SLICE_X46Y36         MUXF7 (Prop_muxf7_I1_O)      0.214     7.541 r  display_inst/cat_OBUF[6]_inst_i_2/O
                         net (fo=7, routed)           1.037     8.578    display_inst/cat_OBUF[6]_inst_i_2_n_0
    SLICE_X50Y35         LUT4 (Prop_lut4_I0_O)        0.321     8.899 r  display_inst/cat_OBUF[3]_inst_i_1/O
                         net (fo=1, routed)           5.330    14.229    cat_OBUF[3]
    K13                  OBUF (Prop_obuf_I_O)         3.754    17.984 r  cat_OBUF[3]_inst/O
                         net (fo=0)                   0.000    17.984    cat[3]
    K13                                                               r  cat[3] (OUT)
  -------------------------------------------------------------------    -------------------

Slack:                    inf
  Source:                 display_inst/cnt_reg[13]/C
                            (rising edge-triggered cell FDRE clocked by clk  {rise@0.000ns fall@5.000ns period=10.000ns})
  Destination:            cat[6]
                            (output port)
  Path Group:             (none)
  Path Type:              Max at Slow Process Corner
  Data Path Delay:        11.894ns  (logic 4.878ns (41.014%)  route 7.016ns (58.986%))
  Logic Levels:           4  (LUT4=1 LUT6=1 MUXF7=1 OBUF=1)
  Clock Uncertainty:      0.025ns  ((TSJ^2 + TIJ^2)^1/2 + DJ) / 2 + PE
    Total System Jitter     (TSJ):    0.050ns
    Total Input Jitter      (TIJ):    0.000ns
    Discrete Jitter          (DJ):    0.000ns
    Phase Error              (PE):    0.000ns

    Location             Delay type                Incr(ns)  Path(ns)    Netlist Resource(s)
  -------------------------------------------------------------------    -------------------
                         (clock clk rise edge)        0.000     0.000 r  
    E3                                                0.000     0.000 r  clk (IN)
                         net (fo=0)                   0.000     0.000    clk
    E3                   IBUF (Prop_ibuf_I_O)         1.482     1.482 r  clk_IBUF_inst/O
                         net (fo=1, routed)           2.025     3.506    clk_IBUF
    BUFGCTRL_X0Y16       BUFG (Prop_bufg_I_O)         0.096     3.602 r  clk_IBUF_BUFG_inst/O
                         net (fo=25802, routed)       1.800     5.403    display_inst/clk_IBUF_BUFG
    SLICE_X49Y34         FDRE                                         r  display_inst/cnt_reg[13]/C
  -------------------------------------------------------------------    -------------------
    SLICE_X49Y34         FDRE (Prop_fdre_C_Q)         0.456     5.859 r  display_inst/cnt_reg[13]/Q
                         net (fo=17, routed)          1.344     7.203    display_inst/sel0[0]
    SLICE_X46Y36         LUT6 (Prop_lut6_I4_O)        0.124     7.327 r  display_inst/cat_OBUF[6]_inst_i_7/O
                         net (fo=1, routed)           0.000     7.327    display_inst/cat_OBUF[6]_inst_i_7_n_0
    SLICE_X46Y36         MUXF7 (Prop_muxf7_I1_O)      0.214     7.541 r  display_inst/cat_OBUF[6]_inst_i_2/O
                         net (fo=7, routed)           1.035     8.576    display_inst/cat_OBUF[6]_inst_i_2_n_0
    SLICE_X50Y35         LUT4 (Prop_lut4_I0_O)        0.323     8.899 r  display_inst/cat_OBUF[6]_inst_i_1/O
                         net (fo=1, routed)           4.637    13.536    cat_OBUF[6]
    L18                  OBUF (Prop_obuf_I_O)         3.761    17.297 r  cat_OBUF[6]_inst/O
                         net (fo=0)                   0.000    17.297    cat[6]
    L18                                                               r  cat[6] (OUT)
  -------------------------------------------------------------------    -------------------

Slack:                    inf
  Source:                 display_inst/cnt_reg[13]/C
                            (rising edge-triggered cell FDRE clocked by clk  {rise@0.000ns fall@5.000ns period=10.000ns})
  Destination:            cat[2]
                            (output port)
  Path Group:             (none)
  Path Type:              Max at Slow Process Corner
  Data Path Delay:        11.655ns  (logic 4.584ns (39.331%)  route 7.071ns (60.669%))
  Logic Levels:           4  (LUT4=1 LUT6=1 MUXF7=1 OBUF=1)
  Clock Uncertainty:      0.025ns  ((TSJ^2 + TIJ^2)^1/2 + DJ) / 2 + PE
    Total System Jitter     (TSJ):    0.050ns
    Total Input Jitter      (TIJ):    0.000ns
    Discrete Jitter          (DJ):    0.000ns
    Phase Error              (PE):    0.000ns

    Location             Delay type                Incr(ns)  Path(ns)    Netlist Resource(s)
  -------------------------------------------------------------------    -------------------
                         (clock clk rise edge)        0.000     0.000 r  
    E3                                                0.000     0.000 r  clk (IN)
                         net (fo=0)                   0.000     0.000    clk
    E3                   IBUF (Prop_ibuf_I_O)         1.482     1.482 r  clk_IBUF_inst/O
                         net (fo=1, routed)           2.025     3.506    clk_IBUF
    BUFGCTRL_X0Y16       BUFG (Prop_bufg_I_O)         0.096     3.602 r  clk_IBUF_BUFG_inst/O
                         net (fo=25802, routed)       1.800     5.403    display_inst/clk_IBUF_BUFG
    SLICE_X49Y34         FDRE                                         r  display_inst/cnt_reg[13]/C
  -------------------------------------------------------------------    -------------------
    SLICE_X49Y34         FDRE (Prop_fdre_C_Q)         0.456     5.859 r  display_inst/cnt_reg[13]/Q
                         net (fo=17, routed)          1.344     7.203    display_inst/sel0[0]
    SLICE_X46Y36         LUT6 (Prop_lut6_I4_O)        0.124     7.327 r  display_inst/cat_OBUF[6]_inst_i_7/O
                         net (fo=1, routed)           0.000     7.327    display_inst/cat_OBUF[6]_inst_i_7_n_0
    SLICE_X46Y36         MUXF7 (Prop_muxf7_I1_O)      0.214     7.541 r  display_inst/cat_OBUF[6]_inst_i_2/O
                         net (fo=7, routed)           1.035     8.576    display_inst/cat_OBUF[6]_inst_i_2_n_0
    SLICE_X50Y35         LUT4 (Prop_lut4_I0_O)        0.297     8.873 r  display_inst/cat_OBUF[2]_inst_i_1/O
                         net (fo=1, routed)           4.692    13.565    cat_OBUF[2]
    K16                  OBUF (Prop_obuf_I_O)         3.493    17.058 r  cat_OBUF[2]_inst/O
                         net (fo=0)                   0.000    17.058    cat[2]
    K16                                                               r  cat[2] (OUT)
  -------------------------------------------------------------------    -------------------

Slack:                    inf
  Source:                 display_inst/cnt_reg[13]/C
                            (rising edge-triggered cell FDRE clocked by clk  {rise@0.000ns fall@5.000ns period=10.000ns})
  Destination:            cat[0]
                            (output port)
  Path Group:             (none)
  Path Type:              Max at Slow Process Corner
  Data Path Delay:        10.687ns  (logic 4.904ns (45.889%)  route 5.783ns (54.111%))
  Logic Levels:           4  (LUT4=1 LUT6=1 MUXF7=1 OBUF=1)
  Clock Uncertainty:      0.025ns  ((TSJ^2 + TIJ^2)^1/2 + DJ) / 2 + PE
    Total System Jitter     (TSJ):    0.050ns
    Total Input Jitter      (TIJ):    0.000ns
    Discrete Jitter          (DJ):    0.000ns
    Phase Error              (PE):    0.000ns

    Location             Delay type                Incr(ns)  Path(ns)    Netlist Resource(s)
  -------------------------------------------------------------------    -------------------
                         (clock clk rise edge)        0.000     0.000 r  
    E3                                                0.000     0.000 r  clk (IN)
                         net (fo=0)                   0.000     0.000    clk
    E3                   IBUF (Prop_ibuf_I_O)         1.482     1.482 r  clk_IBUF_inst/O
                         net (fo=1, routed)           2.025     3.506    clk_IBUF
    BUFGCTRL_X0Y16       BUFG (Prop_bufg_I_O)         0.096     3.602 r  clk_IBUF_BUFG_inst/O
                         net (fo=25802, routed)       1.800     5.403    display_inst/clk_IBUF_BUFG
    SLICE_X49Y34         FDRE                                         r  display_inst/cnt_reg[13]/C
  -------------------------------------------------------------------    -------------------
    SLICE_X49Y34         FDRE (Prop_fdre_C_Q)         0.456     5.859 r  display_inst/cnt_reg[13]/Q
                         net (fo=17, routed)          1.344     7.203    display_inst/sel0[0]
    SLICE_X46Y36         LUT6 (Prop_lut6_I4_O)        0.124     7.327 r  display_inst/cat_OBUF[6]_inst_i_7/O
                         net (fo=1, routed)           0.000     7.327    display_inst/cat_OBUF[6]_inst_i_7_n_0
    SLICE_X46Y36         MUXF7 (Prop_muxf7_I1_O)      0.214     7.541 r  display_inst/cat_OBUF[6]_inst_i_2/O
                         net (fo=7, routed)           0.970     8.511    display_inst/cat_OBUF[6]_inst_i_2_n_0
    SLICE_X50Y35         LUT4 (Prop_lut4_I0_O)        0.326     8.837 r  display_inst/cat_OBUF[0]_inst_i_1/O
                         net (fo=1, routed)           3.468    12.305    cat_OBUF[0]
    T10                  OBUF (Prop_obuf_I_O)         3.784    16.089 r  cat_OBUF[0]_inst/O
                         net (fo=0)                   0.000    16.089    cat[0]
    T10                                                               r  cat[0] (OUT)
  -------------------------------------------------------------------    -------------------

Slack:                    inf
  Source:                 display_inst/cnt_reg[13]/C
                            (rising edge-triggered cell FDRE clocked by clk  {rise@0.000ns fall@5.000ns period=10.000ns})
  Destination:            cat[4]
                            (output port)
  Path Group:             (none)
  Path Type:              Max at Slow Process Corner
  Data Path Delay:        10.682ns  (logic 4.625ns (43.294%)  route 6.057ns (56.706%))
  Logic Levels:           4  (LUT4=1 LUT6=1 MUXF7=1 OBUF=1)
  Clock Uncertainty:      0.025ns  ((TSJ^2 + TIJ^2)^1/2 + DJ) / 2 + PE
    Total System Jitter     (TSJ):    0.050ns
    Total Input Jitter      (TIJ):    0.000ns
    Discrete Jitter          (DJ):    0.000ns
    Phase Error              (PE):    0.000ns

    Location             Delay type                Incr(ns)  Path(ns)    Netlist Resource(s)
  -------------------------------------------------------------------    -------------------
                         (clock clk rise edge)        0.000     0.000 r  
    E3                                                0.000     0.000 r  clk (IN)
                         net (fo=0)                   0.000     0.000    clk
    E3                   IBUF (Prop_ibuf_I_O)         1.482     1.482 r  clk_IBUF_inst/O
                         net (fo=1, routed)           2.025     3.506    clk_IBUF
    BUFGCTRL_X0Y16       BUFG (Prop_bufg_I_O)         0.096     3.602 r  clk_IBUF_BUFG_inst/O
                         net (fo=25802, routed)       1.800     5.403    display_inst/clk_IBUF_BUFG
    SLICE_X49Y34         FDRE                                         r  display_inst/cnt_reg[13]/C
  -------------------------------------------------------------------    -------------------
    SLICE_X49Y34         FDRE (Prop_fdre_C_Q)         0.456     5.859 r  display_inst/cnt_reg[13]/Q
                         net (fo=17, routed)          1.344     7.203    display_inst/sel0[0]
    SLICE_X46Y36         LUT6 (Prop_lut6_I4_O)        0.124     7.327 f  display_inst/cat_OBUF[6]_inst_i_7/O
                         net (fo=1, routed)           0.000     7.327    display_inst/cat_OBUF[6]_inst_i_7_n_0
    SLICE_X46Y36         MUXF7 (Prop_muxf7_I1_O)      0.214     7.541 f  display_inst/cat_OBUF[6]_inst_i_2/O
                         net (fo=7, routed)           0.794     8.335    display_inst/cat_OBUF[6]_inst_i_2_n_0
    SLICE_X48Y35         LUT4 (Prop_lut4_I0_O)        0.297     8.632 r  display_inst/cat_OBUF[4]_inst_i_1/O
                         net (fo=1, routed)           3.919    12.551    cat_OBUF[4]
    P15                  OBUF (Prop_obuf_I_O)         3.534    16.084 r  cat_OBUF[4]_inst/O
                         net (fo=0)                   0.000    16.084    cat[4]
    P15                                                               r  cat[4] (OUT)
  -------------------------------------------------------------------    -------------------

Slack:                    inf
  Source:                 display_inst/cnt_reg[13]/C
                            (rising edge-triggered cell FDRE clocked by clk  {rise@0.000ns fall@5.000ns period=10.000ns})
  Destination:            cat[5]
                            (output port)
  Path Group:             (none)
  Path Type:              Max at Slow Process Corner
  Data Path Delay:        10.578ns  (logic 4.652ns (43.974%)  route 5.927ns (56.026%))
  Logic Levels:           4  (LUT4=1 LUT6=1 MUXF7=1 OBUF=1)
  Clock Uncertainty:      0.025ns  ((TSJ^2 + TIJ^2)^1/2 + DJ) / 2 + PE
    Total System Jitter     (TSJ):    0.050ns
    Total Input Jitter      (TIJ):    0.000ns
    Discrete Jitter          (DJ):    0.000ns
    Phase Error              (PE):    0.000ns

    Location             Delay type                Incr(ns)  Path(ns)    Netlist Resource(s)
  -------------------------------------------------------------------    -------------------
                         (clock clk rise edge)        0.000     0.000 r  
    E3                                                0.000     0.000 r  clk (IN)
                         net (fo=0)                   0.000     0.000    clk
    E3                   IBUF (Prop_ibuf_I_O)         1.482     1.482 r  clk_IBUF_inst/O
                         net (fo=1, routed)           2.025     3.506    clk_IBUF
    BUFGCTRL_X0Y16       BUFG (Prop_bufg_I_O)         0.096     3.602 r  clk_IBUF_BUFG_inst/O
                         net (fo=25802, routed)       1.800     5.403    display_inst/clk_IBUF_BUFG
    SLICE_X49Y34         FDRE                                         r  display_inst/cnt_reg[13]/C
  -------------------------------------------------------------------    -------------------
    SLICE_X49Y34         FDRE (Prop_fdre_C_Q)         0.456     5.859 r  display_inst/cnt_reg[13]/Q
                         net (fo=17, routed)          1.344     7.203    display_inst/sel0[0]
    SLICE_X46Y36         LUT6 (Prop_lut6_I4_O)        0.124     7.327 r  display_inst/cat_OBUF[6]_inst_i_7/O
                         net (fo=1, routed)           0.000     7.327    display_inst/cat_OBUF[6]_inst_i_7_n_0
    SLICE_X46Y36         MUXF7 (Prop_muxf7_I1_O)      0.214     7.541 r  display_inst/cat_OBUF[6]_inst_i_2/O
                         net (fo=7, routed)           0.970     8.511    display_inst/cat_OBUF[6]_inst_i_2_n_0
    SLICE_X50Y35         LUT4 (Prop_lut4_I0_O)        0.297     8.808 r  display_inst/cat_OBUF[5]_inst_i_1/O
                         net (fo=1, routed)           3.612    12.420    cat_OBUF[5]
    T11                  OBUF (Prop_obuf_I_O)         3.561    15.981 r  cat_OBUF[5]_inst/O
                         net (fo=0)                   0.000    15.981    cat[5]
    T11                                                               r  cat[5] (OUT)
  -------------------------------------------------------------------    -------------------

Slack:                    inf
  Source:                 display_inst/cnt_reg[13]/C
                            (rising edge-triggered cell FDRE clocked by clk  {rise@0.000ns fall@5.000ns period=10.000ns})
  Destination:            an[6]
                            (output port)
  Path Group:             (none)
  Path Type:              Max at Slow Process Corner
  Data Path Delay:        10.532ns  (logic 4.098ns (38.904%)  route 6.435ns (61.096%))
  Logic Levels:           2  (LUT3=1 OBUF=1)
  Clock Uncertainty:      0.025ns  ((TSJ^2 + TIJ^2)^1/2 + DJ) / 2 + PE
    Total System Jitter     (TSJ):    0.050ns
    Total Input Jitter      (TIJ):    0.000ns
    Discrete Jitter          (DJ):    0.000ns
    Phase Error              (PE):    0.000ns

    Location             Delay type                Incr(ns)  Path(ns)    Netlist Resource(s)
  -------------------------------------------------------------------    -------------------
                         (clock clk rise edge)        0.000     0.000 r  
    E3                                                0.000     0.000 r  clk (IN)
                         net (fo=0)                   0.000     0.000    clk
    E3                   IBUF (Prop_ibuf_I_O)         1.482     1.482 r  clk_IBUF_inst/O
                         net (fo=1, routed)           2.025     3.506    clk_IBUF
    BUFGCTRL_X0Y16       BUFG (Prop_bufg_I_O)         0.096     3.602 r  clk_IBUF_BUFG_inst/O
                         net (fo=25802, routed)       1.800     5.403    display_inst/clk_IBUF_BUFG
    SLICE_X49Y34         FDRE                                         r  display_inst/cnt_reg[13]/C
  -------------------------------------------------------------------    -------------------
    SLICE_X49Y34         FDRE (Prop_fdre_C_Q)         0.456     5.859 r  display_inst/cnt_reg[13]/Q
                         net (fo=17, routed)          1.347     7.205    display_inst/sel0[0]
    SLICE_X46Y39         LUT3 (Prop_lut3_I2_O)        0.124     7.329 r  display_inst/an_OBUF[6]_inst_i_1/O
                         net (fo=1, routed)           5.088    12.418    an_OBUF[6]
    K2                   OBUF (Prop_obuf_I_O)         3.518    15.935 r  an_OBUF[6]_inst/O
                         net (fo=0)                   0.000    15.935    an[6]
    K2                                                                r  an[6] (OUT)
  -------------------------------------------------------------------    -------------------

Slack:                    inf
  Source:                 display_inst/cnt_reg[14]/C
                            (rising edge-triggered cell FDRE clocked by clk  {rise@0.000ns fall@5.000ns period=10.000ns})
  Destination:            an[3]
                            (output port)
  Path Group:             (none)
  Path Type:              Max at Slow Process Corner
  Data Path Delay:        10.433ns  (logic 4.384ns (42.020%)  route 6.049ns (57.980%))
  Logic Levels:           2  (LUT3=1 OBUF=1)
  Clock Uncertainty:      0.025ns  ((TSJ^2 + TIJ^2)^1/2 + DJ) / 2 + PE
    Total System Jitter     (TSJ):    0.050ns
    Total Input Jitter      (TIJ):    0.000ns
    Discrete Jitter          (DJ):    0.000ns
    Phase Error              (PE):    0.000ns

    Location             Delay type                Incr(ns)  Path(ns)    Netlist Resource(s)
  -------------------------------------------------------------------    -------------------
                         (clock clk rise edge)        0.000     0.000 r  
    E3                                                0.000     0.000 r  clk (IN)
                         net (fo=0)                   0.000     0.000    clk
    E3                   IBUF (Prop_ibuf_I_O)         1.482     1.482 r  clk_IBUF_inst/O
                         net (fo=1, routed)           2.025     3.506    clk_IBUF
    BUFGCTRL_X0Y16       BUFG (Prop_bufg_I_O)         0.096     3.602 r  clk_IBUF_BUFG_inst/O
                         net (fo=25802, routed)       1.800     5.403    display_inst/clk_IBUF_BUFG
    SLICE_X49Y34         FDRE                                         r  display_inst/cnt_reg[14]/C
  -------------------------------------------------------------------    -------------------
    SLICE_X49Y34         FDRE (Prop_fdre_C_Q)         0.456     5.859 f  display_inst/cnt_reg[14]/Q
                         net (fo=17, routed)          1.272     7.131    display_inst/sel0[1]
    SLICE_X46Y39         LUT3 (Prop_lut3_I0_O)        0.152     7.283 r  display_inst/an_OBUF[3]_inst_i_1/O
                         net (fo=1, routed)           4.777    12.060    an_OBUF[3]
    J14                  OBUF (Prop_obuf_I_O)         3.776    15.836 r  an_OBUF[3]_inst/O
                         net (fo=0)                   0.000    15.836    an[3]
    J14                                                               r  an[3] (OUT)
  -------------------------------------------------------------------    -------------------

Slack:                    inf
  Source:                 display_inst/cnt_reg[13]/C
                            (rising edge-triggered cell FDRE clocked by clk  {rise@0.000ns fall@5.000ns period=10.000ns})
  Destination:            cat[1]
                            (output port)
  Path Group:             (none)
  Path Type:              Max at Slow Process Corner
  Data Path Delay:        10.387ns  (logic 4.646ns (44.733%)  route 5.741ns (55.267%))
  Logic Levels:           4  (LUT4=1 LUT6=1 MUXF7=1 OBUF=1)
  Clock Uncertainty:      0.025ns  ((TSJ^2 + TIJ^2)^1/2 + DJ) / 2 + PE
    Total System Jitter     (TSJ):    0.050ns
    Total Input Jitter      (TIJ):    0.000ns
    Discrete Jitter          (DJ):    0.000ns
    Phase Error              (PE):    0.000ns

    Location             Delay type                Incr(ns)  Path(ns)    Netlist Resource(s)
  -------------------------------------------------------------------    -------------------
                         (clock clk rise edge)        0.000     0.000 r  
    E3                                                0.000     0.000 r  clk (IN)
                         net (fo=0)                   0.000     0.000    clk
    E3                   IBUF (Prop_ibuf_I_O)         1.482     1.482 r  clk_IBUF_inst/O
                         net (fo=1, routed)           2.025     3.506    clk_IBUF
    BUFGCTRL_X0Y16       BUFG (Prop_bufg_I_O)         0.096     3.602 r  clk_IBUF_BUFG_inst/O
                         net (fo=25802, routed)       1.800     5.403    display_inst/clk_IBUF_BUFG
    SLICE_X49Y34         FDRE                                         r  display_inst/cnt_reg[13]/C
  -------------------------------------------------------------------    -------------------
    SLICE_X49Y34         FDRE (Prop_fdre_C_Q)         0.456     5.859 r  display_inst/cnt_reg[13]/Q
                         net (fo=17, routed)          1.344     7.203    display_inst/sel0[0]
    SLICE_X46Y36         LUT6 (Prop_lut6_I4_O)        0.124     7.327 r  display_inst/cat_OBUF[6]_inst_i_7/O
                         net (fo=1, routed)           0.000     7.327    display_inst/cat_OBUF[6]_inst_i_7_n_0
    SLICE_X46Y36         MUXF7 (Prop_muxf7_I1_O)      0.214     7.541 r  display_inst/cat_OBUF[6]_inst_i_2/O
                         net (fo=7, routed)           1.037     8.578    display_inst/cat_OBUF[6]_inst_i_2_n_0
    SLICE_X50Y35         LUT4 (Prop_lut4_I0_O)        0.297     8.875 r  display_inst/cat_OBUF[1]_inst_i_1/O
                         net (fo=1, routed)           3.359    12.234    cat_OBUF[1]
    R10                  OBUF (Prop_obuf_I_O)         3.555    15.790 r  cat_OBUF[1]_inst/O
                         net (fo=0)                   0.000    15.790    cat[1]
    R10                                                               r  cat[1] (OUT)
  -------------------------------------------------------------------    -------------------

Slack:                    inf
  Source:                 display_inst/cnt_reg[14]/C
                            (rising edge-triggered cell FDRE clocked by clk  {rise@0.000ns fall@5.000ns period=10.000ns})
  Destination:            an[1]
                            (output port)
  Path Group:             (none)
  Path Type:              Max at Slow Process Corner
  Data Path Delay:        10.320ns  (logic 4.342ns (42.069%)  route 5.979ns (57.931%))
  Logic Levels:           2  (LUT3=1 OBUF=1)
  Clock Uncertainty:      0.025ns  ((TSJ^2 + TIJ^2)^1/2 + DJ) / 2 + PE
    Total System Jitter     (TSJ):    0.050ns
    Total Input Jitter      (TIJ):    0.000ns
    Discrete Jitter          (DJ):    0.000ns
    Phase Error              (PE):    0.000ns

    Location             Delay type                Incr(ns)  Path(ns)    Netlist Resource(s)
  -------------------------------------------------------------------    -------------------
                         (clock clk rise edge)        0.000     0.000 r  
    E3                                                0.000     0.000 r  clk (IN)
                         net (fo=0)                   0.000     0.000    clk
    E3                   IBUF (Prop_ibuf_I_O)         1.482     1.482 r  clk_IBUF_inst/O
                         net (fo=1, routed)           2.025     3.506    clk_IBUF
    BUFGCTRL_X0Y16       BUFG (Prop_bufg_I_O)         0.096     3.602 r  clk_IBUF_BUFG_inst/O
                         net (fo=25802, routed)       1.800     5.403    display_inst/clk_IBUF_BUFG
    SLICE_X49Y34         FDRE                                         r  display_inst/cnt_reg[14]/C
  -------------------------------------------------------------------    -------------------
    SLICE_X49Y34         FDRE (Prop_fdre_C_Q)         0.456     5.859 r  display_inst/cnt_reg[14]/Q
                         net (fo=17, routed)          1.280     7.139    display_inst/sel0[1]
    SLICE_X46Y39         LUT3 (Prop_lut3_I0_O)        0.146     7.285 r  display_inst/an_OBUF[1]_inst_i_1/O
                         net (fo=1, routed)           4.699    11.983    an_OBUF[1]
    J18                  OBUF (Prop_obuf_I_O)         3.740    15.723 r  an_OBUF[1]_inst/O
                         net (fo=0)                   0.000    15.723    an[1]
    J18                                                               r  an[1] (OUT)
  -------------------------------------------------------------------    -------------------





Min Delay Paths
--------------------------------------------------------------------------------------
Slack:                    inf
  Source:                 led_reg[2]/C
                            (rising edge-triggered cell FDRE clocked by clk  {rise@0.000ns fall@5.000ns period=10.000ns})
  Destination:            led[2]
                            (output port)
  Path Group:             (none)
  Path Type:              Min at Fast Process Corner
  Data Path Delay:        2.763ns  (logic 1.417ns (51.301%)  route 1.345ns (48.699%))
  Logic Levels:           1  (OBUF=1)
  Clock Uncertainty:      0.025ns  ((TSJ^2 + TIJ^2)^1/2 + DJ) / 2 + PE
    Total System Jitter     (TSJ):    0.050ns
    Total Input Jitter      (TIJ):    0.000ns
    Discrete Jitter          (DJ):    0.000ns
    Phase Error              (PE):    0.000ns

    Location             Delay type                Incr(ns)  Path(ns)    Netlist Resource(s)
  -------------------------------------------------------------------    -------------------
                         (clock clk rise edge)        0.000     0.000 r  
    E3                                                0.000     0.000 r  clk (IN)
                         net (fo=0)                   0.000     0.000    clk
    E3                   IBUF (Prop_ibuf_I_O)         0.250     0.250 r  clk_IBUF_inst/O
                         net (fo=1, routed)           0.644     0.894    clk_IBUF
    BUFGCTRL_X0Y16       BUFG (Prop_bufg_I_O)         0.026     0.920 r  clk_IBUF_BUFG_inst/O
                         net (fo=25802, routed)       0.567     1.486    clk_IBUF_BUFG
    SLICE_X30Y64         FDRE                                         r  led_reg[2]/C
  -------------------------------------------------------------------    -------------------
    SLICE_X30Y64         FDRE (Prop_fdre_C_Q)         0.164     1.650 r  led_reg[2]/Q
                         net (fo=1, routed)           1.345     2.996    led_OBUF[2]
    J13                  OBUF (Prop_obuf_I_O)         1.253     4.249 r  led_OBUF[2]_inst/O
                         net (fo=0)                   0.000     4.249    led[2]
    J13                                                               r  led[2] (OUT)
  -------------------------------------------------------------------    -------------------

Slack:                    inf
  Source:                 display_inst/cnt_reg[15]/C
                            (rising edge-triggered cell FDRE clocked by clk  {rise@0.000ns fall@5.000ns period=10.000ns})
  Destination:            an[7]
                            (output port)
  Path Group:             (none)
  Path Type:              Min at Fast Process Corner
  Data Path Delay:        2.921ns  (logic 1.513ns (51.796%)  route 1.408ns (48.204%))
  Logic Levels:           2  (LUT3=1 OBUF=1)
  Clock Uncertainty:      0.025ns  ((TSJ^2 + TIJ^2)^1/2 + DJ) / 2 + PE
    Total System Jitter     (TSJ):    0.050ns
    Total Input Jitter      (TIJ):    0.000ns
    Discrete Jitter          (DJ):    0.000ns
    Phase Error              (PE):    0.000ns

    Location             Delay type                Incr(ns)  Path(ns)    Netlist Resource(s)
  -------------------------------------------------------------------    -------------------
                         (clock clk rise edge)        0.000     0.000 r  
    E3                                                0.000     0.000 r  clk (IN)
                         net (fo=0)                   0.000     0.000    clk
    E3                   IBUF (Prop_ibuf_I_O)         0.250     0.250 r  clk_IBUF_inst/O
                         net (fo=1, routed)           0.644     0.894    clk_IBUF
    BUFGCTRL_X0Y16       BUFG (Prop_bufg_I_O)         0.026     0.920 r  clk_IBUF_BUFG_inst/O
                         net (fo=25802, routed)       0.628     1.548    display_inst/clk_IBUF_BUFG
    SLICE_X49Y34         FDRE                                         r  display_inst/cnt_reg[15]/C
  -------------------------------------------------------------------    -------------------
    SLICE_X49Y34         FDRE (Prop_fdre_C_Q)         0.141     1.689 f  display_inst/cnt_reg[15]/Q
                         net (fo=13, routed)          0.355     2.044    display_inst/sel0[2]
    SLICE_X46Y39         LUT3 (Prop_lut3_I0_O)        0.044     2.088 r  display_inst/an_OBUF[7]_inst_i_1/O
                         net (fo=1, routed)           1.053     3.141    an_OBUF[7]
    U13                  OBUF (Prop_obuf_I_O)         1.328     4.469 r  an_OBUF[7]_inst/O
                         net (fo=0)                   0.000     4.469    an[7]
    U13                                                               r  an[7] (OUT)
  -------------------------------------------------------------------    -------------------

Slack:                    inf
  Source:                 led_reg[0]/C
                            (rising edge-triggered cell FDRE clocked by clk  {rise@0.000ns fall@5.000ns period=10.000ns})
  Destination:            led[0]
                            (output port)
  Path Group:             (none)
  Path Type:              Min at Fast Process Corner
  Data Path Delay:        2.942ns  (logic 1.362ns (46.315%)  route 1.579ns (53.685%))
  Logic Levels:           1  (OBUF=1)
  Clock Uncertainty:      0.025ns  ((TSJ^2 + TIJ^2)^1/2 + DJ) / 2 + PE
    Total System Jitter     (TSJ):    0.050ns
    Total Input Jitter      (TIJ):    0.000ns
    Discrete Jitter          (DJ):    0.000ns
    Phase Error              (PE):    0.000ns

    Location             Delay type                Incr(ns)  Path(ns)    Netlist Resource(s)
  -------------------------------------------------------------------    -------------------
                         (clock clk rise edge)        0.000     0.000 r  
    E3                                                0.000     0.000 r  clk (IN)
                         net (fo=0)                   0.000     0.000    clk
    E3                   IBUF (Prop_ibuf_I_O)         0.250     0.250 r  clk_IBUF_inst/O
                         net (fo=1, routed)           0.644     0.894    clk_IBUF
    BUFGCTRL_X0Y16       BUFG (Prop_bufg_I_O)         0.026     0.920 r  clk_IBUF_BUFG_inst/O
                         net (fo=25802, routed)       0.632     1.552    clk_IBUF_BUFG
    SLICE_X41Y38         FDRE                                         r  led_reg[0]/C
  -------------------------------------------------------------------    -------------------
    SLICE_X41Y38         FDRE (Prop_fdre_C_Q)         0.141     1.693 r  led_reg[0]/Q
                         net (fo=1, routed)           1.579     3.272    led_OBUF[0]
    H17                  OBUF (Prop_obuf_I_O)         1.221     4.493 r  led_OBUF[0]_inst/O
                         net (fo=0)                   0.000     4.493    led[0]
    H17                                                               r  led[0] (OUT)
  -------------------------------------------------------------------    -------------------

Slack:                    inf
  Source:                 display_inst/cnt_reg[13]/C
                            (rising edge-triggered cell FDRE clocked by clk  {rise@0.000ns fall@5.000ns period=10.000ns})
  Destination:            an[2]
                            (output port)
  Path Group:             (none)
  Path Type:              Min at Fast Process Corner
  Data Path Delay:        2.955ns  (logic 1.461ns (49.444%)  route 1.494ns (50.556%))
  Logic Levels:           2  (LUT3=1 OBUF=1)
  Clock Uncertainty:      0.025ns  ((TSJ^2 + TIJ^2)^1/2 + DJ) / 2 + PE
    Total System Jitter     (TSJ):    0.050ns
    Total Input Jitter      (TIJ):    0.000ns
    Discrete Jitter          (DJ):    0.000ns
    Phase Error              (PE):    0.000ns

    Location             Delay type                Incr(ns)  Path(ns)    Netlist Resource(s)
  -------------------------------------------------------------------    -------------------
                         (clock clk rise edge)        0.000     0.000 r  
    E3                                                0.000     0.000 r  clk (IN)
                         net (fo=0)                   0.000     0.000    clk
    E3                   IBUF (Prop_ibuf_I_O)         0.250     0.250 r  clk_IBUF_inst/O
                         net (fo=1, routed)           0.644     0.894    clk_IBUF
    BUFGCTRL_X0Y16       BUFG (Prop_bufg_I_O)         0.026     0.920 r  clk_IBUF_BUFG_inst/O
                         net (fo=25802, routed)       0.628     1.548    display_inst/clk_IBUF_BUFG
    SLICE_X49Y34         FDRE                                         r  display_inst/cnt_reg[13]/C
  -------------------------------------------------------------------    -------------------
    SLICE_X49Y34         FDRE (Prop_fdre_C_Q)         0.141     1.689 r  display_inst/cnt_reg[13]/Q
                         net (fo=17, routed)          0.391     2.080    display_inst/sel0[0]
    SLICE_X46Y39         LUT3 (Prop_lut3_I1_O)        0.045     2.125 r  display_inst/an_OBUF[2]_inst_i_1/O
                         net (fo=1, routed)           1.103     3.228    an_OBUF[2]
    T9                   OBUF (Prop_obuf_I_O)         1.275     4.502 r  an_OBUF[2]_inst/O
                         net (fo=0)                   0.000     4.502    an[2]
    T9                                                                r  an[2] (OUT)
  -------------------------------------------------------------------    -------------------

Slack:                    inf
  Source:                 led_reg[1]/C
                            (rising edge-triggered cell FDRE clocked by clk  {rise@0.000ns fall@5.000ns period=10.000ns})
  Destination:            led[1]
                            (output port)
  Path Group:             (none)
  Path Type:              Min at Fast Process Corner
  Data Path Delay:        2.985ns  (logic 1.377ns (46.134%)  route 1.608ns (53.866%))
  Logic Levels:           1  (OBUF=1)
  Clock Uncertainty:      0.025ns  ((TSJ^2 + TIJ^2)^1/2 + DJ) / 2 + PE
    Total System Jitter     (TSJ):    0.050ns
    Total Input Jitter      (TIJ):    0.000ns
    Discrete Jitter          (DJ):    0.000ns
    Phase Error              (PE):    0.000ns

    Location             Delay type                Incr(ns)  Path(ns)    Netlist Resource(s)
  -------------------------------------------------------------------    -------------------
                         (clock clk rise edge)        0.000     0.000 r  
    E3                                                0.000     0.000 r  clk (IN)
                         net (fo=0)                   0.000     0.000    clk
    E3                   IBUF (Prop_ibuf_I_O)         0.250     0.250 r  clk_IBUF_inst/O
                         net (fo=1, routed)           0.644     0.894    clk_IBUF
    BUFGCTRL_X0Y16       BUFG (Prop_bufg_I_O)         0.026     0.920 r  clk_IBUF_BUFG_inst/O
                         net (fo=25802, routed)       0.635     1.555    clk_IBUF_BUFG
    SLICE_X35Y38         FDRE                                         r  led_reg[1]/C
  -------------------------------------------------------------------    -------------------
    SLICE_X35Y38         FDRE (Prop_fdre_C_Q)         0.141     1.696 r  led_reg[1]/Q
                         net (fo=1, routed)           1.608     3.304    led_OBUF[1]
    K15                  OBUF (Prop_obuf_I_O)         1.236     4.540 r  led_OBUF[1]_inst/O
                         net (fo=0)                   0.000     4.540    led[1]
    K15                                                               r  led[1] (OUT)
  -------------------------------------------------------------------    -------------------

Slack:                    inf
  Source:                 display_data_7seg_reg[5]/C
                            (rising edge-triggered cell FDRE clocked by clk  {rise@0.000ns fall@5.000ns period=10.000ns})
  Destination:            cat[1]
                            (output port)
  Path Group:             (none)
  Path Type:              Min at Fast Process Corner
  Data Path Delay:        3.100ns  (logic 1.612ns (52.006%)  route 1.488ns (47.994%))
  Logic Levels:           4  (LUT4=1 LUT6=1 MUXF7=1 OBUF=1)
  Clock Uncertainty:      0.025ns  ((TSJ^2 + TIJ^2)^1/2 + DJ) / 2 + PE
    Total System Jitter     (TSJ):    0.050ns
    Total Input Jitter      (TIJ):    0.000ns
    Discrete Jitter          (DJ):    0.000ns
    Phase Error              (PE):    0.000ns

    Location             Delay type                Incr(ns)  Path(ns)    Netlist Resource(s)
  -------------------------------------------------------------------    -------------------
                         (clock clk rise edge)        0.000     0.000 r  
    E3                                                0.000     0.000 r  clk (IN)
                         net (fo=0)                   0.000     0.000    clk
    E3                   IBUF (Prop_ibuf_I_O)         0.250     0.250 r  clk_IBUF_inst/O
                         net (fo=1, routed)           0.644     0.894    clk_IBUF
    BUFGCTRL_X0Y16       BUFG (Prop_bufg_I_O)         0.026     0.920 r  clk_IBUF_BUFG_inst/O
                         net (fo=25802, routed)       0.628     1.548    clk_IBUF_BUFG
    SLICE_X48Y36         FDRE                                         r  display_data_7seg_reg[5]/C
  -------------------------------------------------------------------    -------------------
    SLICE_X48Y36         FDRE (Prop_fdre_C_Q)         0.141     1.689 r  display_data_7seg_reg[5]/Q
                         net (fo=1, routed)           0.107     1.796    display_inst/Q[5]
    SLICE_X49Y35         LUT6 (Prop_lut6_I3_O)        0.045     1.841 r  display_inst/cat_OBUF[6]_inst_i_12/O
                         net (fo=1, routed)           0.000     1.841    display_inst/cat_OBUF[6]_inst_i_12_n_0
    SLICE_X49Y35         MUXF7 (Prop_muxf7_I0_O)      0.062     1.903 r  display_inst/cat_OBUF[6]_inst_i_5/O
                         net (fo=7, routed)           0.236     2.139    display_inst/cat_OBUF[6]_inst_i_5_n_0
    SLICE_X50Y35         LUT4 (Prop_lut4_I2_O)        0.108     2.247 r  display_inst/cat_OBUF[1]_inst_i_1/O
                         net (fo=1, routed)           1.144     3.392    cat_OBUF[1]
    R10                  OBUF (Prop_obuf_I_O)         1.256     4.648 r  cat_OBUF[1]_inst/O
                         net (fo=0)                   0.000     4.648    cat[1]
    R10                                                               r  cat[1] (OUT)
  -------------------------------------------------------------------    -------------------

Slack:                    inf
  Source:                 display_data_7seg_reg[18]/C
                            (rising edge-triggered cell FDRE clocked by clk  {rise@0.000ns fall@5.000ns period=10.000ns})
  Destination:            cat[0]
                            (output port)
  Path Group:             (none)
  Path Type:              Min at Fast Process Corner
  Data Path Delay:        3.156ns  (logic 1.708ns (54.126%)  route 1.448ns (45.874%))
  Logic Levels:           4  (LUT4=1 LUT6=1 MUXF7=1 OBUF=1)
  Clock Uncertainty:      0.025ns  ((TSJ^2 + TIJ^2)^1/2 + DJ) / 2 + PE
    Total System Jitter     (TSJ):    0.050ns
    Total Input Jitter      (TIJ):    0.000ns
    Discrete Jitter          (DJ):    0.000ns
    Phase Error              (PE):    0.000ns

    Location             Delay type                Incr(ns)  Path(ns)    Netlist Resource(s)
  -------------------------------------------------------------------    -------------------
                         (clock clk rise edge)        0.000     0.000 r  
    E3                                                0.000     0.000 r  clk (IN)
                         net (fo=0)                   0.000     0.000    clk
    E3                   IBUF (Prop_ibuf_I_O)         0.250     0.250 r  clk_IBUF_inst/O
                         net (fo=1, routed)           0.644     0.894    clk_IBUF
    BUFGCTRL_X0Y16       BUFG (Prop_bufg_I_O)         0.026     0.920 r  clk_IBUF_BUFG_inst/O
                         net (fo=25802, routed)       0.628     1.548    clk_IBUF_BUFG
    SLICE_X48Y35         FDRE                                         r  display_data_7seg_reg[18]/C
  -------------------------------------------------------------------    -------------------
    SLICE_X48Y35         FDRE (Prop_fdre_C_Q)         0.141     1.689 r  display_data_7seg_reg[18]/Q
                         net (fo=1, routed)           0.122     1.811    display_inst/Q[18]
    SLICE_X48Y35         LUT6 (Prop_lut6_I5_O)        0.045     1.856 r  display_inst/cat_OBUF[6]_inst_i_11/O
                         net (fo=1, routed)           0.000     1.856    display_inst/cat_OBUF[6]_inst_i_11_n_0
    SLICE_X48Y35         MUXF7 (Prop_muxf7_I1_O)      0.065     1.921 r  display_inst/cat_OBUF[6]_inst_i_4/O
                         net (fo=7, routed)           0.190     2.111    display_inst/cat_OBUF[6]_inst_i_4_n_0
    SLICE_X50Y35         LUT4 (Prop_lut4_I1_O)        0.112     2.223 r  display_inst/cat_OBUF[0]_inst_i_1/O
                         net (fo=1, routed)           1.136     3.359    cat_OBUF[0]
    T10                  OBUF (Prop_obuf_I_O)         1.345     4.704 r  cat_OBUF[0]_inst/O
                         net (fo=0)                   0.000     4.704    cat[0]
    T10                                                               r  cat[0] (OUT)
  -------------------------------------------------------------------    -------------------

Slack:                    inf
  Source:                 display_inst/cnt_reg[15]/C
                            (rising edge-triggered cell FDRE clocked by clk  {rise@0.000ns fall@5.000ns period=10.000ns})
  Destination:            an[5]
                            (output port)
  Path Group:             (none)
  Path Type:              Min at Fast Process Corner
  Data Path Delay:        3.165ns  (logic 1.504ns (47.535%)  route 1.660ns (52.465%))
  Logic Levels:           2  (LUT3=1 OBUF=1)
  Clock Uncertainty:      0.025ns  ((TSJ^2 + TIJ^2)^1/2 + DJ) / 2 + PE
    Total System Jitter     (TSJ):    0.050ns
    Total Input Jitter      (TIJ):    0.000ns
    Discrete Jitter          (DJ):    0.000ns
    Phase Error              (PE):    0.000ns

    Location             Delay type                Incr(ns)  Path(ns)    Netlist Resource(s)
  -------------------------------------------------------------------    -------------------
                         (clock clk rise edge)        0.000     0.000 r  
    E3                                                0.000     0.000 r  clk (IN)
                         net (fo=0)                   0.000     0.000    clk
    E3                   IBUF (Prop_ibuf_I_O)         0.250     0.250 r  clk_IBUF_inst/O
                         net (fo=1, routed)           0.644     0.894    clk_IBUF
    BUFGCTRL_X0Y16       BUFG (Prop_bufg_I_O)         0.026     0.920 r  clk_IBUF_BUFG_inst/O
                         net (fo=25802, routed)       0.628     1.548    display_inst/clk_IBUF_BUFG
    SLICE_X49Y34         FDRE                                         r  display_inst/cnt_reg[15]/C
  -------------------------------------------------------------------    -------------------
    SLICE_X49Y34         FDRE (Prop_fdre_C_Q)         0.141     1.689 f  display_inst/cnt_reg[15]/Q
                         net (fo=13, routed)          0.380     2.069    display_inst/sel0[2]
    SLICE_X46Y39         LUT3 (Prop_lut3_I0_O)        0.043     2.112 r  display_inst/an_OBUF[5]_inst_i_1/O
                         net (fo=1, routed)           1.280     3.392    an_OBUF[5]
    T14                  OBUF (Prop_obuf_I_O)         1.320     4.713 r  an_OBUF[5]_inst/O
                         net (fo=0)                   0.000     4.713    an[5]
    T14                                                               r  an[5] (OUT)
  -------------------------------------------------------------------    -------------------

Slack:                    inf
  Source:                 display_data_7seg_reg[18]/C
                            (rising edge-triggered cell FDRE clocked by clk  {rise@0.000ns fall@5.000ns period=10.000ns})
  Destination:            cat[5]
                            (output port)
  Path Group:             (none)
  Path Type:              Min at Fast Process Corner
  Data Path Delay:        3.185ns  (logic 1.620ns (50.869%)  route 1.565ns (49.131%))
  Logic Levels:           4  (LUT4=1 LUT6=1 MUXF7=1 OBUF=1)
  Clock Uncertainty:      0.025ns  ((TSJ^2 + TIJ^2)^1/2 + DJ) / 2 + PE
    Total System Jitter     (TSJ):    0.050ns
    Total Input Jitter      (TIJ):    0.000ns
    Discrete Jitter          (DJ):    0.000ns
    Phase Error              (PE):    0.000ns

    Location             Delay type                Incr(ns)  Path(ns)    Netlist Resource(s)
  -------------------------------------------------------------------    -------------------
                         (clock clk rise edge)        0.000     0.000 r  
    E3                                                0.000     0.000 r  clk (IN)
                         net (fo=0)                   0.000     0.000    clk
    E3                   IBUF (Prop_ibuf_I_O)         0.250     0.250 r  clk_IBUF_inst/O
                         net (fo=1, routed)           0.644     0.894    clk_IBUF
    BUFGCTRL_X0Y16       BUFG (Prop_bufg_I_O)         0.026     0.920 r  clk_IBUF_BUFG_inst/O
                         net (fo=25802, routed)       0.628     1.548    clk_IBUF_BUFG
    SLICE_X48Y35         FDRE                                         r  display_data_7seg_reg[18]/C
  -------------------------------------------------------------------    -------------------
    SLICE_X48Y35         FDRE (Prop_fdre_C_Q)         0.141     1.689 r  display_data_7seg_reg[18]/Q
                         net (fo=1, routed)           0.122     1.811    display_inst/Q[18]
    SLICE_X48Y35         LUT6 (Prop_lut6_I5_O)        0.045     1.856 r  display_inst/cat_OBUF[6]_inst_i_11/O
                         net (fo=1, routed)           0.000     1.856    display_inst/cat_OBUF[6]_inst_i_11_n_0
    SLICE_X48Y35         MUXF7 (Prop_muxf7_I1_O)      0.065     1.921 r  display_inst/cat_OBUF[6]_inst_i_4/O
                         net (fo=7, routed)           0.190     2.111    display_inst/cat_OBUF[6]_inst_i_4_n_0
    SLICE_X50Y35         LUT4 (Prop_lut4_I1_O)        0.108     2.219 r  display_inst/cat_OBUF[5]_inst_i_1/O
                         net (fo=1, routed)           1.253     3.472    cat_OBUF[5]
    T11                  OBUF (Prop_obuf_I_O)         1.261     4.733 r  cat_OBUF[5]_inst/O
                         net (fo=0)                   0.000     4.733    cat[5]
    T11                                                               r  cat[5] (OUT)
  -------------------------------------------------------------------    -------------------

Slack:                    inf
  Source:                 display_data_7seg_reg[24]/C
                            (rising edge-triggered cell FDRE clocked by clk  {rise@0.000ns fall@5.000ns period=10.000ns})
  Destination:            cat[4]
                            (output port)
  Path Group:             (none)
  Path Type:              Min at Fast Process Corner
  Data Path Delay:        3.283ns  (logic 1.592ns (48.508%)  route 1.690ns (51.492%))
  Logic Levels:           4  (LUT4=1 LUT6=1 MUXF7=1 OBUF=1)
  Clock Uncertainty:      0.025ns  ((TSJ^2 + TIJ^2)^1/2 + DJ) / 2 + PE
    Total System Jitter     (TSJ):    0.050ns
    Total Input Jitter      (TIJ):    0.000ns
    Discrete Jitter          (DJ):    0.000ns
    Phase Error              (PE):    0.000ns

    Location             Delay type                Incr(ns)  Path(ns)    Netlist Resource(s)
  -------------------------------------------------------------------    -------------------
                         (clock clk rise edge)        0.000     0.000 r  
    E3                                                0.000     0.000 r  clk (IN)
                         net (fo=0)                   0.000     0.000    clk
    E3                   IBUF (Prop_ibuf_I_O)         0.250     0.250 r  clk_IBUF_inst/O
                         net (fo=1, routed)           0.644     0.894    clk_IBUF
    BUFGCTRL_X0Y16       BUFG (Prop_bufg_I_O)         0.026     0.920 r  clk_IBUF_BUFG_inst/O
                         net (fo=25802, routed)       0.630     1.550    clk_IBUF_BUFG
    SLICE_X45Y36         FDRE                                         r  display_data_7seg_reg[24]/C
  -------------------------------------------------------------------    -------------------
    SLICE_X45Y36         FDRE (Prop_fdre_C_Q)         0.141     1.691 r  display_data_7seg_reg[24]/Q
                         net (fo=1, routed)           0.114     1.805    display_inst/Q[24]
    SLICE_X46Y35         LUT6 (Prop_lut6_I1_O)        0.045     1.850 r  display_inst/cat_OBUF[6]_inst_i_9/O
                         net (fo=1, routed)           0.000     1.850    display_inst/cat_OBUF[6]_inst_i_9_n_0
    SLICE_X46Y35         MUXF7 (Prop_muxf7_I1_O)      0.064     1.914 r  display_inst/cat_OBUF[6]_inst_i_3/O
                         net (fo=7, routed)           0.158     2.072    display_inst/cat_OBUF[6]_inst_i_3_n_0
    SLICE_X48Y35         LUT4 (Prop_lut4_I3_O)        0.108     2.180 r  display_inst/cat_OBUF[4]_inst_i_1/O
                         net (fo=1, routed)           1.418     3.598    cat_OBUF[4]
    P15                  OBUF (Prop_obuf_I_O)         1.234     4.833 r  cat_OBUF[4]_inst/O
                         net (fo=0)                   0.000     4.833    cat[4]
    P15                                                               r  cat[4] (OUT)
  -------------------------------------------------------------------    -------------------





--------------------------------------------------------------------------------------
Path Group:  (none)
From Clock:  
  To Clock:  clk

Max Delay          2277 Endpoints
Min Delay          2277 Endpoints
--------------------------------------------------------------------------------------


Max Delay Paths
--------------------------------------------------------------------------------------
Slack:                    inf
  Source:                 sw[0]
                            (input port)
  Destination:            z_score_inst/mean_inst/sum_buffering_instances[0].sum_buffering_inst_i/fifo1_m_tready_reg/D
                            (rising edge-triggered cell FDRE clocked by clk  {rise@0.000ns fall@5.000ns period=10.000ns})
  Path Group:             (none)
  Path Type:              Setup (Max at Slow Process Corner)
  Data Path Delay:        11.451ns  (logic 1.850ns (16.152%)  route 9.602ns (83.848%))
  Logic Levels:           4  (IBUF=1 LUT2=1 LUT6=2)
  Clock Path Skew:        5.109ns (DCD - SCD + CPR)
    Destination Clock Delay (DCD):    5.109ns
    Source Clock Delay      (SCD):    0.000ns
    Clock Pessimism Removal (CPR):    0.000ns
  Clock Uncertainty:      0.025ns  ((TSJ^2 + TIJ^2)^1/2 + DJ) / 2 + PE
    Total System Jitter     (TSJ):    0.050ns
    Total Input Jitter      (TIJ):    0.000ns
    Discrete Jitter          (DJ):    0.000ns
    Phase Error              (PE):    0.000ns

    Location             Delay type                Incr(ns)  Path(ns)    Netlist Resource(s)
  -------------------------------------------------------------------    -------------------
    J15                                               0.000     0.000 r  sw[0] (IN)
                         net (fo=0)                   0.000     0.000    sw[0]
    J15                  IBUF (Prop_ibuf_I_O)         1.478     1.478 r  sw_IBUF[0]_inst/O
                         net (fo=15, routed)          5.350     6.827    z_score_inst/std_dev_inst/sqrd_dev_inst/sum_buffering_instances[3].sum_buffering_inst_i/sum_inst/sw_IBUF[0]
    SLICE_X44Y50         LUT2 (Prop_lut2_I0_O)        0.124     6.951 r  z_score_inst/std_dev_inst/sqrd_dev_inst/sum_buffering_instances[3].sum_buffering_inst_i/sum_inst/fifo_inst_i_1__6/O
                         net (fo=73, routed)          3.819    10.771    z_score_inst/mean_inst/sum_buffering_instances[0].sum_buffering_inst_i/sum_inst/zscore_rst
    SLICE_X13Y14         LUT6 (Prop_lut6_I5_O)        0.124    10.894 r  z_score_inst/mean_inst/sum_buffering_instances[0].sum_buffering_inst_i/sum_inst/fifo1_m_tready_i_2__3/O
                         net (fo=1, routed)           0.433    11.327    z_score_inst/mean_inst/sum_buffering_instances[0].sum_buffering_inst_i/sum_inst/fifo1_m_tready_i_2__3_n_0
    SLICE_X13Y14         LUT6 (Prop_lut6_I0_O)        0.124    11.451 r  z_score_inst/mean_inst/sum_buffering_instances[0].sum_buffering_inst_i/sum_inst/fifo1_m_tready_i_1/O
                         net (fo=1, routed)           0.000    11.451    z_score_inst/mean_inst/sum_buffering_instances[0].sum_buffering_inst_i/sum_inst_n_34
    SLICE_X13Y14         FDRE                                         r  z_score_inst/mean_inst/sum_buffering_instances[0].sum_buffering_inst_i/fifo1_m_tready_reg/D
  -------------------------------------------------------------------    -------------------

                         (clock clk rise edge)        0.000     0.000 r  
    E3                                                0.000     0.000 r  clk (IN)
                         net (fo=0)                   0.000     0.000    clk
    E3                   IBUF (Prop_ibuf_I_O)         1.411     1.411 r  clk_IBUF_inst/O
                         net (fo=1, routed)           1.920     3.331    clk_IBUF
    BUFGCTRL_X0Y16       BUFG (Prop_bufg_I_O)         0.091     3.422 r  clk_IBUF_BUFG_inst/O
                         net (fo=25802, routed)       1.687     5.109    z_score_inst/mean_inst/sum_buffering_instances[0].sum_buffering_inst_i/clk_IBUF_BUFG
    SLICE_X13Y14         FDRE                                         r  z_score_inst/mean_inst/sum_buffering_instances[0].sum_buffering_inst_i/fifo1_m_tready_reg/C

Slack:                    inf
  Source:                 sw[0]
                            (input port)
  Destination:            z_score_inst/std_dev_inst/sqrd_dev_inst/sum_buffering_instances[2].sum_buffering_inst_i/fifo1_m_tready_reg/D
                            (rising edge-triggered cell FDRE clocked by clk  {rise@0.000ns fall@5.000ns period=10.000ns})
  Path Group:             (none)
  Path Type:              Setup (Max at Slow Process Corner)
  Data Path Delay:        11.245ns  (logic 1.850ns (16.448%)  route 9.396ns (83.552%))
  Logic Levels:           4  (IBUF=1 LUT2=1 LUT6=2)
  Clock Path Skew:        4.945ns (DCD - SCD + CPR)
    Destination Clock Delay (DCD):    4.945ns
    Source Clock Delay      (SCD):    0.000ns
    Clock Pessimism Removal (CPR):    0.000ns
  Clock Uncertainty:      0.025ns  ((TSJ^2 + TIJ^2)^1/2 + DJ) / 2 + PE
    Total System Jitter     (TSJ):    0.050ns
    Total Input Jitter      (TIJ):    0.000ns
    Discrete Jitter          (DJ):    0.000ns
    Phase Error              (PE):    0.000ns

    Location             Delay type                Incr(ns)  Path(ns)    Netlist Resource(s)
  -------------------------------------------------------------------    -------------------
    J15                                               0.000     0.000 r  sw[0] (IN)
                         net (fo=0)                   0.000     0.000    sw[0]
    J15                  IBUF (Prop_ibuf_I_O)         1.478     1.478 r  sw_IBUF[0]_inst/O
                         net (fo=15, routed)          5.350     6.827    z_score_inst/std_dev_inst/sqrd_dev_inst/sum_buffering_instances[3].sum_buffering_inst_i/sum_inst/sw_IBUF[0]
    SLICE_X44Y50         LUT2 (Prop_lut2_I0_O)        0.124     6.951 r  z_score_inst/std_dev_inst/sqrd_dev_inst/sum_buffering_instances[3].sum_buffering_inst_i/sum_inst/fifo_inst_i_1__6/O
                         net (fo=73, routed)          3.613    10.564    z_score_inst/std_dev_inst/sqrd_dev_inst/sum_buffering_instances[2].sum_buffering_inst_i/sum_inst/fifo1_m_tready_reg
    SLICE_X15Y90         LUT6 (Prop_lut6_I5_O)        0.124    10.688 r  z_score_inst/std_dev_inst/sqrd_dev_inst/sum_buffering_instances[2].sum_buffering_inst_i/sum_inst/fifo1_m_tready_i_2__1/O
                         net (fo=1, routed)           0.433    11.121    z_score_inst/std_dev_inst/sqrd_dev_inst/sum_buffering_instances[2].sum_buffering_inst_i/sum_inst/fifo1_m_tready_i_2__1_n_0
    SLICE_X15Y90         LUT6 (Prop_lut6_I0_O)        0.124    11.245 r  z_score_inst/std_dev_inst/sqrd_dev_inst/sum_buffering_instances[2].sum_buffering_inst_i/sum_inst/fifo1_m_tready_i_1__5/O
                         net (fo=1, routed)           0.000    11.245    z_score_inst/std_dev_inst/sqrd_dev_inst/sum_buffering_instances[2].sum_buffering_inst_i/sum_inst_n_34
    SLICE_X15Y90         FDRE                                         r  z_score_inst/std_dev_inst/sqrd_dev_inst/sum_buffering_instances[2].sum_buffering_inst_i/fifo1_m_tready_reg/D
  -------------------------------------------------------------------    -------------------

                         (clock clk rise edge)        0.000     0.000 r  
    E3                                                0.000     0.000 r  clk (IN)
                         net (fo=0)                   0.000     0.000    clk
    E3                   IBUF (Prop_ibuf_I_O)         1.411     1.411 r  clk_IBUF_inst/O
                         net (fo=1, routed)           1.920     3.331    clk_IBUF
    BUFGCTRL_X0Y16       BUFG (Prop_bufg_I_O)         0.091     3.422 r  clk_IBUF_BUFG_inst/O
                         net (fo=25802, routed)       1.522     4.945    z_score_inst/std_dev_inst/sqrd_dev_inst/sum_buffering_instances[2].sum_buffering_inst_i/clk_IBUF_BUFG
    SLICE_X15Y90         FDRE                                         r  z_score_inst/std_dev_inst/sqrd_dev_inst/sum_buffering_instances[2].sum_buffering_inst_i/fifo1_m_tready_reg/C

Slack:                    inf
  Source:                 sw[0]
                            (input port)
  Destination:            z_score_inst/std_dev_inst/sqrd_dev_inst/sum_buffering_instances[3].sum_buffering_inst_i/fifo1_m_tready_reg/D
                            (rising edge-triggered cell FDRE clocked by clk  {rise@0.000ns fall@5.000ns period=10.000ns})
  Path Group:             (none)
  Path Type:              Setup (Max at Slow Process Corner)
  Data Path Delay:        11.128ns  (logic 1.850ns (16.620%)  route 9.279ns (83.380%))
  Logic Levels:           4  (IBUF=1 LUT2=1 LUT6=2)
  Clock Path Skew:        5.016ns (DCD - SCD + CPR)
    Destination Clock Delay (DCD):    5.016ns
    Source Clock Delay      (SCD):    0.000ns
    Clock Pessimism Removal (CPR):    0.000ns
  Clock Uncertainty:      0.025ns  ((TSJ^2 + TIJ^2)^1/2 + DJ) / 2 + PE
    Total System Jitter     (TSJ):    0.050ns
    Total Input Jitter      (TIJ):    0.000ns
    Discrete Jitter          (DJ):    0.000ns
    Phase Error              (PE):    0.000ns

    Location             Delay type                Incr(ns)  Path(ns)    Netlist Resource(s)
  -------------------------------------------------------------------    -------------------
    J15                                               0.000     0.000 r  sw[0] (IN)
                         net (fo=0)                   0.000     0.000    sw[0]
    J15                  IBUF (Prop_ibuf_I_O)         1.478     1.478 r  sw_IBUF[0]_inst/O
                         net (fo=15, routed)          5.350     6.827    z_score_inst/std_dev_inst/sqrd_dev_inst/sum_buffering_instances[3].sum_buffering_inst_i/sum_inst/sw_IBUF[0]
    SLICE_X44Y50         LUT2 (Prop_lut2_I0_O)        0.124     6.951 r  z_score_inst/std_dev_inst/sqrd_dev_inst/sum_buffering_instances[3].sum_buffering_inst_i/sum_inst/fifo_inst_i_1__6/O
                         net (fo=73, routed)          3.508    10.459    z_score_inst/std_dev_inst/sqrd_dev_inst/sum_buffering_instances[3].sum_buffering_inst_i/sum_inst/s_axis_aresetn
    SLICE_X79Y81         LUT6 (Prop_lut6_I5_O)        0.124    10.583 r  z_score_inst/std_dev_inst/sqrd_dev_inst/sum_buffering_instances[3].sum_buffering_inst_i/sum_inst/fifo1_m_tready_i_2__2/O
                         net (fo=1, routed)           0.421    11.004    z_score_inst/std_dev_inst/sqrd_dev_inst/sum_buffering_instances[3].sum_buffering_inst_i/sum_inst/fifo1_m_tready_i_2__2_n_0
    SLICE_X80Y81         LUT6 (Prop_lut6_I0_O)        0.124    11.128 r  z_score_inst/std_dev_inst/sqrd_dev_inst/sum_buffering_instances[3].sum_buffering_inst_i/sum_inst/fifo1_m_tready_i_1__6/O
                         net (fo=1, routed)           0.000    11.128    z_score_inst/std_dev_inst/sqrd_dev_inst/sum_buffering_instances[3].sum_buffering_inst_i/sum_inst_n_35
    SLICE_X80Y81         FDRE                                         r  z_score_inst/std_dev_inst/sqrd_dev_inst/sum_buffering_instances[3].sum_buffering_inst_i/fifo1_m_tready_reg/D
  -------------------------------------------------------------------    -------------------

                         (clock clk rise edge)        0.000     0.000 r  
    E3                                                0.000     0.000 r  clk (IN)
                         net (fo=0)                   0.000     0.000    clk
    E3                   IBUF (Prop_ibuf_I_O)         1.411     1.411 r  clk_IBUF_inst/O
                         net (fo=1, routed)           1.920     3.331    clk_IBUF
    BUFGCTRL_X0Y16       BUFG (Prop_bufg_I_O)         0.091     3.422 r  clk_IBUF_BUFG_inst/O
                         net (fo=25802, routed)       1.593     5.016    z_score_inst/std_dev_inst/sqrd_dev_inst/sum_buffering_instances[3].sum_buffering_inst_i/clk_IBUF_BUFG
    SLICE_X80Y81         FDRE                                         r  z_score_inst/std_dev_inst/sqrd_dev_inst/sum_buffering_instances[3].sum_buffering_inst_i/fifo1_m_tready_reg/C

Slack:                    inf
  Source:                 sw[0]
                            (input port)
  Destination:            z_score_inst/std_dev_inst/sqrd_dev_inst/sum_buffering_instances[1].sum_buffering_inst_i/sum_inst/add_or_sub_reg/D
                            (rising edge-triggered cell FDRE clocked by clk  {rise@0.000ns fall@5.000ns period=10.000ns})
  Path Group:             (none)
  Path Type:              Setup (Max at Slow Process Corner)
  Data Path Delay:        11.033ns  (logic 1.726ns (15.640%)  route 9.308ns (84.360%))
  Logic Levels:           3  (IBUF=1 LUT2=1 LUT6=1)
  Clock Path Skew:        4.930ns (DCD - SCD + CPR)
    Destination Clock Delay (DCD):    4.930ns
    Source Clock Delay      (SCD):    0.000ns
    Clock Pessimism Removal (CPR):    0.000ns
  Clock Uncertainty:      0.025ns  ((TSJ^2 + TIJ^2)^1/2 + DJ) / 2 + PE
    Total System Jitter     (TSJ):    0.050ns
    Total Input Jitter      (TIJ):    0.000ns
    Discrete Jitter          (DJ):    0.000ns
    Phase Error              (PE):    0.000ns

    Location             Delay type                Incr(ns)  Path(ns)    Netlist Resource(s)
  -------------------------------------------------------------------    -------------------
    J15                                               0.000     0.000 r  sw[0] (IN)
                         net (fo=0)                   0.000     0.000    sw[0]
    J15                  IBUF (Prop_ibuf_I_O)         1.478     1.478 r  sw_IBUF[0]_inst/O
                         net (fo=15, routed)          5.350     6.827    z_score_inst/std_dev_inst/sqrd_dev_inst/sum_buffering_instances[3].sum_buffering_inst_i/sum_inst/sw_IBUF[0]
    SLICE_X44Y50         LUT2 (Prop_lut2_I0_O)        0.124     6.951 r  z_score_inst/std_dev_inst/sqrd_dev_inst/sum_buffering_instances[3].sum_buffering_inst_i/sum_inst/fifo_inst_i_1__6/O
                         net (fo=73, routed)          3.958    10.909    z_score_inst/std_dev_inst/sqrd_dev_inst/sum_buffering_instances[1].sum_buffering_inst_i/sum_inst/fifo1_m_tready_reg
    SLICE_X67Y86         LUT6 (Prop_lut6_I2_O)        0.124    11.033 r  z_score_inst/std_dev_inst/sqrd_dev_inst/sum_buffering_instances[1].sum_buffering_inst_i/sum_inst/add_or_sub_i_1__0/O
                         net (fo=1, routed)           0.000    11.033    z_score_inst/std_dev_inst/sqrd_dev_inst/sum_buffering_instances[1].sum_buffering_inst_i/sum_inst/add_or_sub_i_1__0_n_0
    SLICE_X67Y86         FDRE                                         r  z_score_inst/std_dev_inst/sqrd_dev_inst/sum_buffering_instances[1].sum_buffering_inst_i/sum_inst/add_or_sub_reg/D
  -------------------------------------------------------------------    -------------------

                         (clock clk rise edge)        0.000     0.000 r  
    E3                                                0.000     0.000 r  clk (IN)
                         net (fo=0)                   0.000     0.000    clk
    E3                   IBUF (Prop_ibuf_I_O)         1.411     1.411 r  clk_IBUF_inst/O
                         net (fo=1, routed)           1.920     3.331    clk_IBUF
    BUFGCTRL_X0Y16       BUFG (Prop_bufg_I_O)         0.091     3.422 r  clk_IBUF_BUFG_inst/O
                         net (fo=25802, routed)       1.507     4.930    z_score_inst/std_dev_inst/sqrd_dev_inst/sum_buffering_instances[1].sum_buffering_inst_i/sum_inst/clk_IBUF_BUFG
    SLICE_X67Y86         FDRE                                         r  z_score_inst/std_dev_inst/sqrd_dev_inst/sum_buffering_instances[1].sum_buffering_inst_i/sum_inst/add_or_sub_reg/C

Slack:                    inf
  Source:                 sw[0]
                            (input port)
  Destination:            z_score_inst/std_dev_inst/sqrd_dev_inst/sum_buffering_instances[3].sum_buffering_inst_i/sum_inst/count_reg[1]/R
                            (rising edge-triggered cell FDRE clocked by clk  {rise@0.000ns fall@5.000ns period=10.000ns})
  Path Group:             (none)
  Path Type:              Setup (Max at Slow Process Corner)
  Data Path Delay:        11.006ns  (logic 1.627ns (14.778%)  route 9.380ns (85.222%))
  Logic Levels:           2  (IBUF=1 LUT2=1)
  Clock Path Skew:        5.019ns (DCD - SCD + CPR)
    Destination Clock Delay (DCD):    5.019ns
    Source Clock Delay      (SCD):    0.000ns
    Clock Pessimism Removal (CPR):    0.000ns
  Clock Uncertainty:      0.025ns  ((TSJ^2 + TIJ^2)^1/2 + DJ) / 2 + PE
    Total System Jitter     (TSJ):    0.050ns
    Total Input Jitter      (TIJ):    0.000ns
    Discrete Jitter          (DJ):    0.000ns
    Phase Error              (PE):    0.000ns

    Location             Delay type                Incr(ns)  Path(ns)    Netlist Resource(s)
  -------------------------------------------------------------------    -------------------
    J15                                               0.000     0.000 f  sw[0] (IN)
                         net (fo=0)                   0.000     0.000    sw[0]
    J15                  IBUF (Prop_ibuf_I_O)         1.478     1.478 f  sw_IBUF[0]_inst/O
                         net (fo=15, routed)          5.481     6.958    z_score_inst/std_dev_inst/sqrd_dev_inst/sum_buffering_instances[0].sum_buffering_inst_i/sum_inst/sw_IBUF[0]
    SLICE_X49Y47         LUT2 (Prop_lut2_I1_O)        0.149     7.107 r  z_score_inst/std_dev_inst/sqrd_dev_inst/sum_buffering_instances[0].sum_buffering_inst_i/sum_inst/mean_id_wr[3]_i_1/O
                         net (fo=456, routed)         3.899    11.006    z_score_inst/std_dev_inst/sqrd_dev_inst/sum_buffering_instances[3].sum_buffering_inst_i/sum_inst/SR[0]
    SLICE_X80Y83         FDRE                                         r  z_score_inst/std_dev_inst/sqrd_dev_inst/sum_buffering_instances[3].sum_buffering_inst_i/sum_inst/count_reg[1]/R
  -------------------------------------------------------------------    -------------------

                         (clock clk rise edge)        0.000     0.000 r  
    E3                                                0.000     0.000 r  clk (IN)
                         net (fo=0)                   0.000     0.000    clk
    E3                   IBUF (Prop_ibuf_I_O)         1.411     1.411 r  clk_IBUF_inst/O
                         net (fo=1, routed)           1.920     3.331    clk_IBUF
    BUFGCTRL_X0Y16       BUFG (Prop_bufg_I_O)         0.091     3.422 r  clk_IBUF_BUFG_inst/O
                         net (fo=25802, routed)       1.596     5.019    z_score_inst/std_dev_inst/sqrd_dev_inst/sum_buffering_instances[3].sum_buffering_inst_i/sum_inst/clk_IBUF_BUFG
    SLICE_X80Y83         FDRE                                         r  z_score_inst/std_dev_inst/sqrd_dev_inst/sum_buffering_instances[3].sum_buffering_inst_i/sum_inst/count_reg[1]/C

Slack:                    inf
  Source:                 sw[0]
                            (input port)
  Destination:            z_score_inst/std_dev_inst/sqrd_dev_inst/sum_buffering_instances[3].sum_buffering_inst_i/sum_inst/count_reg[2]/R
                            (rising edge-triggered cell FDRE clocked by clk  {rise@0.000ns fall@5.000ns period=10.000ns})
  Path Group:             (none)
  Path Type:              Setup (Max at Slow Process Corner)
  Data Path Delay:        11.006ns  (logic 1.627ns (14.778%)  route 9.380ns (85.222%))
  Logic Levels:           2  (IBUF=1 LUT2=1)
  Clock Path Skew:        5.019ns (DCD - SCD + CPR)
    Destination Clock Delay (DCD):    5.019ns
    Source Clock Delay      (SCD):    0.000ns
    Clock Pessimism Removal (CPR):    0.000ns
  Clock Uncertainty:      0.025ns  ((TSJ^2 + TIJ^2)^1/2 + DJ) / 2 + PE
    Total System Jitter     (TSJ):    0.050ns
    Total Input Jitter      (TIJ):    0.000ns
    Discrete Jitter          (DJ):    0.000ns
    Phase Error              (PE):    0.000ns

    Location             Delay type                Incr(ns)  Path(ns)    Netlist Resource(s)
  -------------------------------------------------------------------    -------------------
    J15                                               0.000     0.000 f  sw[0] (IN)
                         net (fo=0)                   0.000     0.000    sw[0]
    J15                  IBUF (Prop_ibuf_I_O)         1.478     1.478 f  sw_IBUF[0]_inst/O
                         net (fo=15, routed)          5.481     6.958    z_score_inst/std_dev_inst/sqrd_dev_inst/sum_buffering_instances[0].sum_buffering_inst_i/sum_inst/sw_IBUF[0]
    SLICE_X49Y47         LUT2 (Prop_lut2_I1_O)        0.149     7.107 r  z_score_inst/std_dev_inst/sqrd_dev_inst/sum_buffering_instances[0].sum_buffering_inst_i/sum_inst/mean_id_wr[3]_i_1/O
                         net (fo=456, routed)         3.899    11.006    z_score_inst/std_dev_inst/sqrd_dev_inst/sum_buffering_instances[3].sum_buffering_inst_i/sum_inst/SR[0]
    SLICE_X80Y83         FDRE                                         r  z_score_inst/std_dev_inst/sqrd_dev_inst/sum_buffering_instances[3].sum_buffering_inst_i/sum_inst/count_reg[2]/R
  -------------------------------------------------------------------    -------------------

                         (clock clk rise edge)        0.000     0.000 r  
    E3                                                0.000     0.000 r  clk (IN)
                         net (fo=0)                   0.000     0.000    clk
    E3                   IBUF (Prop_ibuf_I_O)         1.411     1.411 r  clk_IBUF_inst/O
                         net (fo=1, routed)           1.920     3.331    clk_IBUF
    BUFGCTRL_X0Y16       BUFG (Prop_bufg_I_O)         0.091     3.422 r  clk_IBUF_BUFG_inst/O
                         net (fo=25802, routed)       1.596     5.019    z_score_inst/std_dev_inst/sqrd_dev_inst/sum_buffering_instances[3].sum_buffering_inst_i/sum_inst/clk_IBUF_BUFG
    SLICE_X80Y83         FDRE                                         r  z_score_inst/std_dev_inst/sqrd_dev_inst/sum_buffering_instances[3].sum_buffering_inst_i/sum_inst/count_reg[2]/C

Slack:                    inf
  Source:                 sw[0]
                            (input port)
  Destination:            z_score_inst/std_dev_inst/sqrd_dev_inst/sum_buffering_instances[3].sum_buffering_inst_i/sum_inst/count_reg[3]/R
                            (rising edge-triggered cell FDRE clocked by clk  {rise@0.000ns fall@5.000ns period=10.000ns})
  Path Group:             (none)
  Path Type:              Setup (Max at Slow Process Corner)
  Data Path Delay:        11.006ns  (logic 1.627ns (14.778%)  route 9.380ns (85.222%))
  Logic Levels:           2  (IBUF=1 LUT2=1)
  Clock Path Skew:        5.019ns (DCD - SCD + CPR)
    Destination Clock Delay (DCD):    5.019ns
    Source Clock Delay      (SCD):    0.000ns
    Clock Pessimism Removal (CPR):    0.000ns
  Clock Uncertainty:      0.025ns  ((TSJ^2 + TIJ^2)^1/2 + DJ) / 2 + PE
    Total System Jitter     (TSJ):    0.050ns
    Total Input Jitter      (TIJ):    0.000ns
    Discrete Jitter          (DJ):    0.000ns
    Phase Error              (PE):    0.000ns

    Location             Delay type                Incr(ns)  Path(ns)    Netlist Resource(s)
  -------------------------------------------------------------------    -------------------
    J15                                               0.000     0.000 f  sw[0] (IN)
                         net (fo=0)                   0.000     0.000    sw[0]
    J15                  IBUF (Prop_ibuf_I_O)         1.478     1.478 f  sw_IBUF[0]_inst/O
                         net (fo=15, routed)          5.481     6.958    z_score_inst/std_dev_inst/sqrd_dev_inst/sum_buffering_instances[0].sum_buffering_inst_i/sum_inst/sw_IBUF[0]
    SLICE_X49Y47         LUT2 (Prop_lut2_I1_O)        0.149     7.107 r  z_score_inst/std_dev_inst/sqrd_dev_inst/sum_buffering_instances[0].sum_buffering_inst_i/sum_inst/mean_id_wr[3]_i_1/O
                         net (fo=456, routed)         3.899    11.006    z_score_inst/std_dev_inst/sqrd_dev_inst/sum_buffering_instances[3].sum_buffering_inst_i/sum_inst/SR[0]
    SLICE_X80Y83         FDRE                                         r  z_score_inst/std_dev_inst/sqrd_dev_inst/sum_buffering_instances[3].sum_buffering_inst_i/sum_inst/count_reg[3]/R
  -------------------------------------------------------------------    -------------------

                         (clock clk rise edge)        0.000     0.000 r  
    E3                                                0.000     0.000 r  clk (IN)
                         net (fo=0)                   0.000     0.000    clk
    E3                   IBUF (Prop_ibuf_I_O)         1.411     1.411 r  clk_IBUF_inst/O
                         net (fo=1, routed)           1.920     3.331    clk_IBUF
    BUFGCTRL_X0Y16       BUFG (Prop_bufg_I_O)         0.091     3.422 r  clk_IBUF_BUFG_inst/O
                         net (fo=25802, routed)       1.596     5.019    z_score_inst/std_dev_inst/sqrd_dev_inst/sum_buffering_instances[3].sum_buffering_inst_i/sum_inst/clk_IBUF_BUFG
    SLICE_X80Y83         FDRE                                         r  z_score_inst/std_dev_inst/sqrd_dev_inst/sum_buffering_instances[3].sum_buffering_inst_i/sum_inst/count_reg[3]/C

Slack:                    inf
  Source:                 sw[0]
                            (input port)
  Destination:            z_score_inst/std_dev_inst/sqrd_dev_inst/sum_buffering_instances[3].sum_buffering_inst_i/sum_inst/count_reg[4]/R
                            (rising edge-triggered cell FDRE clocked by clk  {rise@0.000ns fall@5.000ns period=10.000ns})
  Path Group:             (none)
  Path Type:              Setup (Max at Slow Process Corner)
  Data Path Delay:        11.006ns  (logic 1.627ns (14.778%)  route 9.380ns (85.222%))
  Logic Levels:           2  (IBUF=1 LUT2=1)
  Clock Path Skew:        5.019ns (DCD - SCD + CPR)
    Destination Clock Delay (DCD):    5.019ns
    Source Clock Delay      (SCD):    0.000ns
    Clock Pessimism Removal (CPR):    0.000ns
  Clock Uncertainty:      0.025ns  ((TSJ^2 + TIJ^2)^1/2 + DJ) / 2 + PE
    Total System Jitter     (TSJ):    0.050ns
    Total Input Jitter      (TIJ):    0.000ns
    Discrete Jitter          (DJ):    0.000ns
    Phase Error              (PE):    0.000ns

    Location             Delay type                Incr(ns)  Path(ns)    Netlist Resource(s)
  -------------------------------------------------------------------    -------------------
    J15                                               0.000     0.000 f  sw[0] (IN)
                         net (fo=0)                   0.000     0.000    sw[0]
    J15                  IBUF (Prop_ibuf_I_O)         1.478     1.478 f  sw_IBUF[0]_inst/O
                         net (fo=15, routed)          5.481     6.958    z_score_inst/std_dev_inst/sqrd_dev_inst/sum_buffering_instances[0].sum_buffering_inst_i/sum_inst/sw_IBUF[0]
    SLICE_X49Y47         LUT2 (Prop_lut2_I1_O)        0.149     7.107 r  z_score_inst/std_dev_inst/sqrd_dev_inst/sum_buffering_instances[0].sum_buffering_inst_i/sum_inst/mean_id_wr[3]_i_1/O
                         net (fo=456, routed)         3.899    11.006    z_score_inst/std_dev_inst/sqrd_dev_inst/sum_buffering_instances[3].sum_buffering_inst_i/sum_inst/SR[0]
    SLICE_X80Y83         FDRE                                         r  z_score_inst/std_dev_inst/sqrd_dev_inst/sum_buffering_instances[3].sum_buffering_inst_i/sum_inst/count_reg[4]/R
  -------------------------------------------------------------------    -------------------

                         (clock clk rise edge)        0.000     0.000 r  
    E3                                                0.000     0.000 r  clk (IN)
                         net (fo=0)                   0.000     0.000    clk
    E3                   IBUF (Prop_ibuf_I_O)         1.411     1.411 r  clk_IBUF_inst/O
                         net (fo=1, routed)           1.920     3.331    clk_IBUF
    BUFGCTRL_X0Y16       BUFG (Prop_bufg_I_O)         0.091     3.422 r  clk_IBUF_BUFG_inst/O
                         net (fo=25802, routed)       1.596     5.019    z_score_inst/std_dev_inst/sqrd_dev_inst/sum_buffering_instances[3].sum_buffering_inst_i/sum_inst/clk_IBUF_BUFG
    SLICE_X80Y83         FDRE                                         r  z_score_inst/std_dev_inst/sqrd_dev_inst/sum_buffering_instances[3].sum_buffering_inst_i/sum_inst/count_reg[4]/C

Slack:                    inf
  Source:                 sw[0]
                            (input port)
  Destination:            z_score_inst/std_dev_inst/sqrd_dev_inst/sum_buffering_instances[3].sum_buffering_inst_i/sum_inst/count_reg[5]/R
                            (rising edge-triggered cell FDRE clocked by clk  {rise@0.000ns fall@5.000ns period=10.000ns})
  Path Group:             (none)
  Path Type:              Setup (Max at Slow Process Corner)
  Data Path Delay:        11.006ns  (logic 1.627ns (14.778%)  route 9.380ns (85.222%))
  Logic Levels:           2  (IBUF=1 LUT2=1)
  Clock Path Skew:        5.019ns (DCD - SCD + CPR)
    Destination Clock Delay (DCD):    5.019ns
    Source Clock Delay      (SCD):    0.000ns
    Clock Pessimism Removal (CPR):    0.000ns
  Clock Uncertainty:      0.025ns  ((TSJ^2 + TIJ^2)^1/2 + DJ) / 2 + PE
    Total System Jitter     (TSJ):    0.050ns
    Total Input Jitter      (TIJ):    0.000ns
    Discrete Jitter          (DJ):    0.000ns
    Phase Error              (PE):    0.000ns

    Location             Delay type                Incr(ns)  Path(ns)    Netlist Resource(s)
  -------------------------------------------------------------------    -------------------
    J15                                               0.000     0.000 f  sw[0] (IN)
                         net (fo=0)                   0.000     0.000    sw[0]
    J15                  IBUF (Prop_ibuf_I_O)         1.478     1.478 f  sw_IBUF[0]_inst/O
                         net (fo=15, routed)          5.481     6.958    z_score_inst/std_dev_inst/sqrd_dev_inst/sum_buffering_instances[0].sum_buffering_inst_i/sum_inst/sw_IBUF[0]
    SLICE_X49Y47         LUT2 (Prop_lut2_I1_O)        0.149     7.107 r  z_score_inst/std_dev_inst/sqrd_dev_inst/sum_buffering_instances[0].sum_buffering_inst_i/sum_inst/mean_id_wr[3]_i_1/O
                         net (fo=456, routed)         3.899    11.006    z_score_inst/std_dev_inst/sqrd_dev_inst/sum_buffering_instances[3].sum_buffering_inst_i/sum_inst/SR[0]
    SLICE_X80Y83         FDRE                                         r  z_score_inst/std_dev_inst/sqrd_dev_inst/sum_buffering_instances[3].sum_buffering_inst_i/sum_inst/count_reg[5]/R
  -------------------------------------------------------------------    -------------------

                         (clock clk rise edge)        0.000     0.000 r  
    E3                                                0.000     0.000 r  clk (IN)
                         net (fo=0)                   0.000     0.000    clk
    E3                   IBUF (Prop_ibuf_I_O)         1.411     1.411 r  clk_IBUF_inst/O
                         net (fo=1, routed)           1.920     3.331    clk_IBUF
    BUFGCTRL_X0Y16       BUFG (Prop_bufg_I_O)         0.091     3.422 r  clk_IBUF_BUFG_inst/O
                         net (fo=25802, routed)       1.596     5.019    z_score_inst/std_dev_inst/sqrd_dev_inst/sum_buffering_instances[3].sum_buffering_inst_i/sum_inst/clk_IBUF_BUFG
    SLICE_X80Y83         FDRE                                         r  z_score_inst/std_dev_inst/sqrd_dev_inst/sum_buffering_instances[3].sum_buffering_inst_i/sum_inst/count_reg[5]/C

Slack:                    inf
  Source:                 sw[0]
                            (input port)
  Destination:            z_score_inst/std_dev_inst/sqrd_dev_inst/sum_buffering_instances[3].sum_buffering_inst_i/sum_inst/add_or_sub_reg/D
                            (rising edge-triggered cell FDRE clocked by clk  {rise@0.000ns fall@5.000ns period=10.000ns})
  Path Group:             (none)
  Path Type:              Setup (Max at Slow Process Corner)
  Data Path Delay:        10.897ns  (logic 1.726ns (15.836%)  route 9.171ns (84.164%))
  Logic Levels:           3  (IBUF=1 LUT2=1 LUT6=1)
  Clock Path Skew:        5.016ns (DCD - SCD + CPR)
    Destination Clock Delay (DCD):    5.016ns
    Source Clock Delay      (SCD):    0.000ns
    Clock Pessimism Removal (CPR):    0.000ns
  Clock Uncertainty:      0.025ns  ((TSJ^2 + TIJ^2)^1/2 + DJ) / 2 + PE
    Total System Jitter     (TSJ):    0.050ns
    Total Input Jitter      (TIJ):    0.000ns
    Discrete Jitter          (DJ):    0.000ns
    Phase Error              (PE):    0.000ns

    Location             Delay type                Incr(ns)  Path(ns)    Netlist Resource(s)
  -------------------------------------------------------------------    -------------------
    J15                                               0.000     0.000 r  sw[0] (IN)
                         net (fo=0)                   0.000     0.000    sw[0]
    J15                  IBUF (Prop_ibuf_I_O)         1.478     1.478 r  sw_IBUF[0]_inst/O
                         net (fo=15, routed)          5.350     6.827    z_score_inst/std_dev_inst/sqrd_dev_inst/sum_buffering_instances[3].sum_buffering_inst_i/sum_inst/sw_IBUF[0]
    SLICE_X44Y50         LUT2 (Prop_lut2_I0_O)        0.124     6.951 r  z_score_inst/std_dev_inst/sqrd_dev_inst/sum_buffering_instances[3].sum_buffering_inst_i/sum_inst/fifo_inst_i_1__6/O
                         net (fo=73, routed)          3.821    10.773    z_score_inst/std_dev_inst/sqrd_dev_inst/sum_buffering_instances[3].sum_buffering_inst_i/sum_inst/s_axis_aresetn
    SLICE_X78Y83         LUT6 (Prop_lut6_I2_O)        0.124    10.897 r  z_score_inst/std_dev_inst/sqrd_dev_inst/sum_buffering_instances[3].sum_buffering_inst_i/sum_inst/add_or_sub_i_1__2/O
                         net (fo=1, routed)           0.000    10.897    z_score_inst/std_dev_inst/sqrd_dev_inst/sum_buffering_instances[3].sum_buffering_inst_i/sum_inst/add_or_sub_i_1__2_n_0
    SLICE_X78Y83         FDRE                                         r  z_score_inst/std_dev_inst/sqrd_dev_inst/sum_buffering_instances[3].sum_buffering_inst_i/sum_inst/add_or_sub_reg/D
  -------------------------------------------------------------------    -------------------

                         (clock clk rise edge)        0.000     0.000 r  
    E3                                                0.000     0.000 r  clk (IN)
                         net (fo=0)                   0.000     0.000    clk
    E3                   IBUF (Prop_ibuf_I_O)         1.411     1.411 r  clk_IBUF_inst/O
                         net (fo=1, routed)           1.920     3.331    clk_IBUF
    BUFGCTRL_X0Y16       BUFG (Prop_bufg_I_O)         0.091     3.422 r  clk_IBUF_BUFG_inst/O
                         net (fo=25802, routed)       1.593     5.016    z_score_inst/std_dev_inst/sqrd_dev_inst/sum_buffering_instances[3].sum_buffering_inst_i/sum_inst/clk_IBUF_BUFG
    SLICE_X78Y83         FDRE                                         r  z_score_inst/std_dev_inst/sqrd_dev_inst/sum_buffering_instances[3].sum_buffering_inst_i/sum_inst/add_or_sub_reg/C





Min Delay Paths
--------------------------------------------------------------------------------------
Slack:                    inf
  Source:                 ewma_inst/mul_p_St_inst/inst/i_synth/MULT.OP/i_non_prim.MULT/DSP48E1_SPD_SGL_VARIANT.FIX_MULT/DSP1/i_no_versal_es1_workaround.DSP/ACOUT[0]
                            (internal pin)
  Destination:            ewma_inst/mul_p_St_inst/inst/i_synth/MULT.OP/i_non_prim.MULT/DSP48E1_SPD_SGL_VARIANT.FIX_MULT/DSP2/i_no_versal_es1_workaround.DSP/ACIN[0]
                            (rising edge-triggered cell DSP48E1 clocked by clk  {rise@0.000ns fall@5.000ns period=10.000ns})
  Path Group:             (none)
  Path Type:              Hold (Min at Slow Process Corner)
  Data Path Delay:        0.002ns  (logic 0.000ns (0.000%)  route 0.002ns (100.000%))
  Logic Levels:           0  
  Clock Uncertainty:      0.025ns  ((TSJ^2 + TIJ^2)^1/2 + DJ) / 2 + PE
    Total System Jitter     (TSJ):    0.050ns
    Total Input Jitter      (TIJ):    0.000ns
    Discrete Jitter          (DJ):    0.000ns
    Phase Error              (PE):    0.000ns

    Location             Delay type                Incr(ns)  Path(ns)    Netlist Resource(s)
  -------------------------------------------------------------------    -------------------
    DSP48_X0Y18          DSP48E1                      0.000     0.000 r  ewma_inst/mul_p_St_inst/inst/i_synth/MULT.OP/i_non_prim.MULT/DSP48E1_SPD_SGL_VARIANT.FIX_MULT/DSP1/i_no_versal_es1_workaround.DSP/ACOUT[0]
                         net (fo=1, routed)           0.002     0.002    ewma_inst/mul_p_St_inst/inst/i_synth/MULT.OP/i_non_prim.MULT/DSP48E1_SPD_SGL_VARIANT.FIX_MULT/DSP2/ACOUT[0]
    DSP48_X0Y19          DSP48E1                                      r  ewma_inst/mul_p_St_inst/inst/i_synth/MULT.OP/i_non_prim.MULT/DSP48E1_SPD_SGL_VARIANT.FIX_MULT/DSP2/i_no_versal_es1_workaround.DSP/ACIN[0]
  -------------------------------------------------------------------    -------------------

                         (clock clk rise edge)        0.000     0.000 r  
    E3                                                0.000     0.000 r  clk (IN)
                         net (fo=0)                   0.000     0.000    clk
    E3                   IBUF (Prop_ibuf_I_O)         1.482     1.482 r  clk_IBUF_inst/O
                         net (fo=1, routed)           2.025     3.506    clk_IBUF
    BUFGCTRL_X0Y16       BUFG (Prop_bufg_I_O)         0.096     3.602 r  clk_IBUF_BUFG_inst/O
                         net (fo=25802, routed)       1.911     5.513    ewma_inst/mul_p_St_inst/inst/i_synth/MULT.OP/i_non_prim.MULT/DSP48E1_SPD_SGL_VARIANT.FIX_MULT/DSP2/aclk
    DSP48_X0Y19          DSP48E1                                      r  ewma_inst/mul_p_St_inst/inst/i_synth/MULT.OP/i_non_prim.MULT/DSP48E1_SPD_SGL_VARIANT.FIX_MULT/DSP2/i_no_versal_es1_workaround.DSP/CLK

Slack:                    inf
  Source:                 ewma_inst/mul_p_St_inst/inst/i_synth/MULT.OP/i_non_prim.MULT/DSP48E1_SPD_SGL_VARIANT.FIX_MULT/DSP1/i_no_versal_es1_workaround.DSP/ACOUT[10]
                            (internal pin)
  Destination:            ewma_inst/mul_p_St_inst/inst/i_synth/MULT.OP/i_non_prim.MULT/DSP48E1_SPD_SGL_VARIANT.FIX_MULT/DSP2/i_no_versal_es1_workaround.DSP/ACIN[10]
                            (rising edge-triggered cell DSP48E1 clocked by clk  {rise@0.000ns fall@5.000ns period=10.000ns})
  Path Group:             (none)
  Path Type:              Hold (Min at Slow Process Corner)
  Data Path Delay:        0.002ns  (logic 0.000ns (0.000%)  route 0.002ns (100.000%))
  Logic Levels:           0  
  Clock Uncertainty:      0.025ns  ((TSJ^2 + TIJ^2)^1/2 + DJ) / 2 + PE
    Total System Jitter     (TSJ):    0.050ns
    Total Input Jitter      (TIJ):    0.000ns
    Discrete Jitter          (DJ):    0.000ns
    Phase Error              (PE):    0.000ns

    Location             Delay type                Incr(ns)  Path(ns)    Netlist Resource(s)
  -------------------------------------------------------------------    -------------------
    DSP48_X0Y18          DSP48E1                      0.000     0.000 r  ewma_inst/mul_p_St_inst/inst/i_synth/MULT.OP/i_non_prim.MULT/DSP48E1_SPD_SGL_VARIANT.FIX_MULT/DSP1/i_no_versal_es1_workaround.DSP/ACOUT[10]
                         net (fo=1, routed)           0.002     0.002    ewma_inst/mul_p_St_inst/inst/i_synth/MULT.OP/i_non_prim.MULT/DSP48E1_SPD_SGL_VARIANT.FIX_MULT/DSP2/ACOUT[10]
    DSP48_X0Y19          DSP48E1                                      r  ewma_inst/mul_p_St_inst/inst/i_synth/MULT.OP/i_non_prim.MULT/DSP48E1_SPD_SGL_VARIANT.FIX_MULT/DSP2/i_no_versal_es1_workaround.DSP/ACIN[10]
  -------------------------------------------------------------------    -------------------

                         (clock clk rise edge)        0.000     0.000 r  
    E3                                                0.000     0.000 r  clk (IN)
                         net (fo=0)                   0.000     0.000    clk
    E3                   IBUF (Prop_ibuf_I_O)         1.482     1.482 r  clk_IBUF_inst/O
                         net (fo=1, routed)           2.025     3.506    clk_IBUF
    BUFGCTRL_X0Y16       BUFG (Prop_bufg_I_O)         0.096     3.602 r  clk_IBUF_BUFG_inst/O
                         net (fo=25802, routed)       1.911     5.513    ewma_inst/mul_p_St_inst/inst/i_synth/MULT.OP/i_non_prim.MULT/DSP48E1_SPD_SGL_VARIANT.FIX_MULT/DSP2/aclk
    DSP48_X0Y19          DSP48E1                                      r  ewma_inst/mul_p_St_inst/inst/i_synth/MULT.OP/i_non_prim.MULT/DSP48E1_SPD_SGL_VARIANT.FIX_MULT/DSP2/i_no_versal_es1_workaround.DSP/CLK

Slack:                    inf
  Source:                 ewma_inst/mul_p_St_inst/inst/i_synth/MULT.OP/i_non_prim.MULT/DSP48E1_SPD_SGL_VARIANT.FIX_MULT/DSP1/i_no_versal_es1_workaround.DSP/ACOUT[11]
                            (internal pin)
  Destination:            ewma_inst/mul_p_St_inst/inst/i_synth/MULT.OP/i_non_prim.MULT/DSP48E1_SPD_SGL_VARIANT.FIX_MULT/DSP2/i_no_versal_es1_workaround.DSP/ACIN[11]
                            (rising edge-triggered cell DSP48E1 clocked by clk  {rise@0.000ns fall@5.000ns period=10.000ns})
  Path Group:             (none)
  Path Type:              Hold (Min at Slow Process Corner)
  Data Path Delay:        0.002ns  (logic 0.000ns (0.000%)  route 0.002ns (100.000%))
  Logic Levels:           0  
  Clock Uncertainty:      0.025ns  ((TSJ^2 + TIJ^2)^1/2 + DJ) / 2 + PE
    Total System Jitter     (TSJ):    0.050ns
    Total Input Jitter      (TIJ):    0.000ns
    Discrete Jitter          (DJ):    0.000ns
    Phase Error              (PE):    0.000ns

    Location             Delay type                Incr(ns)  Path(ns)    Netlist Resource(s)
  -------------------------------------------------------------------    -------------------
    DSP48_X0Y18          DSP48E1                      0.000     0.000 r  ewma_inst/mul_p_St_inst/inst/i_synth/MULT.OP/i_non_prim.MULT/DSP48E1_SPD_SGL_VARIANT.FIX_MULT/DSP1/i_no_versal_es1_workaround.DSP/ACOUT[11]
                         net (fo=1, routed)           0.002     0.002    ewma_inst/mul_p_St_inst/inst/i_synth/MULT.OP/i_non_prim.MULT/DSP48E1_SPD_SGL_VARIANT.FIX_MULT/DSP2/ACOUT[11]
    DSP48_X0Y19          DSP48E1                                      r  ewma_inst/mul_p_St_inst/inst/i_synth/MULT.OP/i_non_prim.MULT/DSP48E1_SPD_SGL_VARIANT.FIX_MULT/DSP2/i_no_versal_es1_workaround.DSP/ACIN[11]
  -------------------------------------------------------------------    -------------------

                         (clock clk rise edge)        0.000     0.000 r  
    E3                                                0.000     0.000 r  clk (IN)
                         net (fo=0)                   0.000     0.000    clk
    E3                   IBUF (Prop_ibuf_I_O)         1.482     1.482 r  clk_IBUF_inst/O
                         net (fo=1, routed)           2.025     3.506    clk_IBUF
    BUFGCTRL_X0Y16       BUFG (Prop_bufg_I_O)         0.096     3.602 r  clk_IBUF_BUFG_inst/O
                         net (fo=25802, routed)       1.911     5.513    ewma_inst/mul_p_St_inst/inst/i_synth/MULT.OP/i_non_prim.MULT/DSP48E1_SPD_SGL_VARIANT.FIX_MULT/DSP2/aclk
    DSP48_X0Y19          DSP48E1                                      r  ewma_inst/mul_p_St_inst/inst/i_synth/MULT.OP/i_non_prim.MULT/DSP48E1_SPD_SGL_VARIANT.FIX_MULT/DSP2/i_no_versal_es1_workaround.DSP/CLK

Slack:                    inf
  Source:                 ewma_inst/mul_p_St_inst/inst/i_synth/MULT.OP/i_non_prim.MULT/DSP48E1_SPD_SGL_VARIANT.FIX_MULT/DSP1/i_no_versal_es1_workaround.DSP/ACOUT[12]
                            (internal pin)
  Destination:            ewma_inst/mul_p_St_inst/inst/i_synth/MULT.OP/i_non_prim.MULT/DSP48E1_SPD_SGL_VARIANT.FIX_MULT/DSP2/i_no_versal_es1_workaround.DSP/ACIN[12]
                            (rising edge-triggered cell DSP48E1 clocked by clk  {rise@0.000ns fall@5.000ns period=10.000ns})
  Path Group:             (none)
  Path Type:              Hold (Min at Slow Process Corner)
  Data Path Delay:        0.002ns  (logic 0.000ns (0.000%)  route 0.002ns (100.000%))
  Logic Levels:           0  
  Clock Uncertainty:      0.025ns  ((TSJ^2 + TIJ^2)^1/2 + DJ) / 2 + PE
    Total System Jitter     (TSJ):    0.050ns
    Total Input Jitter      (TIJ):    0.000ns
    Discrete Jitter          (DJ):    0.000ns
    Phase Error              (PE):    0.000ns

    Location             Delay type                Incr(ns)  Path(ns)    Netlist Resource(s)
  -------------------------------------------------------------------    -------------------
    DSP48_X0Y18          DSP48E1                      0.000     0.000 r  ewma_inst/mul_p_St_inst/inst/i_synth/MULT.OP/i_non_prim.MULT/DSP48E1_SPD_SGL_VARIANT.FIX_MULT/DSP1/i_no_versal_es1_workaround.DSP/ACOUT[12]
                         net (fo=1, routed)           0.002     0.002    ewma_inst/mul_p_St_inst/inst/i_synth/MULT.OP/i_non_prim.MULT/DSP48E1_SPD_SGL_VARIANT.FIX_MULT/DSP2/ACOUT[12]
    DSP48_X0Y19          DSP48E1                                      r  ewma_inst/mul_p_St_inst/inst/i_synth/MULT.OP/i_non_prim.MULT/DSP48E1_SPD_SGL_VARIANT.FIX_MULT/DSP2/i_no_versal_es1_workaround.DSP/ACIN[12]
  -------------------------------------------------------------------    -------------------

                         (clock clk rise edge)        0.000     0.000 r  
    E3                                                0.000     0.000 r  clk (IN)
                         net (fo=0)                   0.000     0.000    clk
    E3                   IBUF (Prop_ibuf_I_O)         1.482     1.482 r  clk_IBUF_inst/O
                         net (fo=1, routed)           2.025     3.506    clk_IBUF
    BUFGCTRL_X0Y16       BUFG (Prop_bufg_I_O)         0.096     3.602 r  clk_IBUF_BUFG_inst/O
                         net (fo=25802, routed)       1.911     5.513    ewma_inst/mul_p_St_inst/inst/i_synth/MULT.OP/i_non_prim.MULT/DSP48E1_SPD_SGL_VARIANT.FIX_MULT/DSP2/aclk
    DSP48_X0Y19          DSP48E1                                      r  ewma_inst/mul_p_St_inst/inst/i_synth/MULT.OP/i_non_prim.MULT/DSP48E1_SPD_SGL_VARIANT.FIX_MULT/DSP2/i_no_versal_es1_workaround.DSP/CLK

Slack:                    inf
  Source:                 ewma_inst/mul_p_St_inst/inst/i_synth/MULT.OP/i_non_prim.MULT/DSP48E1_SPD_SGL_VARIANT.FIX_MULT/DSP1/i_no_versal_es1_workaround.DSP/ACOUT[13]
                            (internal pin)
  Destination:            ewma_inst/mul_p_St_inst/inst/i_synth/MULT.OP/i_non_prim.MULT/DSP48E1_SPD_SGL_VARIANT.FIX_MULT/DSP2/i_no_versal_es1_workaround.DSP/ACIN[13]
                            (rising edge-triggered cell DSP48E1 clocked by clk  {rise@0.000ns fall@5.000ns period=10.000ns})
  Path Group:             (none)
  Path Type:              Hold (Min at Slow Process Corner)
  Data Path Delay:        0.002ns  (logic 0.000ns (0.000%)  route 0.002ns (100.000%))
  Logic Levels:           0  
  Clock Uncertainty:      0.025ns  ((TSJ^2 + TIJ^2)^1/2 + DJ) / 2 + PE
    Total System Jitter     (TSJ):    0.050ns
    Total Input Jitter      (TIJ):    0.000ns
    Discrete Jitter          (DJ):    0.000ns
    Phase Error              (PE):    0.000ns

    Location             Delay type                Incr(ns)  Path(ns)    Netlist Resource(s)
  -------------------------------------------------------------------    -------------------
    DSP48_X0Y18          DSP48E1                      0.000     0.000 r  ewma_inst/mul_p_St_inst/inst/i_synth/MULT.OP/i_non_prim.MULT/DSP48E1_SPD_SGL_VARIANT.FIX_MULT/DSP1/i_no_versal_es1_workaround.DSP/ACOUT[13]
                         net (fo=1, routed)           0.002     0.002    ewma_inst/mul_p_St_inst/inst/i_synth/MULT.OP/i_non_prim.MULT/DSP48E1_SPD_SGL_VARIANT.FIX_MULT/DSP2/ACOUT[13]
    DSP48_X0Y19          DSP48E1                                      r  ewma_inst/mul_p_St_inst/inst/i_synth/MULT.OP/i_non_prim.MULT/DSP48E1_SPD_SGL_VARIANT.FIX_MULT/DSP2/i_no_versal_es1_workaround.DSP/ACIN[13]
  -------------------------------------------------------------------    -------------------

                         (clock clk rise edge)        0.000     0.000 r  
    E3                                                0.000     0.000 r  clk (IN)
                         net (fo=0)                   0.000     0.000    clk
    E3                   IBUF (Prop_ibuf_I_O)         1.482     1.482 r  clk_IBUF_inst/O
                         net (fo=1, routed)           2.025     3.506    clk_IBUF
    BUFGCTRL_X0Y16       BUFG (Prop_bufg_I_O)         0.096     3.602 r  clk_IBUF_BUFG_inst/O
                         net (fo=25802, routed)       1.911     5.513    ewma_inst/mul_p_St_inst/inst/i_synth/MULT.OP/i_non_prim.MULT/DSP48E1_SPD_SGL_VARIANT.FIX_MULT/DSP2/aclk
    DSP48_X0Y19          DSP48E1                                      r  ewma_inst/mul_p_St_inst/inst/i_synth/MULT.OP/i_non_prim.MULT/DSP48E1_SPD_SGL_VARIANT.FIX_MULT/DSP2/i_no_versal_es1_workaround.DSP/CLK

Slack:                    inf
  Source:                 ewma_inst/mul_p_St_inst/inst/i_synth/MULT.OP/i_non_prim.MULT/DSP48E1_SPD_SGL_VARIANT.FIX_MULT/DSP1/i_no_versal_es1_workaround.DSP/ACOUT[14]
                            (internal pin)
  Destination:            ewma_inst/mul_p_St_inst/inst/i_synth/MULT.OP/i_non_prim.MULT/DSP48E1_SPD_SGL_VARIANT.FIX_MULT/DSP2/i_no_versal_es1_workaround.DSP/ACIN[14]
                            (rising edge-triggered cell DSP48E1 clocked by clk  {rise@0.000ns fall@5.000ns period=10.000ns})
  Path Group:             (none)
  Path Type:              Hold (Min at Slow Process Corner)
  Data Path Delay:        0.002ns  (logic 0.000ns (0.000%)  route 0.002ns (100.000%))
  Logic Levels:           0  
  Clock Uncertainty:      0.025ns  ((TSJ^2 + TIJ^2)^1/2 + DJ) / 2 + PE
    Total System Jitter     (TSJ):    0.050ns
    Total Input Jitter      (TIJ):    0.000ns
    Discrete Jitter          (DJ):    0.000ns
    Phase Error              (PE):    0.000ns

    Location             Delay type                Incr(ns)  Path(ns)    Netlist Resource(s)
  -------------------------------------------------------------------    -------------------
    DSP48_X0Y18          DSP48E1                      0.000     0.000 r  ewma_inst/mul_p_St_inst/inst/i_synth/MULT.OP/i_non_prim.MULT/DSP48E1_SPD_SGL_VARIANT.FIX_MULT/DSP1/i_no_versal_es1_workaround.DSP/ACOUT[14]
                         net (fo=1, routed)           0.002     0.002    ewma_inst/mul_p_St_inst/inst/i_synth/MULT.OP/i_non_prim.MULT/DSP48E1_SPD_SGL_VARIANT.FIX_MULT/DSP2/ACOUT[14]
    DSP48_X0Y19          DSP48E1                                      r  ewma_inst/mul_p_St_inst/inst/i_synth/MULT.OP/i_non_prim.MULT/DSP48E1_SPD_SGL_VARIANT.FIX_MULT/DSP2/i_no_versal_es1_workaround.DSP/ACIN[14]
  -------------------------------------------------------------------    -------------------

                         (clock clk rise edge)        0.000     0.000 r  
    E3                                                0.000     0.000 r  clk (IN)
                         net (fo=0)                   0.000     0.000    clk
    E3                   IBUF (Prop_ibuf_I_O)         1.482     1.482 r  clk_IBUF_inst/O
                         net (fo=1, routed)           2.025     3.506    clk_IBUF
    BUFGCTRL_X0Y16       BUFG (Prop_bufg_I_O)         0.096     3.602 r  clk_IBUF_BUFG_inst/O
                         net (fo=25802, routed)       1.911     5.513    ewma_inst/mul_p_St_inst/inst/i_synth/MULT.OP/i_non_prim.MULT/DSP48E1_SPD_SGL_VARIANT.FIX_MULT/DSP2/aclk
    DSP48_X0Y19          DSP48E1                                      r  ewma_inst/mul_p_St_inst/inst/i_synth/MULT.OP/i_non_prim.MULT/DSP48E1_SPD_SGL_VARIANT.FIX_MULT/DSP2/i_no_versal_es1_workaround.DSP/CLK

Slack:                    inf
  Source:                 ewma_inst/mul_p_St_inst/inst/i_synth/MULT.OP/i_non_prim.MULT/DSP48E1_SPD_SGL_VARIANT.FIX_MULT/DSP1/i_no_versal_es1_workaround.DSP/ACOUT[15]
                            (internal pin)
  Destination:            ewma_inst/mul_p_St_inst/inst/i_synth/MULT.OP/i_non_prim.MULT/DSP48E1_SPD_SGL_VARIANT.FIX_MULT/DSP2/i_no_versal_es1_workaround.DSP/ACIN[15]
                            (rising edge-triggered cell DSP48E1 clocked by clk  {rise@0.000ns fall@5.000ns period=10.000ns})
  Path Group:             (none)
  Path Type:              Hold (Min at Slow Process Corner)
  Data Path Delay:        0.002ns  (logic 0.000ns (0.000%)  route 0.002ns (100.000%))
  Logic Levels:           0  
  Clock Uncertainty:      0.025ns  ((TSJ^2 + TIJ^2)^1/2 + DJ) / 2 + PE
    Total System Jitter     (TSJ):    0.050ns
    Total Input Jitter      (TIJ):    0.000ns
    Discrete Jitter          (DJ):    0.000ns
    Phase Error              (PE):    0.000ns

    Location             Delay type                Incr(ns)  Path(ns)    Netlist Resource(s)
  -------------------------------------------------------------------    -------------------
    DSP48_X0Y18          DSP48E1                      0.000     0.000 r  ewma_inst/mul_p_St_inst/inst/i_synth/MULT.OP/i_non_prim.MULT/DSP48E1_SPD_SGL_VARIANT.FIX_MULT/DSP1/i_no_versal_es1_workaround.DSP/ACOUT[15]
                         net (fo=1, routed)           0.002     0.002    ewma_inst/mul_p_St_inst/inst/i_synth/MULT.OP/i_non_prim.MULT/DSP48E1_SPD_SGL_VARIANT.FIX_MULT/DSP2/ACOUT[15]
    DSP48_X0Y19          DSP48E1                                      r  ewma_inst/mul_p_St_inst/inst/i_synth/MULT.OP/i_non_prim.MULT/DSP48E1_SPD_SGL_VARIANT.FIX_MULT/DSP2/i_no_versal_es1_workaround.DSP/ACIN[15]
  -------------------------------------------------------------------    -------------------

                         (clock clk rise edge)        0.000     0.000 r  
    E3                                                0.000     0.000 r  clk (IN)
                         net (fo=0)                   0.000     0.000    clk
    E3                   IBUF (Prop_ibuf_I_O)         1.482     1.482 r  clk_IBUF_inst/O
                         net (fo=1, routed)           2.025     3.506    clk_IBUF
    BUFGCTRL_X0Y16       BUFG (Prop_bufg_I_O)         0.096     3.602 r  clk_IBUF_BUFG_inst/O
                         net (fo=25802, routed)       1.911     5.513    ewma_inst/mul_p_St_inst/inst/i_synth/MULT.OP/i_non_prim.MULT/DSP48E1_SPD_SGL_VARIANT.FIX_MULT/DSP2/aclk
    DSP48_X0Y19          DSP48E1                                      r  ewma_inst/mul_p_St_inst/inst/i_synth/MULT.OP/i_non_prim.MULT/DSP48E1_SPD_SGL_VARIANT.FIX_MULT/DSP2/i_no_versal_es1_workaround.DSP/CLK

Slack:                    inf
  Source:                 ewma_inst/mul_p_St_inst/inst/i_synth/MULT.OP/i_non_prim.MULT/DSP48E1_SPD_SGL_VARIANT.FIX_MULT/DSP1/i_no_versal_es1_workaround.DSP/ACOUT[16]
                            (internal pin)
  Destination:            ewma_inst/mul_p_St_inst/inst/i_synth/MULT.OP/i_non_prim.MULT/DSP48E1_SPD_SGL_VARIANT.FIX_MULT/DSP2/i_no_versal_es1_workaround.DSP/ACIN[16]
                            (rising edge-triggered cell DSP48E1 clocked by clk  {rise@0.000ns fall@5.000ns period=10.000ns})
  Path Group:             (none)
  Path Type:              Hold (Min at Slow Process Corner)
  Data Path Delay:        0.002ns  (logic 0.000ns (0.000%)  route 0.002ns (100.000%))
  Logic Levels:           0  
  Clock Uncertainty:      0.025ns  ((TSJ^2 + TIJ^2)^1/2 + DJ) / 2 + PE
    Total System Jitter     (TSJ):    0.050ns
    Total Input Jitter      (TIJ):    0.000ns
    Discrete Jitter          (DJ):    0.000ns
    Phase Error              (PE):    0.000ns

    Location             Delay type                Incr(ns)  Path(ns)    Netlist Resource(s)
  -------------------------------------------------------------------    -------------------
    DSP48_X0Y18          DSP48E1                      0.000     0.000 r  ewma_inst/mul_p_St_inst/inst/i_synth/MULT.OP/i_non_prim.MULT/DSP48E1_SPD_SGL_VARIANT.FIX_MULT/DSP1/i_no_versal_es1_workaround.DSP/ACOUT[16]
                         net (fo=1, routed)           0.002     0.002    ewma_inst/mul_p_St_inst/inst/i_synth/MULT.OP/i_non_prim.MULT/DSP48E1_SPD_SGL_VARIANT.FIX_MULT/DSP2/ACOUT[16]
    DSP48_X0Y19          DSP48E1                                      r  ewma_inst/mul_p_St_inst/inst/i_synth/MULT.OP/i_non_prim.MULT/DSP48E1_SPD_SGL_VARIANT.FIX_MULT/DSP2/i_no_versal_es1_workaround.DSP/ACIN[16]
  -------------------------------------------------------------------    -------------------

                         (clock clk rise edge)        0.000     0.000 r  
    E3                                                0.000     0.000 r  clk (IN)
                         net (fo=0)                   0.000     0.000    clk
    E3                   IBUF (Prop_ibuf_I_O)         1.482     1.482 r  clk_IBUF_inst/O
                         net (fo=1, routed)           2.025     3.506    clk_IBUF
    BUFGCTRL_X0Y16       BUFG (Prop_bufg_I_O)         0.096     3.602 r  clk_IBUF_BUFG_inst/O
                         net (fo=25802, routed)       1.911     5.513    ewma_inst/mul_p_St_inst/inst/i_synth/MULT.OP/i_non_prim.MULT/DSP48E1_SPD_SGL_VARIANT.FIX_MULT/DSP2/aclk
    DSP48_X0Y19          DSP48E1                                      r  ewma_inst/mul_p_St_inst/inst/i_synth/MULT.OP/i_non_prim.MULT/DSP48E1_SPD_SGL_VARIANT.FIX_MULT/DSP2/i_no_versal_es1_workaround.DSP/CLK

Slack:                    inf
  Source:                 ewma_inst/mul_p_St_inst/inst/i_synth/MULT.OP/i_non_prim.MULT/DSP48E1_SPD_SGL_VARIANT.FIX_MULT/DSP1/i_no_versal_es1_workaround.DSP/ACOUT[17]
                            (internal pin)
  Destination:            ewma_inst/mul_p_St_inst/inst/i_synth/MULT.OP/i_non_prim.MULT/DSP48E1_SPD_SGL_VARIANT.FIX_MULT/DSP2/i_no_versal_es1_workaround.DSP/ACIN[17]
                            (rising edge-triggered cell DSP48E1 clocked by clk  {rise@0.000ns fall@5.000ns period=10.000ns})
  Path Group:             (none)
  Path Type:              Hold (Min at Slow Process Corner)
  Data Path Delay:        0.002ns  (logic 0.000ns (0.000%)  route 0.002ns (100.000%))
  Logic Levels:           0  
  Clock Uncertainty:      0.025ns  ((TSJ^2 + TIJ^2)^1/2 + DJ) / 2 + PE
    Total System Jitter     (TSJ):    0.050ns
    Total Input Jitter      (TIJ):    0.000ns
    Discrete Jitter          (DJ):    0.000ns
    Phase Error              (PE):    0.000ns

    Location             Delay type                Incr(ns)  Path(ns)    Netlist Resource(s)
  -------------------------------------------------------------------    -------------------
    DSP48_X0Y18          DSP48E1                      0.000     0.000 r  ewma_inst/mul_p_St_inst/inst/i_synth/MULT.OP/i_non_prim.MULT/DSP48E1_SPD_SGL_VARIANT.FIX_MULT/DSP1/i_no_versal_es1_workaround.DSP/ACOUT[17]
                         net (fo=1, routed)           0.002     0.002    ewma_inst/mul_p_St_inst/inst/i_synth/MULT.OP/i_non_prim.MULT/DSP48E1_SPD_SGL_VARIANT.FIX_MULT/DSP2/ACOUT[17]
    DSP48_X0Y19          DSP48E1                                      r  ewma_inst/mul_p_St_inst/inst/i_synth/MULT.OP/i_non_prim.MULT/DSP48E1_SPD_SGL_VARIANT.FIX_MULT/DSP2/i_no_versal_es1_workaround.DSP/ACIN[17]
  -------------------------------------------------------------------    -------------------

                         (clock clk rise edge)        0.000     0.000 r  
    E3                                                0.000     0.000 r  clk (IN)
                         net (fo=0)                   0.000     0.000    clk
    E3                   IBUF (Prop_ibuf_I_O)         1.482     1.482 r  clk_IBUF_inst/O
                         net (fo=1, routed)           2.025     3.506    clk_IBUF
    BUFGCTRL_X0Y16       BUFG (Prop_bufg_I_O)         0.096     3.602 r  clk_IBUF_BUFG_inst/O
                         net (fo=25802, routed)       1.911     5.513    ewma_inst/mul_p_St_inst/inst/i_synth/MULT.OP/i_non_prim.MULT/DSP48E1_SPD_SGL_VARIANT.FIX_MULT/DSP2/aclk
    DSP48_X0Y19          DSP48E1                                      r  ewma_inst/mul_p_St_inst/inst/i_synth/MULT.OP/i_non_prim.MULT/DSP48E1_SPD_SGL_VARIANT.FIX_MULT/DSP2/i_no_versal_es1_workaround.DSP/CLK

Slack:                    inf
  Source:                 ewma_inst/mul_p_St_inst/inst/i_synth/MULT.OP/i_non_prim.MULT/DSP48E1_SPD_SGL_VARIANT.FIX_MULT/DSP1/i_no_versal_es1_workaround.DSP/ACOUT[18]
                            (internal pin)
  Destination:            ewma_inst/mul_p_St_inst/inst/i_synth/MULT.OP/i_non_prim.MULT/DSP48E1_SPD_SGL_VARIANT.FIX_MULT/DSP2/i_no_versal_es1_workaround.DSP/ACIN[18]
                            (rising edge-triggered cell DSP48E1 clocked by clk  {rise@0.000ns fall@5.000ns period=10.000ns})
  Path Group:             (none)
  Path Type:              Hold (Min at Slow Process Corner)
  Data Path Delay:        0.002ns  (logic 0.000ns (0.000%)  route 0.002ns (100.000%))
  Logic Levels:           0  
  Clock Uncertainty:      0.025ns  ((TSJ^2 + TIJ^2)^1/2 + DJ) / 2 + PE
    Total System Jitter     (TSJ):    0.050ns
    Total Input Jitter      (TIJ):    0.000ns
    Discrete Jitter          (DJ):    0.000ns
    Phase Error              (PE):    0.000ns

    Location             Delay type                Incr(ns)  Path(ns)    Netlist Resource(s)
  -------------------------------------------------------------------    -------------------
    DSP48_X0Y18          DSP48E1                      0.000     0.000 r  ewma_inst/mul_p_St_inst/inst/i_synth/MULT.OP/i_non_prim.MULT/DSP48E1_SPD_SGL_VARIANT.FIX_MULT/DSP1/i_no_versal_es1_workaround.DSP/ACOUT[18]
                         net (fo=1, routed)           0.002     0.002    ewma_inst/mul_p_St_inst/inst/i_synth/MULT.OP/i_non_prim.MULT/DSP48E1_SPD_SGL_VARIANT.FIX_MULT/DSP2/ACOUT[18]
    DSP48_X0Y19          DSP48E1                                      r  ewma_inst/mul_p_St_inst/inst/i_synth/MULT.OP/i_non_prim.MULT/DSP48E1_SPD_SGL_VARIANT.FIX_MULT/DSP2/i_no_versal_es1_workaround.DSP/ACIN[18]
  -------------------------------------------------------------------    -------------------

                         (clock clk rise edge)        0.000     0.000 r  
    E3                                                0.000     0.000 r  clk (IN)
                         net (fo=0)                   0.000     0.000    clk
    E3                   IBUF (Prop_ibuf_I_O)         1.482     1.482 r  clk_IBUF_inst/O
                         net (fo=1, routed)           2.025     3.506    clk_IBUF
    BUFGCTRL_X0Y16       BUFG (Prop_bufg_I_O)         0.096     3.602 r  clk_IBUF_BUFG_inst/O
                         net (fo=25802, routed)       1.911     5.513    ewma_inst/mul_p_St_inst/inst/i_synth/MULT.OP/i_non_prim.MULT/DSP48E1_SPD_SGL_VARIANT.FIX_MULT/DSP2/aclk
    DSP48_X0Y19          DSP48E1                                      r  ewma_inst/mul_p_St_inst/inst/i_synth/MULT.OP/i_non_prim.MULT/DSP48E1_SPD_SGL_VARIANT.FIX_MULT/DSP2/i_no_versal_es1_workaround.DSP/CLK





