
*** Running vivado
    with args -log top_level_proj.vds -m64 -product Vivado -mode batch -messageDb vivado.pb -notrace -source top_level_proj.tcl



****** Vivado v2022.2 (64-bit)
  **** SW Build 3671981 on Fri Oct 14 05:00:03 MDT 2022
  **** IP Build 3669848 on Fri Oct 14 08:30:02 MDT 2022
    ** Copyright 1986-2022 Xilinx, Inc. All Rights Reserved.

source top_level_proj.tcl -notrace
Command: read_checkpoint -auto_incremental -incremental E:/VivadoProjects/demo_cusum_ewma_zscore_multi/demo_cusum_ewma_zscore_multi/demo_cusum_ewma_zscore_multi.srcs/utils_1/imports/synth_1/top_level_proj.dcp
INFO: [Vivado 12-5825] Read reference checkpoint from E:/VivadoProjects/demo_cusum_ewma_zscore_multi/demo_cusum_ewma_zscore_multi/demo_cusum_ewma_zscore_multi.srcs/utils_1/imports/synth_1/top_level_proj.dcp for incremental synthesis
INFO: [Vivado 12-7989] Please ensure there are no constraint changes
Command: synth_design -top top_level_proj -part xc7a100tcsg324-1
Starting synth_design
Attempting to get a license for feature 'Synthesis' and/or device 'xc7a100t'
INFO: [Common 17-349] Got license for feature 'Synthesis' and/or device 'xc7a100t'
INFO: [Device 21-403] Loading part xc7a100tcsg324-1
INFO: [Designutils 20-5440] No compile time benefit to using incremental synthesis; A full resynthesis will be run
INFO: [Designutils 20-4379] Flow is switching to default flow due to incremental criteria not met. If you would like to alter this behaviour and have the flow terminate instead, please set the following parameter config_implementation {autoIncr.Synth.RejectBehavior Terminate}
INFO: [Synth 8-7079] Multithreading enabled for synth_design using a maximum of 2 processes.
INFO: [Synth 8-7078] Launching helper process for spawning children vivado processes
INFO: [Synth 8-7075] Helper process launched with PID 8252
INFO: [Synth 8-11241] undeclared symbol 'REGCCE', assumed default net type 'wire' [E:/Vivado/Vivado/2022.2/data/verilog/src/unimacro/BRAM_SINGLE_MACRO.v:2170]
---------------------------------------------------------------------------------
Starting RTL Elaboration : Time (s): cpu = 00:00:04 ; elapsed = 00:00:05 . Memory (MB): peak = 1235.082 ; gain = 408.156
---------------------------------------------------------------------------------
INFO: [Synth 8-638] synthesizing module 'top_level_proj' [E:/VivadoProjects/demo_cusum_ewma_zscore_multi/demo_cusum_ewma_zscore_multi/demo_cusum_ewma_zscore_multi.srcs/sources_1/new/top_level_project.vhd:20]
INFO: [Synth 8-3491] module 'mpg' declared at 'E:/VivadoProjects/demo_cusum_ewma_zscore_multi/demo_cusum_ewma_zscore_multi/demo_cusum_ewma_zscore_multi.srcs/sources_1/new/mpg.vhd:7' bound to instance 'mpg_inst_0' of component 'mpg' [E:/VivadoProjects/demo_cusum_ewma_zscore_multi/demo_cusum_ewma_zscore_multi/demo_cusum_ewma_zscore_multi.srcs/sources_1/new/top_level_project.vhd:208]
INFO: [Synth 8-638] synthesizing module 'mpg' [E:/VivadoProjects/demo_cusum_ewma_zscore_multi/demo_cusum_ewma_zscore_multi/demo_cusum_ewma_zscore_multi.srcs/sources_1/new/mpg.vhd:13]
INFO: [Synth 8-256] done synthesizing module 'mpg' (0#1) [E:/VivadoProjects/demo_cusum_ewma_zscore_multi/demo_cusum_ewma_zscore_multi/demo_cusum_ewma_zscore_multi.srcs/sources_1/new/mpg.vhd:13]
INFO: [Synth 8-3491] module 'mpg' declared at 'E:/VivadoProjects/demo_cusum_ewma_zscore_multi/demo_cusum_ewma_zscore_multi/demo_cusum_ewma_zscore_multi.srcs/sources_1/new/mpg.vhd:7' bound to instance 'mpg_inst_1' of component 'mpg' [E:/VivadoProjects/demo_cusum_ewma_zscore_multi/demo_cusum_ewma_zscore_multi/demo_cusum_ewma_zscore_multi.srcs/sources_1/new/top_level_project.vhd:209]
INFO: [Synth 8-3491] module 'mpg' declared at 'E:/VivadoProjects/demo_cusum_ewma_zscore_multi/demo_cusum_ewma_zscore_multi/demo_cusum_ewma_zscore_multi.srcs/sources_1/new/mpg.vhd:7' bound to instance 'mpg_inst_2' of component 'mpg' [E:/VivadoProjects/demo_cusum_ewma_zscore_multi/demo_cusum_ewma_zscore_multi/demo_cusum_ewma_zscore_multi.srcs/sources_1/new/top_level_project.vhd:210]
INFO: [Synth 8-3491] module 'mpg' declared at 'E:/VivadoProjects/demo_cusum_ewma_zscore_multi/demo_cusum_ewma_zscore_multi/demo_cusum_ewma_zscore_multi.srcs/sources_1/new/mpg.vhd:7' bound to instance 'mpg_inst_3' of component 'mpg' [E:/VivadoProjects/demo_cusum_ewma_zscore_multi/demo_cusum_ewma_zscore_multi/demo_cusum_ewma_zscore_multi.srcs/sources_1/new/top_level_project.vhd:211]
INFO: [Synth 8-3491] module 'mpg' declared at 'E:/VivadoProjects/demo_cusum_ewma_zscore_multi/demo_cusum_ewma_zscore_multi/demo_cusum_ewma_zscore_multi.srcs/sources_1/new/mpg.vhd:7' bound to instance 'mpg_inst_4' of component 'mpg' [E:/VivadoProjects/demo_cusum_ewma_zscore_multi/demo_cusum_ewma_zscore_multi/demo_cusum_ewma_zscore_multi.srcs/sources_1/new/top_level_project.vhd:212]
INFO: [Synth 8-3491] module 'ssd' declared at 'E:/VivadoProjects/demo_cusum_ewma_zscore_multi/demo_cusum_ewma_zscore_multi/demo_cusum_ewma_zscore_multi.srcs/sources_1/new/ssd.vhd:7' bound to instance 'display_inst' of component 'ssd' [E:/VivadoProjects/demo_cusum_ewma_zscore_multi/demo_cusum_ewma_zscore_multi/demo_cusum_ewma_zscore_multi.srcs/sources_1/new/top_level_project.vhd:216]
INFO: [Synth 8-638] synthesizing module 'ssd' [E:/VivadoProjects/demo_cusum_ewma_zscore_multi/demo_cusum_ewma_zscore_multi/demo_cusum_ewma_zscore_multi.srcs/sources_1/new/ssd.vhd:14]
INFO: [Synth 8-256] done synthesizing module 'ssd' (0#1) [E:/VivadoProjects/demo_cusum_ewma_zscore_multi/demo_cusum_ewma_zscore_multi/demo_cusum_ewma_zscore_multi.srcs/sources_1/new/ssd.vhd:14]
	Parameter g_CLKS_PER_BIT bound to: 869 - type: integer 
INFO: [Synth 8-3491] module 'uart_tx' declared at 'E:/VivadoProjects/demo_cusum_ewma_zscore_multi/demo_cusum_ewma_zscore_multi/demo_cusum_ewma_zscore_multi.srcs/sources_1/new/uart_tx.vhd:18' bound to instance 'uart_trs_inst' of component 'uart_tx' [E:/VivadoProjects/demo_cusum_ewma_zscore_multi/demo_cusum_ewma_zscore_multi/demo_cusum_ewma_zscore_multi.srcs/sources_1/new/top_level_project.vhd:218]
INFO: [Synth 8-638] synthesizing module 'uart_tx' [E:/VivadoProjects/demo_cusum_ewma_zscore_multi/demo_cusum_ewma_zscore_multi/demo_cusum_ewma_zscore_multi.srcs/sources_1/new/uart_tx.vhd:33]
	Parameter g_CLKS_PER_BIT bound to: 869 - type: integer 
INFO: [Synth 8-256] done synthesizing module 'uart_tx' (0#1) [E:/VivadoProjects/demo_cusum_ewma_zscore_multi/demo_cusum_ewma_zscore_multi/demo_cusum_ewma_zscore_multi.srcs/sources_1/new/uart_tx.vhd:33]
	Parameter g_CLKS_PER_BIT bound to: 869 - type: integer 
INFO: [Synth 8-3491] module 'uart_rx' declared at 'E:/VivadoProjects/demo_cusum_ewma_zscore_multi/demo_cusum_ewma_zscore_multi/demo_cusum_ewma_zscore_multi.srcs/sources_1/new/uart_rx.vhd:18' bound to instance 'uart_rcv_inst' of component 'uart_rx' [E:/VivadoProjects/demo_cusum_ewma_zscore_multi/demo_cusum_ewma_zscore_multi/demo_cusum_ewma_zscore_multi.srcs/sources_1/new/top_level_project.vhd:227]
INFO: [Synth 8-638] synthesizing module 'uart_rx' [E:/VivadoProjects/demo_cusum_ewma_zscore_multi/demo_cusum_ewma_zscore_multi/demo_cusum_ewma_zscore_multi.srcs/sources_1/new/uart_rx.vhd:31]
	Parameter g_CLKS_PER_BIT bound to: 869 - type: integer 
INFO: [Synth 8-256] done synthesizing module 'uart_rx' (0#1) [E:/VivadoProjects/demo_cusum_ewma_zscore_multi/demo_cusum_ewma_zscore_multi/demo_cusum_ewma_zscore_multi.srcs/sources_1/new/uart_rx.vhd:31]
	Parameter NUM_STREAMS bound to: 4 - type: integer 
	Parameter SAMPLE_SIZE_INT bound to: 64 - type: integer 
	Parameter SAMPLE_SIZE_HEX bound to: 32'b01000010100000000000000000000000 
INFO: [Synth 8-3491] module 'zscore' declared at 'E:/VivadoProjects/demo_cusum_ewma_zscore_multi/demo_cusum_ewma_zscore_multi/demo_cusum_ewma_zscore_multi.srcs/sources_1/new/zscore.vhd:7' bound to instance 'z_score_inst' of component 'zscore' [E:/VivadoProjects/demo_cusum_ewma_zscore_multi/demo_cusum_ewma_zscore_multi/demo_cusum_ewma_zscore_multi.srcs/sources_1/new/top_level_project.vhd:234]
INFO: [Synth 8-638] synthesizing module 'zscore' [E:/VivadoProjects/demo_cusum_ewma_zscore_multi/demo_cusum_ewma_zscore_multi/demo_cusum_ewma_zscore_multi.srcs/sources_1/new/zscore.vhd:27]
	Parameter NUM_STREAMS bound to: 4 - type: integer 
	Parameter SAMPLE_SIZE_INT bound to: 64 - type: integer 
	Parameter SAMPLE_SIZE_HEX bound to: 32'b01000010100000000000000000000000 
	Parameter NUM_STREAMS bound to: 4 - type: integer 
	Parameter SAMPLE_SIZE_INT bound to: 64 - type: integer 
	Parameter SAMPLE_SIZE_HEX bound to: 32'b01000010100000000000000000000000 
INFO: [Synth 8-3491] module 'mean' declared at 'E:/VivadoProjects/demo_cusum_ewma_zscore_multi/demo_cusum_ewma_zscore_multi/demo_cusum_ewma_zscore_multi.srcs/sources_1/new/mean.vhd:8' bound to instance 'mean_inst' of component 'mean' [E:/VivadoProjects/demo_cusum_ewma_zscore_multi/demo_cusum_ewma_zscore_multi/demo_cusum_ewma_zscore_multi.srcs/sources_1/new/zscore.vhd:152]
INFO: [Synth 8-638] synthesizing module 'mean' [E:/VivadoProjects/demo_cusum_ewma_zscore_multi/demo_cusum_ewma_zscore_multi/demo_cusum_ewma_zscore_multi.srcs/sources_1/new/mean.vhd:27]
	Parameter NUM_STREAMS bound to: 4 - type: integer 
	Parameter SAMPLE_SIZE_INT bound to: 64 - type: integer 
	Parameter SAMPLE_SIZE_HEX bound to: 32'b01000010100000000000000000000000 
	Parameter SAMPLE_SIZE bound to: 64 - type: integer 
INFO: [Synth 8-3491] module 'sum_buffering' declared at 'E:/VivadoProjects/demo_cusum_ewma_zscore_multi/demo_cusum_ewma_zscore_multi/demo_cusum_ewma_zscore_multi.srcs/sources_1/new/sum_buffering.vhd:7' bound to instance 'sum_buffering_inst_i' of component 'sum_buffering' [E:/VivadoProjects/demo_cusum_ewma_zscore_multi/demo_cusum_ewma_zscore_multi/demo_cusum_ewma_zscore_multi.srcs/sources_1/new/mean.vhd:181]
INFO: [Synth 8-638] synthesizing module 'sum_buffering' [E:/VivadoProjects/demo_cusum_ewma_zscore_multi/demo_cusum_ewma_zscore_multi/demo_cusum_ewma_zscore_multi.srcs/sources_1/new/sum_buffering.vhd:22]
	Parameter SAMPLE_SIZE bound to: 64 - type: integer 
	Parameter SAMPLE_SIZE bound to: 64 - type: integer 
INFO: [Synth 8-3491] module 'sum' declared at 'E:/VivadoProjects/demo_cusum_ewma_zscore_multi/demo_cusum_ewma_zscore_multi/demo_cusum_ewma_zscore_multi.srcs/sources_1/new/sum.vhd:7' bound to instance 'sum_inst' of component 'sum' [E:/VivadoProjects/demo_cusum_ewma_zscore_multi/demo_cusum_ewma_zscore_multi/demo_cusum_ewma_zscore_multi.srcs/sources_1/new/sum_buffering.vhd:63]
INFO: [Synth 8-638] synthesizing module 'sum' [E:/VivadoProjects/demo_cusum_ewma_zscore_multi/demo_cusum_ewma_zscore_multi/demo_cusum_ewma_zscore_multi.srcs/sources_1/new/sum.vhd:22]
	Parameter SAMPLE_SIZE bound to: 64 - type: integer 
INFO: [Synth 8-3491] module 'fifo32xN_sample' declared at 'E:/VivadoProjects/demo_cusum_ewma_zscore_multi/demo_cusum_ewma_zscore_multi/demo_cusum_ewma_zscore_multi.runs/synth_1/.Xil/Vivado-2676-DESKTOP-LU6EQ9E/realtime/fifo32xN_sample_stub.v:5' bound to instance 'fifo_inst' of component 'fifo32xN_sample' [E:/VivadoProjects/demo_cusum_ewma_zscore_multi/demo_cusum_ewma_zscore_multi/demo_cusum_ewma_zscore_multi.srcs/sources_1/new/sum.vhd:252]
INFO: [Synth 8-6157] synthesizing module 'fifo32xN_sample' [E:/VivadoProjects/demo_cusum_ewma_zscore_multi/demo_cusum_ewma_zscore_multi/demo_cusum_ewma_zscore_multi.runs/synth_1/.Xil/Vivado-2676-DESKTOP-LU6EQ9E/realtime/fifo32xN_sample_stub.v:5]
INFO: [Synth 8-6155] done synthesizing module 'fifo32xN_sample' (0#1) [E:/VivadoProjects/demo_cusum_ewma_zscore_multi/demo_cusum_ewma_zscore_multi/demo_cusum_ewma_zscore_multi.runs/synth_1/.Xil/Vivado-2676-DESKTOP-LU6EQ9E/realtime/fifo32xN_sample_stub.v:5]
INFO: [Synth 8-3491] module 'fp_acc' declared at 'E:/VivadoProjects/demo_cusum_ewma_zscore_multi/demo_cusum_ewma_zscore_multi/demo_cusum_ewma_zscore_multi.runs/synth_1/.Xil/Vivado-2676-DESKTOP-LU6EQ9E/realtime/fp_acc_stub.v:5' bound to instance 'acc_inst' of component 'fp_acc' [E:/VivadoProjects/demo_cusum_ewma_zscore_multi/demo_cusum_ewma_zscore_multi/demo_cusum_ewma_zscore_multi.srcs/sources_1/new/sum.vhd:264]
INFO: [Synth 8-6157] synthesizing module 'fp_acc' [E:/VivadoProjects/demo_cusum_ewma_zscore_multi/demo_cusum_ewma_zscore_multi/demo_cusum_ewma_zscore_multi.runs/synth_1/.Xil/Vivado-2676-DESKTOP-LU6EQ9E/realtime/fp_acc_stub.v:5]
INFO: [Synth 8-6155] done synthesizing module 'fp_acc' (0#1) [E:/VivadoProjects/demo_cusum_ewma_zscore_multi/demo_cusum_ewma_zscore_multi/demo_cusum_ewma_zscore_multi.runs/synth_1/.Xil/Vivado-2676-DESKTOP-LU6EQ9E/realtime/fp_acc_stub.v:5]
INFO: [Synth 8-256] done synthesizing module 'sum' (0#1) [E:/VivadoProjects/demo_cusum_ewma_zscore_multi/demo_cusum_ewma_zscore_multi/demo_cusum_ewma_zscore_multi.srcs/sources_1/new/sum.vhd:22]
INFO: [Synth 8-3491] module 'fifo32xN_buffering' declared at 'E:/VivadoProjects/demo_cusum_ewma_zscore_multi/demo_cusum_ewma_zscore_multi/demo_cusum_ewma_zscore_multi.runs/synth_1/.Xil/Vivado-2676-DESKTOP-LU6EQ9E/realtime/fifo32xN_buffering_stub.v:5' bound to instance 'fifo_buffer_inst' of component 'fifo32xN_buffering' [E:/VivadoProjects/demo_cusum_ewma_zscore_multi/demo_cusum_ewma_zscore_multi/demo_cusum_ewma_zscore_multi.srcs/sources_1/new/sum_buffering.vhd:77]
INFO: [Synth 8-6157] synthesizing module 'fifo32xN_buffering' [E:/VivadoProjects/demo_cusum_ewma_zscore_multi/demo_cusum_ewma_zscore_multi/demo_cusum_ewma_zscore_multi.runs/synth_1/.Xil/Vivado-2676-DESKTOP-LU6EQ9E/realtime/fifo32xN_buffering_stub.v:5]
INFO: [Synth 8-6155] done synthesizing module 'fifo32xN_buffering' (0#1) [E:/VivadoProjects/demo_cusum_ewma_zscore_multi/demo_cusum_ewma_zscore_multi/demo_cusum_ewma_zscore_multi.runs/synth_1/.Xil/Vivado-2676-DESKTOP-LU6EQ9E/realtime/fifo32xN_buffering_stub.v:5]
INFO: [Synth 8-256] done synthesizing module 'sum_buffering' (0#1) [E:/VivadoProjects/demo_cusum_ewma_zscore_multi/demo_cusum_ewma_zscore_multi/demo_cusum_ewma_zscore_multi.srcs/sources_1/new/sum_buffering.vhd:22]
	Parameter SAMPLE_SIZE bound to: 64 - type: integer 
INFO: [Synth 8-3491] module 'sum_buffering' declared at 'E:/VivadoProjects/demo_cusum_ewma_zscore_multi/demo_cusum_ewma_zscore_multi/demo_cusum_ewma_zscore_multi.srcs/sources_1/new/sum_buffering.vhd:7' bound to instance 'sum_buffering_inst_i' of component 'sum_buffering' [E:/VivadoProjects/demo_cusum_ewma_zscore_multi/demo_cusum_ewma_zscore_multi/demo_cusum_ewma_zscore_multi.srcs/sources_1/new/mean.vhd:181]
	Parameter SAMPLE_SIZE bound to: 64 - type: integer 
INFO: [Synth 8-3491] module 'sum_buffering' declared at 'E:/VivadoProjects/demo_cusum_ewma_zscore_multi/demo_cusum_ewma_zscore_multi/demo_cusum_ewma_zscore_multi.srcs/sources_1/new/sum_buffering.vhd:7' bound to instance 'sum_buffering_inst_i' of component 'sum_buffering' [E:/VivadoProjects/demo_cusum_ewma_zscore_multi/demo_cusum_ewma_zscore_multi/demo_cusum_ewma_zscore_multi.srcs/sources_1/new/mean.vhd:181]
	Parameter SAMPLE_SIZE bound to: 64 - type: integer 
INFO: [Synth 8-3491] module 'sum_buffering' declared at 'E:/VivadoProjects/demo_cusum_ewma_zscore_multi/demo_cusum_ewma_zscore_multi/demo_cusum_ewma_zscore_multi.srcs/sources_1/new/sum_buffering.vhd:7' bound to instance 'sum_buffering_inst_i' of component 'sum_buffering' [E:/VivadoProjects/demo_cusum_ewma_zscore_multi/demo_cusum_ewma_zscore_multi/demo_cusum_ewma_zscore_multi.srcs/sources_1/new/mean.vhd:181]
INFO: [Synth 8-3491] module 'fifo32x16_buffering' declared at 'E:/VivadoProjects/demo_cusum_ewma_zscore_multi/demo_cusum_ewma_zscore_multi/demo_cusum_ewma_zscore_multi.runs/synth_1/.Xil/Vivado-2676-DESKTOP-LU6EQ9E/realtime/fifo32x16_buffering_stub.v:5' bound to instance 'fifo_inst_i' of component 'fifo32x16_buffering' [E:/VivadoProjects/demo_cusum_ewma_zscore_multi/demo_cusum_ewma_zscore_multi/demo_cusum_ewma_zscore_multi.srcs/sources_1/new/mean.vhd:197]
INFO: [Synth 8-6157] synthesizing module 'fifo32x16_buffering' [E:/VivadoProjects/demo_cusum_ewma_zscore_multi/demo_cusum_ewma_zscore_multi/demo_cusum_ewma_zscore_multi.runs/synth_1/.Xil/Vivado-2676-DESKTOP-LU6EQ9E/realtime/fifo32x16_buffering_stub.v:5]
INFO: [Synth 8-6155] done synthesizing module 'fifo32x16_buffering' (0#1) [E:/VivadoProjects/demo_cusum_ewma_zscore_multi/demo_cusum_ewma_zscore_multi/demo_cusum_ewma_zscore_multi.runs/synth_1/.Xil/Vivado-2676-DESKTOP-LU6EQ9E/realtime/fifo32x16_buffering_stub.v:5]
INFO: [Synth 8-3491] module 'fifo32x16_buffering' declared at 'E:/VivadoProjects/demo_cusum_ewma_zscore_multi/demo_cusum_ewma_zscore_multi/demo_cusum_ewma_zscore_multi.runs/synth_1/.Xil/Vivado-2676-DESKTOP-LU6EQ9E/realtime/fifo32x16_buffering_stub.v:5' bound to instance 'fifo_inst_i' of component 'fifo32x16_buffering' [E:/VivadoProjects/demo_cusum_ewma_zscore_multi/demo_cusum_ewma_zscore_multi/demo_cusum_ewma_zscore_multi.srcs/sources_1/new/mean.vhd:197]
INFO: [Synth 8-3491] module 'fifo32x16_buffering' declared at 'E:/VivadoProjects/demo_cusum_ewma_zscore_multi/demo_cusum_ewma_zscore_multi/demo_cusum_ewma_zscore_multi.runs/synth_1/.Xil/Vivado-2676-DESKTOP-LU6EQ9E/realtime/fifo32x16_buffering_stub.v:5' bound to instance 'fifo_inst_i' of component 'fifo32x16_buffering' [E:/VivadoProjects/demo_cusum_ewma_zscore_multi/demo_cusum_ewma_zscore_multi/demo_cusum_ewma_zscore_multi.srcs/sources_1/new/mean.vhd:197]
INFO: [Synth 8-3491] module 'fifo32x16_buffering' declared at 'E:/VivadoProjects/demo_cusum_ewma_zscore_multi/demo_cusum_ewma_zscore_multi/demo_cusum_ewma_zscore_multi.runs/synth_1/.Xil/Vivado-2676-DESKTOP-LU6EQ9E/realtime/fifo32x16_buffering_stub.v:5' bound to instance 'fifo_inst_i' of component 'fifo32x16_buffering' [E:/VivadoProjects/demo_cusum_ewma_zscore_multi/demo_cusum_ewma_zscore_multi/demo_cusum_ewma_zscore_multi.srcs/sources_1/new/mean.vhd:197]
INFO: [Synth 8-3491] module 'fp_div' declared at 'E:/VivadoProjects/demo_cusum_ewma_zscore_multi/demo_cusum_ewma_zscore_multi/demo_cusum_ewma_zscore_multi.runs/synth_1/.Xil/Vivado-2676-DESKTOP-LU6EQ9E/realtime/fp_div_stub.v:5' bound to instance 'div_inst' of component 'fp_div' [E:/VivadoProjects/demo_cusum_ewma_zscore_multi/demo_cusum_ewma_zscore_multi/demo_cusum_ewma_zscore_multi.srcs/sources_1/new/mean.vhd:210]
INFO: [Synth 8-6157] synthesizing module 'fp_div' [E:/VivadoProjects/demo_cusum_ewma_zscore_multi/demo_cusum_ewma_zscore_multi/demo_cusum_ewma_zscore_multi.runs/synth_1/.Xil/Vivado-2676-DESKTOP-LU6EQ9E/realtime/fp_div_stub.v:5]
INFO: [Synth 8-6155] done synthesizing module 'fp_div' (0#1) [E:/VivadoProjects/demo_cusum_ewma_zscore_multi/demo_cusum_ewma_zscore_multi/demo_cusum_ewma_zscore_multi.runs/synth_1/.Xil/Vivado-2676-DESKTOP-LU6EQ9E/realtime/fp_div_stub.v:5]
INFO: [Synth 8-256] done synthesizing module 'mean' (0#1) [E:/VivadoProjects/demo_cusum_ewma_zscore_multi/demo_cusum_ewma_zscore_multi/demo_cusum_ewma_zscore_multi.srcs/sources_1/new/mean.vhd:27]
	Parameter NUM_STREAMS bound to: 4 - type: integer 
	Parameter SAMPLE_SIZE_INT bound to: 64 - type: integer 
	Parameter SAMPLE_SIZE_HEX bound to: 32'b01000010100000000000000000000000 
INFO: [Synth 8-3491] module 'std_dev' declared at 'E:/VivadoProjects/demo_cusum_ewma_zscore_multi/demo_cusum_ewma_zscore_multi/demo_cusum_ewma_zscore_multi.srcs/sources_1/new/std_dev.vhd:8' bound to instance 'std_dev_inst' of component 'std_dev' [E:/VivadoProjects/demo_cusum_ewma_zscore_multi/demo_cusum_ewma_zscore_multi/demo_cusum_ewma_zscore_multi.srcs/sources_1/new/zscore.vhd:195]
INFO: [Synth 8-638] synthesizing module 'std_dev' [E:/VivadoProjects/demo_cusum_ewma_zscore_multi/demo_cusum_ewma_zscore_multi/demo_cusum_ewma_zscore_multi.srcs/sources_1/new/std_dev.vhd:39]
	Parameter NUM_STREAMS bound to: 4 - type: integer 
	Parameter SAMPLE_SIZE_INT bound to: 64 - type: integer 
	Parameter SAMPLE_SIZE_HEX bound to: 32'b01000010100000000000000000000000 
	Parameter NUM_STREAMS bound to: 4 - type: integer 
	Parameter SAMPLE_SIZE bound to: 64 - type: integer 
INFO: [Synth 8-3491] module 'sqrd_dev' declared at 'E:/VivadoProjects/demo_cusum_ewma_zscore_multi/demo_cusum_ewma_zscore_multi/demo_cusum_ewma_zscore_multi.srcs/sources_1/new/sqrd_dev.vhd:8' bound to instance 'sqrd_dev_inst' of component 'sqrd_dev' [E:/VivadoProjects/demo_cusum_ewma_zscore_multi/demo_cusum_ewma_zscore_multi/demo_cusum_ewma_zscore_multi.srcs/sources_1/new/std_dev.vhd:152]
INFO: [Synth 8-638] synthesizing module 'sqrd_dev' [E:/VivadoProjects/demo_cusum_ewma_zscore_multi/demo_cusum_ewma_zscore_multi/demo_cusum_ewma_zscore_multi.srcs/sources_1/new/sqrd_dev.vhd:38]
	Parameter NUM_STREAMS bound to: 4 - type: integer 
	Parameter SAMPLE_SIZE bound to: 64 - type: integer 
INFO: [Synth 8-3491] module 'fifo32xN_buffering' declared at 'E:/VivadoProjects/demo_cusum_ewma_zscore_multi/demo_cusum_ewma_zscore_multi/demo_cusum_ewma_zscore_multi.runs/synth_1/.Xil/Vivado-2676-DESKTOP-LU6EQ9E/realtime/fifo32xN_buffering_stub.v:5' bound to instance 'fifo_x_inst_i' of component 'fifo32xN_buffering' [E:/VivadoProjects/demo_cusum_ewma_zscore_multi/demo_cusum_ewma_zscore_multi/demo_cusum_ewma_zscore_multi.srcs/sources_1/new/sqrd_dev.vhd:406]
INFO: [Synth 8-3491] module 'fifo32xN_buffering' declared at 'E:/VivadoProjects/demo_cusum_ewma_zscore_multi/demo_cusum_ewma_zscore_multi/demo_cusum_ewma_zscore_multi.runs/synth_1/.Xil/Vivado-2676-DESKTOP-LU6EQ9E/realtime/fifo32xN_buffering_stub.v:5' bound to instance 'fifo_x_inst_i' of component 'fifo32xN_buffering' [E:/VivadoProjects/demo_cusum_ewma_zscore_multi/demo_cusum_ewma_zscore_multi/demo_cusum_ewma_zscore_multi.srcs/sources_1/new/sqrd_dev.vhd:406]
INFO: [Synth 8-3491] module 'fifo32xN_buffering' declared at 'E:/VivadoProjects/demo_cusum_ewma_zscore_multi/demo_cusum_ewma_zscore_multi/demo_cusum_ewma_zscore_multi.runs/synth_1/.Xil/Vivado-2676-DESKTOP-LU6EQ9E/realtime/fifo32xN_buffering_stub.v:5' bound to instance 'fifo_x_inst_i' of component 'fifo32xN_buffering' [E:/VivadoProjects/demo_cusum_ewma_zscore_multi/demo_cusum_ewma_zscore_multi/demo_cusum_ewma_zscore_multi.srcs/sources_1/new/sqrd_dev.vhd:406]
INFO: [Synth 8-3491] module 'fifo32xN_buffering' declared at 'E:/VivadoProjects/demo_cusum_ewma_zscore_multi/demo_cusum_ewma_zscore_multi/demo_cusum_ewma_zscore_multi.runs/synth_1/.Xil/Vivado-2676-DESKTOP-LU6EQ9E/realtime/fifo32xN_buffering_stub.v:5' bound to instance 'fifo_x_inst_i' of component 'fifo32xN_buffering' [E:/VivadoProjects/demo_cusum_ewma_zscore_multi/demo_cusum_ewma_zscore_multi/demo_cusum_ewma_zscore_multi.srcs/sources_1/new/sqrd_dev.vhd:406]
INFO: [Synth 8-3491] module 'fifo32x16_buffering' declared at 'E:/VivadoProjects/demo_cusum_ewma_zscore_multi/demo_cusum_ewma_zscore_multi/demo_cusum_ewma_zscore_multi.runs/synth_1/.Xil/Vivado-2676-DESKTOP-LU6EQ9E/realtime/fifo32x16_buffering_stub.v:5' bound to instance 'fifo_mean_inst_i' of component 'fifo32x16_buffering' [E:/VivadoProjects/demo_cusum_ewma_zscore_multi/demo_cusum_ewma_zscore_multi/demo_cusum_ewma_zscore_multi.srcs/sources_1/new/sqrd_dev.vhd:420]
INFO: [Synth 8-3491] module 'fifo32x16_buffering' declared at 'E:/VivadoProjects/demo_cusum_ewma_zscore_multi/demo_cusum_ewma_zscore_multi/demo_cusum_ewma_zscore_multi.runs/synth_1/.Xil/Vivado-2676-DESKTOP-LU6EQ9E/realtime/fifo32x16_buffering_stub.v:5' bound to instance 'fifo_mean_inst_i' of component 'fifo32x16_buffering' [E:/VivadoProjects/demo_cusum_ewma_zscore_multi/demo_cusum_ewma_zscore_multi/demo_cusum_ewma_zscore_multi.srcs/sources_1/new/sqrd_dev.vhd:420]
INFO: [Synth 8-3491] module 'fifo32x16_buffering' declared at 'E:/VivadoProjects/demo_cusum_ewma_zscore_multi/demo_cusum_ewma_zscore_multi/demo_cusum_ewma_zscore_multi.runs/synth_1/.Xil/Vivado-2676-DESKTOP-LU6EQ9E/realtime/fifo32x16_buffering_stub.v:5' bound to instance 'fifo_mean_inst_i' of component 'fifo32x16_buffering' [E:/VivadoProjects/demo_cusum_ewma_zscore_multi/demo_cusum_ewma_zscore_multi/demo_cusum_ewma_zscore_multi.srcs/sources_1/new/sqrd_dev.vhd:420]
INFO: [Synth 8-3491] module 'fifo32x16_buffering' declared at 'E:/VivadoProjects/demo_cusum_ewma_zscore_multi/demo_cusum_ewma_zscore_multi/demo_cusum_ewma_zscore_multi.runs/synth_1/.Xil/Vivado-2676-DESKTOP-LU6EQ9E/realtime/fifo32x16_buffering_stub.v:5' bound to instance 'fifo_mean_inst_i' of component 'fifo32x16_buffering' [E:/VivadoProjects/demo_cusum_ewma_zscore_multi/demo_cusum_ewma_zscore_multi/demo_cusum_ewma_zscore_multi.srcs/sources_1/new/sqrd_dev.vhd:420]
INFO: [Synth 8-3491] module 'fp_sub' declared at 'E:/VivadoProjects/demo_cusum_ewma_zscore_multi/demo_cusum_ewma_zscore_multi/demo_cusum_ewma_zscore_multi.runs/synth_1/.Xil/Vivado-2676-DESKTOP-LU6EQ9E/realtime/fp_sub_stub.v:5' bound to instance 'sub_inst' of component 'fp_sub' [E:/VivadoProjects/demo_cusum_ewma_zscore_multi/demo_cusum_ewma_zscore_multi/demo_cusum_ewma_zscore_multi.srcs/sources_1/new/sqrd_dev.vhd:433]
INFO: [Synth 8-6157] synthesizing module 'fp_sub' [E:/VivadoProjects/demo_cusum_ewma_zscore_multi/demo_cusum_ewma_zscore_multi/demo_cusum_ewma_zscore_multi.runs/synth_1/.Xil/Vivado-2676-DESKTOP-LU6EQ9E/realtime/fp_sub_stub.v:5]
INFO: [Synth 8-6155] done synthesizing module 'fp_sub' (0#1) [E:/VivadoProjects/demo_cusum_ewma_zscore_multi/demo_cusum_ewma_zscore_multi/demo_cusum_ewma_zscore_multi.runs/synth_1/.Xil/Vivado-2676-DESKTOP-LU6EQ9E/realtime/fp_sub_stub.v:5]
INFO: [Synth 8-3491] module 'fp_mul' declared at 'E:/VivadoProjects/demo_cusum_ewma_zscore_multi/demo_cusum_ewma_zscore_multi/demo_cusum_ewma_zscore_multi.runs/synth_1/.Xil/Vivado-2676-DESKTOP-LU6EQ9E/realtime/fp_mul_stub.v:5' bound to instance 'mul_inst' of component 'fp_mul' [E:/VivadoProjects/demo_cusum_ewma_zscore_multi/demo_cusum_ewma_zscore_multi/demo_cusum_ewma_zscore_multi.srcs/sources_1/new/sqrd_dev.vhd:449]
INFO: [Synth 8-6157] synthesizing module 'fp_mul' [E:/VivadoProjects/demo_cusum_ewma_zscore_multi/demo_cusum_ewma_zscore_multi/demo_cusum_ewma_zscore_multi.runs/synth_1/.Xil/Vivado-2676-DESKTOP-LU6EQ9E/realtime/fp_mul_stub.v:5]
INFO: [Synth 8-6155] done synthesizing module 'fp_mul' (0#1) [E:/VivadoProjects/demo_cusum_ewma_zscore_multi/demo_cusum_ewma_zscore_multi/demo_cusum_ewma_zscore_multi.runs/synth_1/.Xil/Vivado-2676-DESKTOP-LU6EQ9E/realtime/fp_mul_stub.v:5]
	Parameter SAMPLE_SIZE bound to: 64 - type: integer 
INFO: [Synth 8-3491] module 'sum_buffering_small' declared at 'E:/VivadoProjects/demo_cusum_ewma_zscore_multi/demo_cusum_ewma_zscore_multi/demo_cusum_ewma_zscore_multi.srcs/sources_1/new/sum_buffering_small.vhd:7' bound to instance 'sum_buffering_inst_i' of component 'sum_buffering_small' [E:/VivadoProjects/demo_cusum_ewma_zscore_multi/demo_cusum_ewma_zscore_multi/demo_cusum_ewma_zscore_multi.srcs/sources_1/new/sqrd_dev.vhd:466]
INFO: [Synth 8-638] synthesizing module 'sum_buffering_small' [E:/VivadoProjects/demo_cusum_ewma_zscore_multi/demo_cusum_ewma_zscore_multi/demo_cusum_ewma_zscore_multi.srcs/sources_1/new/sum_buffering_small.vhd:22]
	Parameter SAMPLE_SIZE bound to: 64 - type: integer 
	Parameter SAMPLE_SIZE bound to: 64 - type: integer 
INFO: [Synth 8-3491] module 'sum' declared at 'E:/VivadoProjects/demo_cusum_ewma_zscore_multi/demo_cusum_ewma_zscore_multi/demo_cusum_ewma_zscore_multi.srcs/sources_1/new/sum.vhd:7' bound to instance 'sum_inst' of component 'sum' [E:/VivadoProjects/demo_cusum_ewma_zscore_multi/demo_cusum_ewma_zscore_multi/demo_cusum_ewma_zscore_multi.srcs/sources_1/new/sum_buffering_small.vhd:63]
INFO: [Synth 8-3491] module 'fifo32x16_buffering' declared at 'E:/VivadoProjects/demo_cusum_ewma_zscore_multi/demo_cusum_ewma_zscore_multi/demo_cusum_ewma_zscore_multi.runs/synth_1/.Xil/Vivado-2676-DESKTOP-LU6EQ9E/realtime/fifo32x16_buffering_stub.v:5' bound to instance 'fifo_buffer_inst' of component 'fifo32x16_buffering' [E:/VivadoProjects/demo_cusum_ewma_zscore_multi/demo_cusum_ewma_zscore_multi/demo_cusum_ewma_zscore_multi.srcs/sources_1/new/sum_buffering_small.vhd:77]
INFO: [Synth 8-256] done synthesizing module 'sum_buffering_small' (0#1) [E:/VivadoProjects/demo_cusum_ewma_zscore_multi/demo_cusum_ewma_zscore_multi/demo_cusum_ewma_zscore_multi.srcs/sources_1/new/sum_buffering_small.vhd:22]
	Parameter SAMPLE_SIZE bound to: 64 - type: integer 
INFO: [Synth 8-3491] module 'sum_buffering_small' declared at 'E:/VivadoProjects/demo_cusum_ewma_zscore_multi/demo_cusum_ewma_zscore_multi/demo_cusum_ewma_zscore_multi.srcs/sources_1/new/sum_buffering_small.vhd:7' bound to instance 'sum_buffering_inst_i' of component 'sum_buffering_small' [E:/VivadoProjects/demo_cusum_ewma_zscore_multi/demo_cusum_ewma_zscore_multi/demo_cusum_ewma_zscore_multi.srcs/sources_1/new/sqrd_dev.vhd:466]
	Parameter SAMPLE_SIZE bound to: 64 - type: integer 
INFO: [Synth 8-3491] module 'sum_buffering_small' declared at 'E:/VivadoProjects/demo_cusum_ewma_zscore_multi/demo_cusum_ewma_zscore_multi/demo_cusum_ewma_zscore_multi.srcs/sources_1/new/sum_buffering_small.vhd:7' bound to instance 'sum_buffering_inst_i' of component 'sum_buffering_small' [E:/VivadoProjects/demo_cusum_ewma_zscore_multi/demo_cusum_ewma_zscore_multi/demo_cusum_ewma_zscore_multi.srcs/sources_1/new/sqrd_dev.vhd:466]
	Parameter SAMPLE_SIZE bound to: 64 - type: integer 
INFO: [Synth 8-3491] module 'sum_buffering_small' declared at 'E:/VivadoProjects/demo_cusum_ewma_zscore_multi/demo_cusum_ewma_zscore_multi/demo_cusum_ewma_zscore_multi.srcs/sources_1/new/sum_buffering_small.vhd:7' bound to instance 'sum_buffering_inst_i' of component 'sum_buffering_small' [E:/VivadoProjects/demo_cusum_ewma_zscore_multi/demo_cusum_ewma_zscore_multi/demo_cusum_ewma_zscore_multi.srcs/sources_1/new/sqrd_dev.vhd:466]
INFO: [Synth 8-3491] module 'fifo32x16_buffering' declared at 'E:/VivadoProjects/demo_cusum_ewma_zscore_multi/demo_cusum_ewma_zscore_multi/demo_cusum_ewma_zscore_multi.runs/synth_1/.Xil/Vivado-2676-DESKTOP-LU6EQ9E/realtime/fifo32x16_buffering_stub.v:5' bound to instance 'fifo_sum_inst_i' of component 'fifo32x16_buffering' [E:/VivadoProjects/demo_cusum_ewma_zscore_multi/demo_cusum_ewma_zscore_multi/demo_cusum_ewma_zscore_multi.srcs/sources_1/new/sqrd_dev.vhd:482]
INFO: [Synth 8-3491] module 'fifo32x16_buffering' declared at 'E:/VivadoProjects/demo_cusum_ewma_zscore_multi/demo_cusum_ewma_zscore_multi/demo_cusum_ewma_zscore_multi.runs/synth_1/.Xil/Vivado-2676-DESKTOP-LU6EQ9E/realtime/fifo32x16_buffering_stub.v:5' bound to instance 'fifo_sum_inst_i' of component 'fifo32x16_buffering' [E:/VivadoProjects/demo_cusum_ewma_zscore_multi/demo_cusum_ewma_zscore_multi/demo_cusum_ewma_zscore_multi.srcs/sources_1/new/sqrd_dev.vhd:482]
INFO: [Synth 8-3491] module 'fifo32x16_buffering' declared at 'E:/VivadoProjects/demo_cusum_ewma_zscore_multi/demo_cusum_ewma_zscore_multi/demo_cusum_ewma_zscore_multi.runs/synth_1/.Xil/Vivado-2676-DESKTOP-LU6EQ9E/realtime/fifo32x16_buffering_stub.v:5' bound to instance 'fifo_sum_inst_i' of component 'fifo32x16_buffering' [E:/VivadoProjects/demo_cusum_ewma_zscore_multi/demo_cusum_ewma_zscore_multi/demo_cusum_ewma_zscore_multi.srcs/sources_1/new/sqrd_dev.vhd:482]
INFO: [Synth 8-3491] module 'fifo32x16_buffering' declared at 'E:/VivadoProjects/demo_cusum_ewma_zscore_multi/demo_cusum_ewma_zscore_multi/demo_cusum_ewma_zscore_multi.runs/synth_1/.Xil/Vivado-2676-DESKTOP-LU6EQ9E/realtime/fifo32x16_buffering_stub.v:5' bound to instance 'fifo_sum_inst_i' of component 'fifo32x16_buffering' [E:/VivadoProjects/demo_cusum_ewma_zscore_multi/demo_cusum_ewma_zscore_multi/demo_cusum_ewma_zscore_multi.srcs/sources_1/new/sqrd_dev.vhd:482]
INFO: [Synth 8-256] done synthesizing module 'sqrd_dev' (0#1) [E:/VivadoProjects/demo_cusum_ewma_zscore_multi/demo_cusum_ewma_zscore_multi/demo_cusum_ewma_zscore_multi.srcs/sources_1/new/sqrd_dev.vhd:38]
INFO: [Synth 8-3491] module 'fp_div' declared at 'E:/VivadoProjects/demo_cusum_ewma_zscore_multi/demo_cusum_ewma_zscore_multi/demo_cusum_ewma_zscore_multi.runs/synth_1/.Xil/Vivado-2676-DESKTOP-LU6EQ9E/realtime/fp_div_stub.v:5' bound to instance 'div_inst' of component 'fp_div' [E:/VivadoProjects/demo_cusum_ewma_zscore_multi/demo_cusum_ewma_zscore_multi/demo_cusum_ewma_zscore_multi.srcs/sources_1/new/std_dev.vhd:181]
INFO: [Synth 8-3491] module 'fp_sqrt' declared at 'E:/VivadoProjects/demo_cusum_ewma_zscore_multi/demo_cusum_ewma_zscore_multi/demo_cusum_ewma_zscore_multi.runs/synth_1/.Xil/Vivado-2676-DESKTOP-LU6EQ9E/realtime/fp_sqrt_stub.v:5' bound to instance 'sqrt_inst' of component 'fp_sqrt' [E:/VivadoProjects/demo_cusum_ewma_zscore_multi/demo_cusum_ewma_zscore_multi/demo_cusum_ewma_zscore_multi.srcs/sources_1/new/std_dev.vhd:197]
INFO: [Synth 8-6157] synthesizing module 'fp_sqrt' [E:/VivadoProjects/demo_cusum_ewma_zscore_multi/demo_cusum_ewma_zscore_multi/demo_cusum_ewma_zscore_multi.runs/synth_1/.Xil/Vivado-2676-DESKTOP-LU6EQ9E/realtime/fp_sqrt_stub.v:5]
INFO: [Synth 8-6155] done synthesizing module 'fp_sqrt' (0#1) [E:/VivadoProjects/demo_cusum_ewma_zscore_multi/demo_cusum_ewma_zscore_multi/demo_cusum_ewma_zscore_multi.runs/synth_1/.Xil/Vivado-2676-DESKTOP-LU6EQ9E/realtime/fp_sqrt_stub.v:5]
INFO: [Synth 8-256] done synthesizing module 'std_dev' (0#1) [E:/VivadoProjects/demo_cusum_ewma_zscore_multi/demo_cusum_ewma_zscore_multi/demo_cusum_ewma_zscore_multi.srcs/sources_1/new/std_dev.vhd:39]
INFO: [Synth 8-3491] module 'fp_div_buffering' declared at 'E:/VivadoProjects/demo_cusum_ewma_zscore_multi/demo_cusum_ewma_zscore_multi/demo_cusum_ewma_zscore_multi.srcs/sources_1/new/fp_div_buffering.vhd:7' bound to instance 'div_inst' of component 'fp_div_buffering' [E:/VivadoProjects/demo_cusum_ewma_zscore_multi/demo_cusum_ewma_zscore_multi/demo_cusum_ewma_zscore_multi.srcs/sources_1/new/zscore.vhd:225]
INFO: [Synth 8-638] synthesizing module 'fp_div_buffering' [E:/VivadoProjects/demo_cusum_ewma_zscore_multi/demo_cusum_ewma_zscore_multi/demo_cusum_ewma_zscore_multi.srcs/sources_1/new/fp_div_buffering.vhd:24]
INFO: [Synth 8-3491] module 'fp_div' declared at 'E:/VivadoProjects/demo_cusum_ewma_zscore_multi/demo_cusum_ewma_zscore_multi/demo_cusum_ewma_zscore_multi.runs/synth_1/.Xil/Vivado-2676-DESKTOP-LU6EQ9E/realtime/fp_div_stub.v:5' bound to instance 'div_inst' of component 'fp_div' [E:/VivadoProjects/demo_cusum_ewma_zscore_multi/demo_cusum_ewma_zscore_multi/demo_cusum_ewma_zscore_multi.srcs/sources_1/new/fp_div_buffering.vhd:66]
INFO: [Synth 8-3491] module 'fifo32x16_buffering' declared at 'E:/VivadoProjects/demo_cusum_ewma_zscore_multi/demo_cusum_ewma_zscore_multi/demo_cusum_ewma_zscore_multi.runs/synth_1/.Xil/Vivado-2676-DESKTOP-LU6EQ9E/realtime/fifo32x16_buffering_stub.v:5' bound to instance 'fifo_inst_1' of component 'fifo32x16_buffering' [E:/VivadoProjects/demo_cusum_ewma_zscore_multi/demo_cusum_ewma_zscore_multi/demo_cusum_ewma_zscore_multi.srcs/sources_1/new/fp_div_buffering.vhd:82]
INFO: [Synth 8-3491] module 'fifo32x16_buffering' declared at 'E:/VivadoProjects/demo_cusum_ewma_zscore_multi/demo_cusum_ewma_zscore_multi/demo_cusum_ewma_zscore_multi.runs/synth_1/.Xil/Vivado-2676-DESKTOP-LU6EQ9E/realtime/fifo32x16_buffering_stub.v:5' bound to instance 'fifo_inst_2' of component 'fifo32x16_buffering' [E:/VivadoProjects/demo_cusum_ewma_zscore_multi/demo_cusum_ewma_zscore_multi/demo_cusum_ewma_zscore_multi.srcs/sources_1/new/fp_div_buffering.vhd:94]
INFO: [Synth 8-256] done synthesizing module 'fp_div_buffering' (0#1) [E:/VivadoProjects/demo_cusum_ewma_zscore_multi/demo_cusum_ewma_zscore_multi/demo_cusum_ewma_zscore_multi.srcs/sources_1/new/fp_div_buffering.vhd:24]
INFO: [Synth 8-3491] module 'fp_clasif_zscore' declared at 'E:/VivadoProjects/demo_cusum_ewma_zscore_multi/demo_cusum_ewma_zscore_multi/demo_cusum_ewma_zscore_multi.srcs/sources_1/new/fp_clasif_zscore.vhd:4' bound to instance 'clasif_inst' of component 'fp_clasif_zscore' [E:/VivadoProjects/demo_cusum_ewma_zscore_multi/demo_cusum_ewma_zscore_multi/demo_cusum_ewma_zscore_multi.srcs/sources_1/new/zscore.vhd:241]
INFO: [Synth 8-638] synthesizing module 'fp_clasif_zscore' [E:/VivadoProjects/demo_cusum_ewma_zscore_multi/demo_cusum_ewma_zscore_multi/demo_cusum_ewma_zscore_multi.srcs/sources_1/new/fp_clasif_zscore.vhd:15]
INFO: [Synth 8-3491] module 'fp_abs' declared at 'E:/VivadoProjects/demo_cusum_ewma_zscore_multi/demo_cusum_ewma_zscore_multi/demo_cusum_ewma_zscore_multi.runs/synth_1/.Xil/Vivado-2676-DESKTOP-LU6EQ9E/realtime/fp_abs_stub.v:5' bound to instance 'fp_abs_inst' of component 'fp_abs' [E:/VivadoProjects/demo_cusum_ewma_zscore_multi/demo_cusum_ewma_zscore_multi/demo_cusum_ewma_zscore_multi.srcs/sources_1/new/fp_clasif_zscore.vhd:47]
INFO: [Synth 8-6157] synthesizing module 'fp_abs' [E:/VivadoProjects/demo_cusum_ewma_zscore_multi/demo_cusum_ewma_zscore_multi/demo_cusum_ewma_zscore_multi.runs/synth_1/.Xil/Vivado-2676-DESKTOP-LU6EQ9E/realtime/fp_abs_stub.v:5]
INFO: [Synth 8-6155] done synthesizing module 'fp_abs' (0#1) [E:/VivadoProjects/demo_cusum_ewma_zscore_multi/demo_cusum_ewma_zscore_multi/demo_cusum_ewma_zscore_multi.runs/synth_1/.Xil/Vivado-2676-DESKTOP-LU6EQ9E/realtime/fp_abs_stub.v:5]
INFO: [Synth 8-3491] module 'fp_comp' declared at 'E:/VivadoProjects/demo_cusum_ewma_zscore_multi/demo_cusum_ewma_zscore_multi/demo_cusum_ewma_zscore_multi.runs/synth_1/.Xil/Vivado-2676-DESKTOP-LU6EQ9E/realtime/fp_comp_stub.v:5' bound to instance 'fp_comp_inst' of component 'fp_comp' [E:/VivadoProjects/demo_cusum_ewma_zscore_multi/demo_cusum_ewma_zscore_multi/demo_cusum_ewma_zscore_multi.srcs/sources_1/new/fp_clasif_zscore.vhd:55]
INFO: [Synth 8-6157] synthesizing module 'fp_comp' [E:/VivadoProjects/demo_cusum_ewma_zscore_multi/demo_cusum_ewma_zscore_multi/demo_cusum_ewma_zscore_multi.runs/synth_1/.Xil/Vivado-2676-DESKTOP-LU6EQ9E/realtime/fp_comp_stub.v:5]
INFO: [Synth 8-6155] done synthesizing module 'fp_comp' (0#1) [E:/VivadoProjects/demo_cusum_ewma_zscore_multi/demo_cusum_ewma_zscore_multi/demo_cusum_ewma_zscore_multi.runs/synth_1/.Xil/Vivado-2676-DESKTOP-LU6EQ9E/realtime/fp_comp_stub.v:5]
INFO: [Synth 8-256] done synthesizing module 'fp_clasif_zscore' (0#1) [E:/VivadoProjects/demo_cusum_ewma_zscore_multi/demo_cusum_ewma_zscore_multi/demo_cusum_ewma_zscore_multi.srcs/sources_1/new/fp_clasif_zscore.vhd:15]
INFO: [Synth 8-256] done synthesizing module 'zscore' (0#1) [E:/VivadoProjects/demo_cusum_ewma_zscore_multi/demo_cusum_ewma_zscore_multi/demo_cusum_ewma_zscore_multi.srcs/sources_1/new/zscore.vhd:27]
	Parameter NUM_SENSORS bound to: 4 - type: integer 
INFO: [Synth 8-3491] module 'multi_stream_cusum_anomaly_detector_top_module' declared at 'E:/VivadoProjects/demo_cusum_ewma_zscore_multi/demo_cusum_ewma_zscore_multi/demo_cusum_ewma_zscore_multi.srcs/sources_1/new/multi_stream_cusum_anomaly_detector_top_module.vhd:4' bound to instance 'cusum_inst' of component 'multi_stream_cusum_anomaly_detector_top_module' [E:/VivadoProjects/demo_cusum_ewma_zscore_multi/demo_cusum_ewma_zscore_multi/demo_cusum_ewma_zscore_multi.srcs/sources_1/new/top_level_project.vhd:253]
INFO: [Synth 8-638] synthesizing module 'multi_stream_cusum_anomaly_detector_top_module' [E:/VivadoProjects/demo_cusum_ewma_zscore_multi/demo_cusum_ewma_zscore_multi/demo_cusum_ewma_zscore_multi.srcs/sources_1/new/multi_stream_cusum_anomaly_detector_top_module.vhd:37]
	Parameter NUM_SENSORS bound to: 4 - type: integer 
	Parameter NUM_SENSORS bound to: 4 - type: integer 
INFO: [Synth 8-3491] module 'stream_selector' declared at 'E:/VivadoProjects/demo_cusum_ewma_zscore_multi/demo_cusum_ewma_zscore_multi/demo_cusum_ewma_zscore_multi.srcs/sources_1/new/stream_selector.vhd:5' bound to instance 'st_selector' of component 'stream_selector' [E:/VivadoProjects/demo_cusum_ewma_zscore_multi/demo_cusum_ewma_zscore_multi/demo_cusum_ewma_zscore_multi.srcs/sources_1/new/multi_stream_cusum_anomaly_detector_top_module.vhd:107]
INFO: [Synth 8-638] synthesizing module 'stream_selector' [E:/VivadoProjects/demo_cusum_ewma_zscore_multi/demo_cusum_ewma_zscore_multi/demo_cusum_ewma_zscore_multi.srcs/sources_1/new/stream_selector.vhd:30]
	Parameter NUM_SENSORS bound to: 4 - type: integer 
WARNING: [Synth 8-614] signal 'rst' is read in the process but is not in the sensitivity list [E:/VivadoProjects/demo_cusum_ewma_zscore_multi/demo_cusum_ewma_zscore_multi/demo_cusum_ewma_zscore_multi.srcs/sources_1/new/stream_selector.vhd:53]
INFO: [Synth 8-256] done synthesizing module 'stream_selector' (0#1) [E:/VivadoProjects/demo_cusum_ewma_zscore_multi/demo_cusum_ewma_zscore_multi/demo_cusum_ewma_zscore_multi.srcs/sources_1/new/stream_selector.vhd:30]
	Parameter NUM_SENSORS bound to: 4 - type: integer 
INFO: [Synth 8-3491] module 'multi_stream_int_cumulative_sums_detector' declared at 'E:/VivadoProjects/demo_cusum_ewma_zscore_multi/demo_cusum_ewma_zscore_multi/demo_cusum_ewma_zscore_multi.srcs/sources_1/new/multi_stream_int_cumulative_sums_detector.vhd:6' bound to instance 'cusum' of component 'multi_stream_int_cumulative_sums_detector' [E:/VivadoProjects/demo_cusum_ewma_zscore_multi/demo_cusum_ewma_zscore_multi/demo_cusum_ewma_zscore_multi.srcs/sources_1/new/multi_stream_cusum_anomaly_detector_top_module.vhd:124]
INFO: [Synth 8-638] synthesizing module 'multi_stream_int_cumulative_sums_detector' [E:/VivadoProjects/demo_cusum_ewma_zscore_multi/demo_cusum_ewma_zscore_multi/demo_cusum_ewma_zscore_multi.srcs/sources_1/new/multi_stream_int_cumulative_sums_detector.vhd:42]
	Parameter NUM_SENSORS bound to: 4 - type: integer 
INFO: [Synth 8-3491] module 'fifo16x64' declared at 'E:/VivadoProjects/demo_cusum_ewma_zscore_multi/demo_cusum_ewma_zscore_multi/demo_cusum_ewma_zscore_multi.runs/synth_1/.Xil/Vivado-2676-DESKTOP-LU6EQ9E/realtime/fifo16x64_stub.v:5' bound to instance 'bypass_current_sensor_fifo_buffer' of component 'fifo16x64' [E:/VivadoProjects/demo_cusum_ewma_zscore_multi/demo_cusum_ewma_zscore_multi/demo_cusum_ewma_zscore_multi.srcs/sources_1/new/multi_stream_int_cumulative_sums_detector.vhd:197]
INFO: [Synth 8-6157] synthesizing module 'fifo16x64' [E:/VivadoProjects/demo_cusum_ewma_zscore_multi/demo_cusum_ewma_zscore_multi/demo_cusum_ewma_zscore_multi.runs/synth_1/.Xil/Vivado-2676-DESKTOP-LU6EQ9E/realtime/fifo16x64_stub.v:5]
INFO: [Synth 8-6155] done synthesizing module 'fifo16x64' (0#1) [E:/VivadoProjects/demo_cusum_ewma_zscore_multi/demo_cusum_ewma_zscore_multi/demo_cusum_ewma_zscore_multi.runs/synth_1/.Xil/Vivado-2676-DESKTOP-LU6EQ9E/realtime/fifo16x64_stub.v:5]
INFO: [Synth 8-3491] module 'fifo16x64' declared at 'E:/VivadoProjects/demo_cusum_ewma_zscore_multi/demo_cusum_ewma_zscore_multi/demo_cusum_ewma_zscore_multi.runs/synth_1/.Xil/Vivado-2676-DESKTOP-LU6EQ9E/realtime/fifo16x64_stub.v:5' bound to instance 'current_sensor_in_fifo_buffer' of component 'fifo16x64' [E:/VivadoProjects/demo_cusum_ewma_zscore_multi/demo_cusum_ewma_zscore_multi/demo_cusum_ewma_zscore_multi.srcs/sources_1/new/multi_stream_int_cumulative_sums_detector.vhd:208]
INFO: [Synth 8-3491] module 'fifo16x64' declared at 'E:/VivadoProjects/demo_cusum_ewma_zscore_multi/demo_cusum_ewma_zscore_multi/demo_cusum_ewma_zscore_multi.runs/synth_1/.Xil/Vivado-2676-DESKTOP-LU6EQ9E/realtime/fifo16x64_stub.v:5' bound to instance 'previous_sensor_in_fifo_buffer' of component 'fifo16x64' [E:/VivadoProjects/demo_cusum_ewma_zscore_multi/demo_cusum_ewma_zscore_multi/demo_cusum_ewma_zscore_multi.srcs/sources_1/new/multi_stream_int_cumulative_sums_detector.vhd:219]
INFO: [Synth 8-3491] module 'multi_stream_int_adder_subtractor' declared at 'E:/VivadoProjects/demo_cusum_ewma_zscore_multi/demo_cusum_ewma_zscore_multi/demo_cusum_ewma_zscore_multi.srcs/sources_1/new/multi_stream_int_adder_subtractor.vhd:5' bound to instance 's_t_sub' of component 'multi_stream_int_adder_subtractor' [E:/VivadoProjects/demo_cusum_ewma_zscore_multi/demo_cusum_ewma_zscore_multi/demo_cusum_ewma_zscore_multi.srcs/sources_1/new/multi_stream_int_cumulative_sums_detector.vhd:266]
INFO: [Synth 8-638] synthesizing module 'multi_stream_int_adder_subtractor' [E:/VivadoProjects/demo_cusum_ewma_zscore_multi/demo_cusum_ewma_zscore_multi/demo_cusum_ewma_zscore_multi.srcs/sources_1/new/multi_stream_int_adder_subtractor.vhd:23]
INFO: [Synth 8-256] done synthesizing module 'multi_stream_int_adder_subtractor' (0#1) [E:/VivadoProjects/demo_cusum_ewma_zscore_multi/demo_cusum_ewma_zscore_multi/demo_cusum_ewma_zscore_multi.srcs/sources_1/new/multi_stream_int_adder_subtractor.vhd:23]
INFO: [Synth 8-3491] module 'fifo16x64' declared at 'E:/VivadoProjects/demo_cusum_ewma_zscore_multi/demo_cusum_ewma_zscore_multi/demo_cusum_ewma_zscore_multi.runs/synth_1/.Xil/Vivado-2676-DESKTOP-LU6EQ9E/realtime/fifo16x64_stub.v:5' bound to instance 's_t_fifo_buffer' of component 'fifo16x64' [E:/VivadoProjects/demo_cusum_ewma_zscore_multi/demo_cusum_ewma_zscore_multi/demo_cusum_ewma_zscore_multi.srcs/sources_1/new/multi_stream_int_cumulative_sums_detector.vhd:282]
INFO: [Synth 8-3491] module 'axi_register' declared at 'E:/VivadoProjects/demo_cusum_ewma_zscore_multi/demo_cusum_ewma_zscore_multi/demo_cusum_ewma_zscore_multi.srcs/sources_1/new/axi_register.vhd:4' bound to instance 'gn_fifo_buffer' of component 'axi_register' [E:/VivadoProjects/demo_cusum_ewma_zscore_multi/demo_cusum_ewma_zscore_multi/demo_cusum_ewma_zscore_multi.srcs/sources_1/new/multi_stream_int_cumulative_sums_detector.vhd:339]
INFO: [Synth 8-638] synthesizing module 'axi_register' [E:/VivadoProjects/demo_cusum_ewma_zscore_multi/demo_cusum_ewma_zscore_multi/demo_cusum_ewma_zscore_multi.srcs/sources_1/new/axi_register.vhd:20]
	Parameter WIDTH bound to: 64 - type: integer 
WARNING: [Synth 8-614] signal 's_axis_aresetn' is read in the process but is not in the sensitivity list [E:/VivadoProjects/demo_cusum_ewma_zscore_multi/demo_cusum_ewma_zscore_multi/demo_cusum_ewma_zscore_multi.srcs/sources_1/new/axi_register.vhd:41]
INFO: [Synth 8-256] done synthesizing module 'axi_register' (0#1) [E:/VivadoProjects/demo_cusum_ewma_zscore_multi/demo_cusum_ewma_zscore_multi/demo_cusum_ewma_zscore_multi.srcs/sources_1/new/axi_register.vhd:20]
INFO: [Synth 8-3491] module 'axi_register' declared at 'E:/VivadoProjects/demo_cusum_ewma_zscore_multi/demo_cusum_ewma_zscore_multi/demo_cusum_ewma_zscore_multi.srcs/sources_1/new/axi_register.vhd:4' bound to instance 'gn_fifo_buffer' of component 'axi_register' [E:/VivadoProjects/demo_cusum_ewma_zscore_multi/demo_cusum_ewma_zscore_multi/demo_cusum_ewma_zscore_multi.srcs/sources_1/new/multi_stream_int_cumulative_sums_detector.vhd:339]
INFO: [Synth 8-3491] module 'axi_register' declared at 'E:/VivadoProjects/demo_cusum_ewma_zscore_multi/demo_cusum_ewma_zscore_multi/demo_cusum_ewma_zscore_multi.srcs/sources_1/new/axi_register.vhd:4' bound to instance 'gn_fifo_buffer' of component 'axi_register' [E:/VivadoProjects/demo_cusum_ewma_zscore_multi/demo_cusum_ewma_zscore_multi/demo_cusum_ewma_zscore_multi.srcs/sources_1/new/multi_stream_int_cumulative_sums_detector.vhd:339]
INFO: [Synth 8-3491] module 'axi_register' declared at 'E:/VivadoProjects/demo_cusum_ewma_zscore_multi/demo_cusum_ewma_zscore_multi/demo_cusum_ewma_zscore_multi.srcs/sources_1/new/axi_register.vhd:4' bound to instance 'gn_fifo_buffer' of component 'axi_register' [E:/VivadoProjects/demo_cusum_ewma_zscore_multi/demo_cusum_ewma_zscore_multi/demo_cusum_ewma_zscore_multi.srcs/sources_1/new/multi_stream_int_cumulative_sums_detector.vhd:339]
INFO: [Synth 8-3491] module 'axi_register' declared at 'E:/VivadoProjects/demo_cusum_ewma_zscore_multi/demo_cusum_ewma_zscore_multi/demo_cusum_ewma_zscore_multi.srcs/sources_1/new/axi_register.vhd:4' bound to instance 'gp_fifo_buffer' of component 'axi_register' [E:/VivadoProjects/demo_cusum_ewma_zscore_multi/demo_cusum_ewma_zscore_multi/demo_cusum_ewma_zscore_multi.srcs/sources_1/new/multi_stream_int_cumulative_sums_detector.vhd:352]
INFO: [Synth 8-3491] module 'axi_register' declared at 'E:/VivadoProjects/demo_cusum_ewma_zscore_multi/demo_cusum_ewma_zscore_multi/demo_cusum_ewma_zscore_multi.srcs/sources_1/new/axi_register.vhd:4' bound to instance 'gp_fifo_buffer' of component 'axi_register' [E:/VivadoProjects/demo_cusum_ewma_zscore_multi/demo_cusum_ewma_zscore_multi/demo_cusum_ewma_zscore_multi.srcs/sources_1/new/multi_stream_int_cumulative_sums_detector.vhd:352]
INFO: [Synth 8-3491] module 'axi_register' declared at 'E:/VivadoProjects/demo_cusum_ewma_zscore_multi/demo_cusum_ewma_zscore_multi/demo_cusum_ewma_zscore_multi.srcs/sources_1/new/axi_register.vhd:4' bound to instance 'gp_fifo_buffer' of component 'axi_register' [E:/VivadoProjects/demo_cusum_ewma_zscore_multi/demo_cusum_ewma_zscore_multi/demo_cusum_ewma_zscore_multi.srcs/sources_1/new/multi_stream_int_cumulative_sums_detector.vhd:352]
INFO: [Synth 8-3491] module 'axi_register' declared at 'E:/VivadoProjects/demo_cusum_ewma_zscore_multi/demo_cusum_ewma_zscore_multi/demo_cusum_ewma_zscore_multi.srcs/sources_1/new/axi_register.vhd:4' bound to instance 'gp_fifo_buffer' of component 'axi_register' [E:/VivadoProjects/demo_cusum_ewma_zscore_multi/demo_cusum_ewma_zscore_multi/demo_cusum_ewma_zscore_multi.srcs/sources_1/new/multi_stream_int_cumulative_sums_detector.vhd:352]
INFO: [Synth 8-3491] module 'multi_stream_int_adder_subtractor' declared at 'E:/VivadoProjects/demo_cusum_ewma_zscore_multi/demo_cusum_ewma_zscore_multi/demo_cusum_ewma_zscore_multi.srcs/sources_1/new/multi_stream_int_adder_subtractor.vhd:5' bound to instance 'gn_s_t_sub' of component 'multi_stream_int_adder_subtractor' [E:/VivadoProjects/demo_cusum_ewma_zscore_multi/demo_cusum_ewma_zscore_multi/demo_cusum_ewma_zscore_multi.srcs/sources_1/new/multi_stream_int_cumulative_sums_detector.vhd:384]
INFO: [Synth 8-3491] module 'multi_stream_int_adder_subtractor' declared at 'E:/VivadoProjects/demo_cusum_ewma_zscore_multi/demo_cusum_ewma_zscore_multi/demo_cusum_ewma_zscore_multi.srcs/sources_1/new/multi_stream_int_adder_subtractor.vhd:5' bound to instance 'gp_s_t_add' of component 'multi_stream_int_adder_subtractor' [E:/VivadoProjects/demo_cusum_ewma_zscore_multi/demo_cusum_ewma_zscore_multi/demo_cusum_ewma_zscore_multi.srcs/sources_1/new/multi_stream_int_cumulative_sums_detector.vhd:404]
INFO: [Synth 8-3491] module 'fifo16x64' declared at 'E:/VivadoProjects/demo_cusum_ewma_zscore_multi/demo_cusum_ewma_zscore_multi/demo_cusum_ewma_zscore_multi.runs/synth_1/.Xil/Vivado-2676-DESKTOP-LU6EQ9E/realtime/fifo16x64_stub.v:5' bound to instance 'gn_s_t_fifo_buffer' of component 'fifo16x64' [E:/VivadoProjects/demo_cusum_ewma_zscore_multi/demo_cusum_ewma_zscore_multi/demo_cusum_ewma_zscore_multi.srcs/sources_1/new/multi_stream_int_cumulative_sums_detector.vhd:421]
INFO: [Synth 8-3491] module 'fifo16x64' declared at 'E:/VivadoProjects/demo_cusum_ewma_zscore_multi/demo_cusum_ewma_zscore_multi/demo_cusum_ewma_zscore_multi.runs/synth_1/.Xil/Vivado-2676-DESKTOP-LU6EQ9E/realtime/fifo16x64_stub.v:5' bound to instance 'gp_s_t_fifo_buffer' of component 'fifo16x64' [E:/VivadoProjects/demo_cusum_ewma_zscore_multi/demo_cusum_ewma_zscore_multi/demo_cusum_ewma_zscore_multi.srcs/sources_1/new/multi_stream_int_cumulative_sums_detector.vhd:432]
INFO: [Synth 8-3491] module 'multi_stream_int_adder_subtractor' declared at 'E:/VivadoProjects/demo_cusum_ewma_zscore_multi/demo_cusum_ewma_zscore_multi/demo_cusum_ewma_zscore_multi.srcs/sources_1/new/multi_stream_int_adder_subtractor.vhd:5' bound to instance 'gn_drift_sub' of component 'multi_stream_int_adder_subtractor' [E:/VivadoProjects/demo_cusum_ewma_zscore_multi/demo_cusum_ewma_zscore_multi/demo_cusum_ewma_zscore_multi.srcs/sources_1/new/multi_stream_int_cumulative_sums_detector.vhd:445]
INFO: [Synth 8-3491] module 'multi_stream_int_adder_subtractor' declared at 'E:/VivadoProjects/demo_cusum_ewma_zscore_multi/demo_cusum_ewma_zscore_multi/demo_cusum_ewma_zscore_multi.srcs/sources_1/new/multi_stream_int_adder_subtractor.vhd:5' bound to instance 'gp_drift_sub' of component 'multi_stream_int_adder_subtractor' [E:/VivadoProjects/demo_cusum_ewma_zscore_multi/demo_cusum_ewma_zscore_multi/demo_cusum_ewma_zscore_multi.srcs/sources_1/new/multi_stream_int_cumulative_sums_detector.vhd:461]
INFO: [Synth 8-3491] module 'fifo16x64' declared at 'E:/VivadoProjects/demo_cusum_ewma_zscore_multi/demo_cusum_ewma_zscore_multi/demo_cusum_ewma_zscore_multi.runs/synth_1/.Xil/Vivado-2676-DESKTOP-LU6EQ9E/realtime/fifo16x64_stub.v:5' bound to instance 'gn_s_t_drift_fifo_buffer' of component 'fifo16x64' [E:/VivadoProjects/demo_cusum_ewma_zscore_multi/demo_cusum_ewma_zscore_multi/demo_cusum_ewma_zscore_multi.srcs/sources_1/new/multi_stream_int_cumulative_sums_detector.vhd:479]
INFO: [Synth 8-3491] module 'fifo16x64' declared at 'E:/VivadoProjects/demo_cusum_ewma_zscore_multi/demo_cusum_ewma_zscore_multi/demo_cusum_ewma_zscore_multi.runs/synth_1/.Xil/Vivado-2676-DESKTOP-LU6EQ9E/realtime/fifo16x64_stub.v:5' bound to instance 'gp_s_t_drift_fifo_buffer' of component 'fifo16x64' [E:/VivadoProjects/demo_cusum_ewma_zscore_multi/demo_cusum_ewma_zscore_multi/demo_cusum_ewma_zscore_multi.srcs/sources_1/new/multi_stream_int_cumulative_sums_detector.vhd:490]
INFO: [Synth 8-3491] module 'multi_stream_int_max' declared at 'E:/VivadoProjects/demo_cusum_ewma_zscore_multi/demo_cusum_ewma_zscore_multi/demo_cusum_ewma_zscore_multi.srcs/sources_1/new/multi_stream_int_max.vhd:5' bound to instance 'gn_s_t_max' of component 'multi_stream_int_max' [E:/VivadoProjects/demo_cusum_ewma_zscore_multi/demo_cusum_ewma_zscore_multi/demo_cusum_ewma_zscore_multi.srcs/sources_1/new/multi_stream_int_cumulative_sums_detector.vhd:503]
INFO: [Synth 8-638] synthesizing module 'multi_stream_int_max' [E:/VivadoProjects/demo_cusum_ewma_zscore_multi/demo_cusum_ewma_zscore_multi/demo_cusum_ewma_zscore_multi.srcs/sources_1/new/multi_stream_int_max.vhd:18]
INFO: [Synth 8-256] done synthesizing module 'multi_stream_int_max' (0#1) [E:/VivadoProjects/demo_cusum_ewma_zscore_multi/demo_cusum_ewma_zscore_multi/demo_cusum_ewma_zscore_multi.srcs/sources_1/new/multi_stream_int_max.vhd:18]
INFO: [Synth 8-3491] module 'multi_stream_int_max' declared at 'E:/VivadoProjects/demo_cusum_ewma_zscore_multi/demo_cusum_ewma_zscore_multi/demo_cusum_ewma_zscore_multi.srcs/sources_1/new/multi_stream_int_max.vhd:5' bound to instance 'gp_s_t_max' of component 'multi_stream_int_max' [E:/VivadoProjects/demo_cusum_ewma_zscore_multi/demo_cusum_ewma_zscore_multi/demo_cusum_ewma_zscore_multi.srcs/sources_1/new/multi_stream_int_cumulative_sums_detector.vhd:516]
INFO: [Synth 8-3491] module 'fifo16x64' declared at 'E:/VivadoProjects/demo_cusum_ewma_zscore_multi/demo_cusum_ewma_zscore_multi/demo_cusum_ewma_zscore_multi.runs/synth_1/.Xil/Vivado-2676-DESKTOP-LU6EQ9E/realtime/fifo16x64_stub.v:5' bound to instance 'max_gn_fifo_buffer' of component 'fifo16x64' [E:/VivadoProjects/demo_cusum_ewma_zscore_multi/demo_cusum_ewma_zscore_multi/demo_cusum_ewma_zscore_multi.srcs/sources_1/new/multi_stream_int_cumulative_sums_detector.vhd:529]
INFO: [Synth 8-3491] module 'fifo16x64' declared at 'E:/VivadoProjects/demo_cusum_ewma_zscore_multi/demo_cusum_ewma_zscore_multi/demo_cusum_ewma_zscore_multi.runs/synth_1/.Xil/Vivado-2676-DESKTOP-LU6EQ9E/realtime/fifo16x64_stub.v:5' bound to instance 'max_gp_fifo_buffer' of component 'fifo16x64' [E:/VivadoProjects/demo_cusum_ewma_zscore_multi/demo_cusum_ewma_zscore_multi/demo_cusum_ewma_zscore_multi.srcs/sources_1/new/multi_stream_int_cumulative_sums_detector.vhd:540]
INFO: [Synth 8-3491] module 'multi_stream_int_threshold_exceeding_detector' declared at 'E:/VivadoProjects/demo_cusum_ewma_zscore_multi/demo_cusum_ewma_zscore_multi/demo_cusum_ewma_zscore_multi.srcs/sources_1/new/multi_stream_int_threshold_exceeding_detector.vhd:5' bound to instance 'threshold_exceeding_checker' of component 'multi_stream_int_threshold_exceeding_detector' [E:/VivadoProjects/demo_cusum_ewma_zscore_multi/demo_cusum_ewma_zscore_multi/demo_cusum_ewma_zscore_multi.srcs/sources_1/new/multi_stream_int_cumulative_sums_detector.vhd:553]
INFO: [Synth 8-638] synthesizing module 'multi_stream_int_threshold_exceeding_detector' [E:/VivadoProjects/demo_cusum_ewma_zscore_multi/demo_cusum_ewma_zscore_multi/demo_cusum_ewma_zscore_multi.srcs/sources_1/new/multi_stream_int_threshold_exceeding_detector.vhd:27]
INFO: [Synth 8-256] done synthesizing module 'multi_stream_int_threshold_exceeding_detector' (0#1) [E:/VivadoProjects/demo_cusum_ewma_zscore_multi/demo_cusum_ewma_zscore_multi/demo_cusum_ewma_zscore_multi.srcs/sources_1/new/multi_stream_int_threshold_exceeding_detector.vhd:27]
INFO: [Synth 8-256] done synthesizing module 'multi_stream_int_cumulative_sums_detector' (0#1) [E:/VivadoProjects/demo_cusum_ewma_zscore_multi/demo_cusum_ewma_zscore_multi/demo_cusum_ewma_zscore_multi.srcs/sources_1/new/multi_stream_int_cumulative_sums_detector.vhd:42]
INFO: [Synth 8-256] done synthesizing module 'multi_stream_cusum_anomaly_detector_top_module' (0#1) [E:/VivadoProjects/demo_cusum_ewma_zscore_multi/demo_cusum_ewma_zscore_multi/demo_cusum_ewma_zscore_multi.srcs/sources_1/new/multi_stream_cusum_anomaly_detector_top_module.vhd:37]
	Parameter NUM_STREAMS bound to: 4 - type: integer 
	Parameter ALPHA_HEX bound to: 32'b00111100001000111101011100001010 
	Parameter P_HEX bound to: 32'b01000000001000000000000000000000 
	Parameter S0_HEX bound to: 32'b00111111110000000000000000000000 
INFO: [Synth 8-3491] module 'ewma' declared at 'E:/VivadoProjects/demo_cusum_ewma_zscore_multi/demo_cusum_ewma_zscore_multi/demo_cusum_ewma_zscore_multi.srcs/sources_1/new/ewma.vhd:7' bound to instance 'ewma_inst' of component 'ewma' [E:/VivadoProjects/demo_cusum_ewma_zscore_multi/demo_cusum_ewma_zscore_multi/demo_cusum_ewma_zscore_multi.srcs/sources_1/new/top_level_project.vhd:278]
INFO: [Synth 8-638] synthesizing module 'ewma' [E:/VivadoProjects/demo_cusum_ewma_zscore_multi/demo_cusum_ewma_zscore_multi/demo_cusum_ewma_zscore_multi.srcs/sources_1/new/ewma.vhd:26]
	Parameter NUM_STREAMS bound to: 4 - type: integer 
	Parameter ALPHA_HEX bound to: 32'b00111100001000111101011100001010 
	Parameter P_HEX bound to: 32'b01000000001000000000000000000000 
	Parameter S0_HEX bound to: 32'b00111111110000000000000000000000 
INFO: [Synth 8-3491] module 'fifo32xN_buffering' declared at 'E:/VivadoProjects/demo_cusum_ewma_zscore_multi/demo_cusum_ewma_zscore_multi/demo_cusum_ewma_zscore_multi.runs/synth_1/.Xil/Vivado-2676-DESKTOP-LU6EQ9E/realtime/fifo32xN_buffering_stub.v:5' bound to instance 'fifo_input_inst_i' of component 'fifo32xN_buffering' [E:/VivadoProjects/demo_cusum_ewma_zscore_multi/demo_cusum_ewma_zscore_multi/demo_cusum_ewma_zscore_multi.srcs/sources_1/new/ewma.vhd:267]
INFO: [Synth 8-3491] module 'fifo32xN_buffering' declared at 'E:/VivadoProjects/demo_cusum_ewma_zscore_multi/demo_cusum_ewma_zscore_multi/demo_cusum_ewma_zscore_multi.runs/synth_1/.Xil/Vivado-2676-DESKTOP-LU6EQ9E/realtime/fifo32xN_buffering_stub.v:5' bound to instance 'fifo_input_inst_i' of component 'fifo32xN_buffering' [E:/VivadoProjects/demo_cusum_ewma_zscore_multi/demo_cusum_ewma_zscore_multi/demo_cusum_ewma_zscore_multi.srcs/sources_1/new/ewma.vhd:267]
INFO: [Synth 8-3491] module 'fifo32xN_buffering' declared at 'E:/VivadoProjects/demo_cusum_ewma_zscore_multi/demo_cusum_ewma_zscore_multi/demo_cusum_ewma_zscore_multi.runs/synth_1/.Xil/Vivado-2676-DESKTOP-LU6EQ9E/realtime/fifo32xN_buffering_stub.v:5' bound to instance 'fifo_input_inst_i' of component 'fifo32xN_buffering' [E:/VivadoProjects/demo_cusum_ewma_zscore_multi/demo_cusum_ewma_zscore_multi/demo_cusum_ewma_zscore_multi.srcs/sources_1/new/ewma.vhd:267]
INFO: [Synth 8-3491] module 'fifo32xN_buffering' declared at 'E:/VivadoProjects/demo_cusum_ewma_zscore_multi/demo_cusum_ewma_zscore_multi/demo_cusum_ewma_zscore_multi.runs/synth_1/.Xil/Vivado-2676-DESKTOP-LU6EQ9E/realtime/fifo32xN_buffering_stub.v:5' bound to instance 'fifo_input_inst_i' of component 'fifo32xN_buffering' [E:/VivadoProjects/demo_cusum_ewma_zscore_multi/demo_cusum_ewma_zscore_multi/demo_cusum_ewma_zscore_multi.srcs/sources_1/new/ewma.vhd:267]
INFO: [Synth 8-3491] module 'fp_broadcaster' declared at 'E:/VivadoProjects/demo_cusum_ewma_zscore_multi/demo_cusum_ewma_zscore_multi/demo_cusum_ewma_zscore_multi.runs/synth_1/.Xil/Vivado-2676-DESKTOP-LU6EQ9E/realtime/fp_broadcaster_stub.v:5' bound to instance 'fp_broadcast_x_inst' of component 'fp_broadcaster' [E:/VivadoProjects/demo_cusum_ewma_zscore_multi/demo_cusum_ewma_zscore_multi/demo_cusum_ewma_zscore_multi.srcs/sources_1/new/ewma.vhd:316]
INFO: [Synth 8-6157] synthesizing module 'fp_broadcaster' [E:/VivadoProjects/demo_cusum_ewma_zscore_multi/demo_cusum_ewma_zscore_multi/demo_cusum_ewma_zscore_multi.runs/synth_1/.Xil/Vivado-2676-DESKTOP-LU6EQ9E/realtime/fp_broadcaster_stub.v:5]
INFO: [Synth 8-6155] done synthesizing module 'fp_broadcaster' (0#1) [E:/VivadoProjects/demo_cusum_ewma_zscore_multi/demo_cusum_ewma_zscore_multi/demo_cusum_ewma_zscore_multi.runs/synth_1/.Xil/Vivado-2676-DESKTOP-LU6EQ9E/realtime/fp_broadcaster_stub.v:5]
INFO: [Synth 8-3491] module 'fifo32x16_buffering' declared at 'E:/VivadoProjects/demo_cusum_ewma_zscore_multi/demo_cusum_ewma_zscore_multi/demo_cusum_ewma_zscore_multi.runs/synth_1/.Xil/Vivado-2676-DESKTOP-LU6EQ9E/realtime/fifo32x16_buffering_stub.v:5' bound to instance 'fifo_x_inst' of component 'fifo32x16_buffering' [E:/VivadoProjects/demo_cusum_ewma_zscore_multi/demo_cusum_ewma_zscore_multi/demo_cusum_ewma_zscore_multi.srcs/sources_1/new/ewma.vhd:326]
INFO: [Synth 8-3491] module 'fp_sub' declared at 'E:/VivadoProjects/demo_cusum_ewma_zscore_multi/demo_cusum_ewma_zscore_multi/demo_cusum_ewma_zscore_multi.runs/synth_1/.Xil/Vivado-2676-DESKTOP-LU6EQ9E/realtime/fp_sub_stub.v:5' bound to instance 'sub_x_St_1_inst' of component 'fp_sub' [E:/VivadoProjects/demo_cusum_ewma_zscore_multi/demo_cusum_ewma_zscore_multi/demo_cusum_ewma_zscore_multi.srcs/sources_1/new/ewma.vhd:338]
INFO: [Synth 8-3491] module 'fifo32x16_buffering' declared at 'E:/VivadoProjects/demo_cusum_ewma_zscore_multi/demo_cusum_ewma_zscore_multi/demo_cusum_ewma_zscore_multi.runs/synth_1/.Xil/Vivado-2676-DESKTOP-LU6EQ9E/realtime/fifo32x16_buffering_stub.v:5' bound to instance 'fifo_St_1_inst' of component 'fifo32x16_buffering' [E:/VivadoProjects/demo_cusum_ewma_zscore_multi/demo_cusum_ewma_zscore_multi/demo_cusum_ewma_zscore_multi.srcs/sources_1/new/ewma.vhd:354]
INFO: [Synth 8-3491] module 'fp_mul' declared at 'E:/VivadoProjects/demo_cusum_ewma_zscore_multi/demo_cusum_ewma_zscore_multi/demo_cusum_ewma_zscore_multi.runs/synth_1/.Xil/Vivado-2676-DESKTOP-LU6EQ9E/realtime/fp_mul_stub.v:5' bound to instance 'mul_x_St_1_alpha_inst' of component 'fp_mul' [E:/VivadoProjects/demo_cusum_ewma_zscore_multi/demo_cusum_ewma_zscore_multi/demo_cusum_ewma_zscore_multi.srcs/sources_1/new/ewma.vhd:366]
INFO: [Synth 8-3491] module 'fp_add' declared at 'E:/VivadoProjects/demo_cusum_ewma_zscore_multi/demo_cusum_ewma_zscore_multi/demo_cusum_ewma_zscore_multi.runs/synth_1/.Xil/Vivado-2676-DESKTOP-LU6EQ9E/realtime/fp_add_stub.v:5' bound to instance 'add_St_inst' of component 'fp_add' [E:/VivadoProjects/demo_cusum_ewma_zscore_multi/demo_cusum_ewma_zscore_multi/demo_cusum_ewma_zscore_multi.srcs/sources_1/new/ewma.vhd:382]
INFO: [Synth 8-6157] synthesizing module 'fp_add' [E:/VivadoProjects/demo_cusum_ewma_zscore_multi/demo_cusum_ewma_zscore_multi/demo_cusum_ewma_zscore_multi.runs/synth_1/.Xil/Vivado-2676-DESKTOP-LU6EQ9E/realtime/fp_add_stub.v:5]
INFO: [Synth 8-6155] done synthesizing module 'fp_add' (0#1) [E:/VivadoProjects/demo_cusum_ewma_zscore_multi/demo_cusum_ewma_zscore_multi/demo_cusum_ewma_zscore_multi.runs/synth_1/.Xil/Vivado-2676-DESKTOP-LU6EQ9E/realtime/fp_add_stub.v:5]
INFO: [Synth 8-3491] module 'fp_broadcast_3' declared at 'E:/VivadoProjects/demo_cusum_ewma_zscore_multi/demo_cusum_ewma_zscore_multi/demo_cusum_ewma_zscore_multi.runs/synth_1/.Xil/Vivado-2676-DESKTOP-LU6EQ9E/realtime/fp_broadcast_3_stub.v:5' bound to instance 'fp_broadcast_St_inst' of component 'fp_broadcast_3' [E:/VivadoProjects/demo_cusum_ewma_zscore_multi/demo_cusum_ewma_zscore_multi/demo_cusum_ewma_zscore_multi.srcs/sources_1/new/ewma.vhd:398]
INFO: [Synth 8-6157] synthesizing module 'fp_broadcast_3' [E:/VivadoProjects/demo_cusum_ewma_zscore_multi/demo_cusum_ewma_zscore_multi/demo_cusum_ewma_zscore_multi.runs/synth_1/.Xil/Vivado-2676-DESKTOP-LU6EQ9E/realtime/fp_broadcast_3_stub.v:5]
INFO: [Synth 8-6155] done synthesizing module 'fp_broadcast_3' (0#1) [E:/VivadoProjects/demo_cusum_ewma_zscore_multi/demo_cusum_ewma_zscore_multi/demo_cusum_ewma_zscore_multi.runs/synth_1/.Xil/Vivado-2676-DESKTOP-LU6EQ9E/realtime/fp_broadcast_3_stub.v:5]
INFO: [Synth 8-3491] module 'fp_sub' declared at 'E:/VivadoProjects/demo_cusum_ewma_zscore_multi/demo_cusum_ewma_zscore_multi/demo_cusum_ewma_zscore_multi.runs/synth_1/.Xil/Vivado-2676-DESKTOP-LU6EQ9E/realtime/fp_sub_stub.v:5' bound to instance 'sub_x_St_inst' of component 'fp_sub' [E:/VivadoProjects/demo_cusum_ewma_zscore_multi/demo_cusum_ewma_zscore_multi/demo_cusum_ewma_zscore_multi.srcs/sources_1/new/ewma.vhd:408]
INFO: [Synth 8-3491] module 'fp_mul' declared at 'E:/VivadoProjects/demo_cusum_ewma_zscore_multi/demo_cusum_ewma_zscore_multi/demo_cusum_ewma_zscore_multi.runs/synth_1/.Xil/Vivado-2676-DESKTOP-LU6EQ9E/realtime/fp_mul_stub.v:5' bound to instance 'mul_p_St_inst' of component 'fp_mul' [E:/VivadoProjects/demo_cusum_ewma_zscore_multi/demo_cusum_ewma_zscore_multi/demo_cusum_ewma_zscore_multi.srcs/sources_1/new/ewma.vhd:424]
	Parameter S0_HEX bound to: 32'b00111111110000000000000000000000 
INFO: [Synth 8-3491] module 'fifo32x16_self_init_buffering' declared at 'E:/VivadoProjects/demo_cusum_ewma_zscore_multi/demo_cusum_ewma_zscore_multi/demo_cusum_ewma_zscore_multi.srcs/sources_1/new/fifo32x16_self_init_buffering.vhd:7' bound to instance 'fifo_feedback_inst_i' of component 'fifo32x16_self_init_buffering' [E:/VivadoProjects/demo_cusum_ewma_zscore_multi/demo_cusum_ewma_zscore_multi/demo_cusum_ewma_zscore_multi.srcs/sources_1/new/ewma.vhd:479]
INFO: [Synth 8-638] synthesizing module 'fifo32x16_self_init_buffering' [E:/VivadoProjects/demo_cusum_ewma_zscore_multi/demo_cusum_ewma_zscore_multi/demo_cusum_ewma_zscore_multi.srcs/sources_1/new/fifo32x16_self_init_buffering.vhd:21]
	Parameter S0_HEX bound to: 32'b00111111110000000000000000000000 
INFO: [Synth 8-3491] module 'fifo32x16_buffering' declared at 'E:/VivadoProjects/demo_cusum_ewma_zscore_multi/demo_cusum_ewma_zscore_multi/demo_cusum_ewma_zscore_multi.runs/synth_1/.Xil/Vivado-2676-DESKTOP-LU6EQ9E/realtime/fifo32x16_buffering_stub.v:5' bound to instance 'fifo_x_inst' of component 'fifo32x16_buffering' [E:/VivadoProjects/demo_cusum_ewma_zscore_multi/demo_cusum_ewma_zscore_multi/demo_cusum_ewma_zscore_multi.srcs/sources_1/new/fifo32x16_self_init_buffering.vhd:48]
INFO: [Synth 8-256] done synthesizing module 'fifo32x16_self_init_buffering' (0#1) [E:/VivadoProjects/demo_cusum_ewma_zscore_multi/demo_cusum_ewma_zscore_multi/demo_cusum_ewma_zscore_multi.srcs/sources_1/new/fifo32x16_self_init_buffering.vhd:21]
	Parameter S0_HEX bound to: 32'b00111111110000000000000000000000 
INFO: [Synth 8-3491] module 'fifo32x16_self_init_buffering' declared at 'E:/VivadoProjects/demo_cusum_ewma_zscore_multi/demo_cusum_ewma_zscore_multi/demo_cusum_ewma_zscore_multi.srcs/sources_1/new/fifo32x16_self_init_buffering.vhd:7' bound to instance 'fifo_feedback_inst_i' of component 'fifo32x16_self_init_buffering' [E:/VivadoProjects/demo_cusum_ewma_zscore_multi/demo_cusum_ewma_zscore_multi/demo_cusum_ewma_zscore_multi.srcs/sources_1/new/ewma.vhd:479]
INFO: [Common 17-14] Message 'Synth 8-3491' appears 100 times and further instances of the messages will be disabled. Use the Tcl command set_msg_config to change the current settings.
	Parameter S0_HEX bound to: 32'b00111111110000000000000000000000 
	Parameter S0_HEX bound to: 32'b00111111110000000000000000000000 
INFO: [Synth 8-638] synthesizing module 'fp_clasif' [E:/VivadoProjects/demo_cusum_ewma_zscore_multi/demo_cusum_ewma_zscore_multi/demo_cusum_ewma_zscore_multi.srcs/sources_1/new/fp_clasif.vhd:19]
INFO: [Synth 8-256] done synthesizing module 'fp_clasif' (0#1) [E:/VivadoProjects/demo_cusum_ewma_zscore_multi/demo_cusum_ewma_zscore_multi/demo_cusum_ewma_zscore_multi.srcs/sources_1/new/fp_clasif.vhd:19]
INFO: [Synth 8-256] done synthesizing module 'ewma' (0#1) [E:/VivadoProjects/demo_cusum_ewma_zscore_multi/demo_cusum_ewma_zscore_multi/demo_cusum_ewma_zscore_multi.srcs/sources_1/new/ewma.vhd:26]
INFO: [Synth 8-256] done synthesizing module 'top_level_proj' (0#1) [E:/VivadoProjects/demo_cusum_ewma_zscore_multi/demo_cusum_ewma_zscore_multi/demo_cusum_ewma_zscore_multi.srcs/sources_1/new/top_level_project.vhd:20]
WARNING: [Synth 8-6014] Unused sequential element fifo_mean_ready_pulse_reg was removed.  [E:/VivadoProjects/demo_cusum_ewma_zscore_multi/demo_cusum_ewma_zscore_multi/demo_cusum_ewma_zscore_multi.srcs/sources_1/new/sqrd_dev.vhd:264]
WARNING: [Synth 8-6014] Unused sequential element fifo_st_ready_pulse_reg was removed.  [E:/VivadoProjects/demo_cusum_ewma_zscore_multi/demo_cusum_ewma_zscore_multi/demo_cusum_ewma_zscore_multi.srcs/sources_1/new/ewma.vhd:287]
WARNING: [Synth 8-6014] Unused sequential element send_active_reg was removed.  [E:/VivadoProjects/demo_cusum_ewma_zscore_multi/demo_cusum_ewma_zscore_multi/demo_cusum_ewma_zscore_multi.srcs/sources_1/new/top_level_project.vhd:304]
WARNING: [Synth 8-3848] Net led in module/entity top_level_proj does not have driver. [E:/VivadoProjects/demo_cusum_ewma_zscore_multi/demo_cusum_ewma_zscore_multi/demo_cusum_ewma_zscore_multi.srcs/sources_1/new/top_level_project.vhd:11]
WARNING: [Synth 8-3848] Net uart_rts in module/entity top_level_proj does not have driver. [E:/VivadoProjects/demo_cusum_ewma_zscore_multi/demo_cusum_ewma_zscore_multi/demo_cusum_ewma_zscore_multi.srcs/sources_1/new/top_level_project.vhd:15]
WARNING: [Synth 8-7129] Port s_axis_b_tdata[31] in module multi_stream_int_adder_subtractor is either unconnected or has no load
WARNING: [Synth 8-7129] Port s_axis_b_tdata[30] in module multi_stream_int_adder_subtractor is either unconnected or has no load
WARNING: [Synth 8-7129] Port s_axis_b_tdata[29] in module multi_stream_int_adder_subtractor is either unconnected or has no load
WARNING: [Synth 8-7129] Port s_axis_b_tdata[28] in module multi_stream_int_adder_subtractor is either unconnected or has no load
WARNING: [Synth 8-7129] Port s_axis_b_tdata[27] in module multi_stream_int_adder_subtractor is either unconnected or has no load
WARNING: [Synth 8-7129] Port s_axis_b_tdata[26] in module multi_stream_int_adder_subtractor is either unconnected or has no load
WARNING: [Synth 8-7129] Port s_axis_b_tdata[25] in module multi_stream_int_adder_subtractor is either unconnected or has no load
WARNING: [Synth 8-7129] Port s_axis_b_tdata[24] in module multi_stream_int_adder_subtractor is either unconnected or has no load
WARNING: [Synth 8-7129] Port s_axis_b_tdata[23] in module multi_stream_int_adder_subtractor is either unconnected or has no load
WARNING: [Synth 8-7129] Port s_axis_b_tdata[22] in module multi_stream_int_adder_subtractor is either unconnected or has no load
WARNING: [Synth 8-7129] Port s_axis_b_tdata[21] in module multi_stream_int_adder_subtractor is either unconnected or has no load
WARNING: [Synth 8-7129] Port s_axis_b_tdata[20] in module multi_stream_int_adder_subtractor is either unconnected or has no load
WARNING: [Synth 8-7129] Port s_axis_b_tdata[19] in module multi_stream_int_adder_subtractor is either unconnected or has no load
WARNING: [Synth 8-7129] Port s_axis_b_tdata[18] in module multi_stream_int_adder_subtractor is either unconnected or has no load
WARNING: [Synth 8-7129] Port s_axis_b_tdata[17] in module multi_stream_int_adder_subtractor is either unconnected or has no load
WARNING: [Synth 8-7129] Port s_axis_b_tdata[16] in module multi_stream_int_adder_subtractor is either unconnected or has no load
WARNING: [Synth 8-7129] Port s_axis_b_tdata[15] in module multi_stream_int_adder_subtractor is either unconnected or has no load
WARNING: [Synth 8-7129] Port s_axis_b_tdata[14] in module multi_stream_int_adder_subtractor is either unconnected or has no load
WARNING: [Synth 8-7129] Port s_axis_b_tdata[13] in module multi_stream_int_adder_subtractor is either unconnected or has no load
WARNING: [Synth 8-7129] Port s_axis_b_tdata[12] in module multi_stream_int_adder_subtractor is either unconnected or has no load
WARNING: [Synth 8-7129] Port s_axis_b_tdata[11] in module multi_stream_int_adder_subtractor is either unconnected or has no load
WARNING: [Synth 8-7129] Port s_axis_b_tdata[10] in module multi_stream_int_adder_subtractor is either unconnected or has no load
WARNING: [Synth 8-7129] Port s_axis_b_tdata[9] in module multi_stream_int_adder_subtractor is either unconnected or has no load
WARNING: [Synth 8-7129] Port s_axis_b_tdata[8] in module multi_stream_int_adder_subtractor is either unconnected or has no load
WARNING: [Synth 8-7129] Port s_axis_b_tdata[7] in module multi_stream_int_adder_subtractor is either unconnected or has no load
WARNING: [Synth 8-7129] Port s_axis_b_tdata[6] in module multi_stream_int_adder_subtractor is either unconnected or has no load
WARNING: [Synth 8-7129] Port s_axis_b_tdata[5] in module multi_stream_int_adder_subtractor is either unconnected or has no load
WARNING: [Synth 8-7129] Port s_axis_b_tdata[4] in module multi_stream_int_adder_subtractor is either unconnected or has no load
WARNING: [Synth 8-7129] Port s_axis_b_tdata[3] in module multi_stream_int_adder_subtractor is either unconnected or has no load
WARNING: [Synth 8-7129] Port s_axis_b_tdata[2] in module multi_stream_int_adder_subtractor is either unconnected or has no load
WARNING: [Synth 8-7129] Port s_axis_b_tdata[1] in module multi_stream_int_adder_subtractor is either unconnected or has no load
WARNING: [Synth 8-7129] Port s_axis_b_tdata[0] in module multi_stream_int_adder_subtractor is either unconnected or has no load
WARNING: [Synth 8-7129] Port timestamp_ready in module multi_stream_int_cumulative_sums_detector is either unconnected or has no load
WARNING: [Synth 8-7129] Port x_minus_mean_tready in module sqrd_dev is either unconnected or has no load
WARNING: [Synth 8-7129] Port mean_init_comp[3] in module sqrd_dev is either unconnected or has no load
WARNING: [Synth 8-7129] Port mean_init_comp[2] in module sqrd_dev is either unconnected or has no load
WARNING: [Synth 8-7129] Port mean_init_comp[1] in module sqrd_dev is either unconnected or has no load
WARNING: [Synth 8-7129] Port mean_init_comp[0] in module sqrd_dev is either unconnected or has no load
WARNING: [Synth 8-7129] Port led[15] in module top_level_proj is either unconnected or has no load
WARNING: [Synth 8-7129] Port led[14] in module top_level_proj is either unconnected or has no load
WARNING: [Synth 8-7129] Port led[13] in module top_level_proj is either unconnected or has no load
WARNING: [Synth 8-7129] Port led[12] in module top_level_proj is either unconnected or has no load
WARNING: [Synth 8-7129] Port led[11] in module top_level_proj is either unconnected or has no load
WARNING: [Synth 8-7129] Port led[10] in module top_level_proj is either unconnected or has no load
WARNING: [Synth 8-7129] Port led[9] in module top_level_proj is either unconnected or has no load
WARNING: [Synth 8-7129] Port led[8] in module top_level_proj is either unconnected or has no load
WARNING: [Synth 8-7129] Port led[7] in module top_level_proj is either unconnected or has no load
WARNING: [Synth 8-7129] Port led[6] in module top_level_proj is either unconnected or has no load
WARNING: [Synth 8-7129] Port led[5] in module top_level_proj is either unconnected or has no load
WARNING: [Synth 8-7129] Port led[4] in module top_level_proj is either unconnected or has no load
WARNING: [Synth 8-7129] Port led[3] in module top_level_proj is either unconnected or has no load
WARNING: [Synth 8-7129] Port led[2] in module top_level_proj is either unconnected or has no load
WARNING: [Synth 8-7129] Port led[1] in module top_level_proj is either unconnected or has no load
WARNING: [Synth 8-7129] Port led[0] in module top_level_proj is either unconnected or has no load
WARNING: [Synth 8-7129] Port uart_rts in module top_level_proj is either unconnected or has no load
WARNING: [Synth 8-7129] Port sw[15] in module top_level_proj is either unconnected or has no load
WARNING: [Synth 8-7129] Port sw[14] in module top_level_proj is either unconnected or has no load
WARNING: [Synth 8-7129] Port sw[13] in module top_level_proj is either unconnected or has no load
WARNING: [Synth 8-7129] Port sw[12] in module top_level_proj is either unconnected or has no load
WARNING: [Synth 8-7129] Port sw[11] in module top_level_proj is either unconnected or has no load
WARNING: [Synth 8-7129] Port sw[10] in module top_level_proj is either unconnected or has no load
WARNING: [Synth 8-7129] Port sw[9] in module top_level_proj is either unconnected or has no load
WARNING: [Synth 8-7129] Port sw[8] in module top_level_proj is either unconnected or has no load
WARNING: [Synth 8-7129] Port sw[7] in module top_level_proj is either unconnected or has no load
WARNING: [Synth 8-7129] Port sw[6] in module top_level_proj is either unconnected or has no load
WARNING: [Synth 8-7129] Port sw[5] in module top_level_proj is either unconnected or has no load
WARNING: [Synth 8-7129] Port sw[4] in module top_level_proj is either unconnected or has no load
WARNING: [Synth 8-7129] Port sw[3] in module top_level_proj is either unconnected or has no load
WARNING: [Synth 8-7129] Port uart_cts in module top_level_proj is either unconnected or has no load
---------------------------------------------------------------------------------
Finished RTL Elaboration : Time (s): cpu = 00:00:07 ; elapsed = 00:00:07 . Memory (MB): peak = 1350.242 ; gain = 523.316
---------------------------------------------------------------------------------
---------------------------------------------------------------------------------
Start Handling Custom Attributes
---------------------------------------------------------------------------------
---------------------------------------------------------------------------------
Finished Handling Custom Attributes : Time (s): cpu = 00:00:07 ; elapsed = 00:00:07 . Memory (MB): peak = 1350.242 ; gain = 523.316
---------------------------------------------------------------------------------
---------------------------------------------------------------------------------
Finished RTL Optimization Phase 1 : Time (s): cpu = 00:00:07 ; elapsed = 00:00:07 . Memory (MB): peak = 1350.242 ; gain = 523.316
---------------------------------------------------------------------------------
Netlist sorting complete. Time (s): cpu = 00:00:00 ; elapsed = 00:00:00.109 . Memory (MB): peak = 1350.242 ; gain = 0.000
INFO: [Project 1-570] Preparing netlist for logic optimization

Processing XDC Constraints
Initializing timing engine
Parsing XDC File [e:/VivadoProjects/demo_cusum_ewma_zscore_multi/demo_cusum_ewma_zscore_multi/lic_proj.gen/sources_1/ip/fp_sqrt/fp_sqrt/fp_sqrt_in_context.xdc] for cell 'z_score_inst/std_dev_inst/sqrt_inst'
Finished Parsing XDC File [e:/VivadoProjects/demo_cusum_ewma_zscore_multi/demo_cusum_ewma_zscore_multi/lic_proj.gen/sources_1/ip/fp_sqrt/fp_sqrt/fp_sqrt_in_context.xdc] for cell 'z_score_inst/std_dev_inst/sqrt_inst'
Parsing XDC File [e:/VivadoProjects/demo_cusum_ewma_zscore_multi/demo_cusum_ewma_zscore_multi/lic_proj.gen/sources_1/ip/fp_mul/fp_mul/fp_mul_in_context.xdc] for cell 'z_score_inst/std_dev_inst/sqrd_dev_inst/mul_inst'
Finished Parsing XDC File [e:/VivadoProjects/demo_cusum_ewma_zscore_multi/demo_cusum_ewma_zscore_multi/lic_proj.gen/sources_1/ip/fp_mul/fp_mul/fp_mul_in_context.xdc] for cell 'z_score_inst/std_dev_inst/sqrd_dev_inst/mul_inst'
Parsing XDC File [e:/VivadoProjects/demo_cusum_ewma_zscore_multi/demo_cusum_ewma_zscore_multi/lic_proj.gen/sources_1/ip/fp_mul/fp_mul/fp_mul_in_context.xdc] for cell 'ewma_inst/mul_x_St_1_alpha_inst'
Finished Parsing XDC File [e:/VivadoProjects/demo_cusum_ewma_zscore_multi/demo_cusum_ewma_zscore_multi/lic_proj.gen/sources_1/ip/fp_mul/fp_mul/fp_mul_in_context.xdc] for cell 'ewma_inst/mul_x_St_1_alpha_inst'
Parsing XDC File [e:/VivadoProjects/demo_cusum_ewma_zscore_multi/demo_cusum_ewma_zscore_multi/lic_proj.gen/sources_1/ip/fp_mul/fp_mul/fp_mul_in_context.xdc] for cell 'ewma_inst/mul_p_St_inst'
Finished Parsing XDC File [e:/VivadoProjects/demo_cusum_ewma_zscore_multi/demo_cusum_ewma_zscore_multi/lic_proj.gen/sources_1/ip/fp_mul/fp_mul/fp_mul_in_context.xdc] for cell 'ewma_inst/mul_p_St_inst'
Parsing XDC File [e:/VivadoProjects/demo_cusum_ewma_zscore_multi/demo_cusum_ewma_zscore_multi/ewma_single.gen/sources_1/ip/fp_add/fp_add/fp_add_in_context.xdc] for cell 'ewma_inst/add_St_inst'
Finished Parsing XDC File [e:/VivadoProjects/demo_cusum_ewma_zscore_multi/demo_cusum_ewma_zscore_multi/ewma_single.gen/sources_1/ip/fp_add/fp_add/fp_add_in_context.xdc] for cell 'ewma_inst/add_St_inst'
Parsing XDC File [e:/VivadoProjects/demo_cusum_ewma_zscore_multi/demo_cusum_ewma_zscore_multi/lic_proj3.gen/sources_1/ip/fifo32xN_buffering/fifo32xN_buffering/fifo32xN_buffering_in_context.xdc] for cell 'z_score_inst/mean_inst/sum_buffering_instances[0].sum_buffering_inst_i/fifo_buffer_inst'
Finished Parsing XDC File [e:/VivadoProjects/demo_cusum_ewma_zscore_multi/demo_cusum_ewma_zscore_multi/lic_proj3.gen/sources_1/ip/fifo32xN_buffering/fifo32xN_buffering/fifo32xN_buffering_in_context.xdc] for cell 'z_score_inst/mean_inst/sum_buffering_instances[0].sum_buffering_inst_i/fifo_buffer_inst'
Parsing XDC File [e:/VivadoProjects/demo_cusum_ewma_zscore_multi/demo_cusum_ewma_zscore_multi/lic_proj3.gen/sources_1/ip/fifo32xN_buffering/fifo32xN_buffering/fifo32xN_buffering_in_context.xdc] for cell 'z_score_inst/mean_inst/sum_buffering_instances[1].sum_buffering_inst_i/fifo_buffer_inst'
Finished Parsing XDC File [e:/VivadoProjects/demo_cusum_ewma_zscore_multi/demo_cusum_ewma_zscore_multi/lic_proj3.gen/sources_1/ip/fifo32xN_buffering/fifo32xN_buffering/fifo32xN_buffering_in_context.xdc] for cell 'z_score_inst/mean_inst/sum_buffering_instances[1].sum_buffering_inst_i/fifo_buffer_inst'
Parsing XDC File [e:/VivadoProjects/demo_cusum_ewma_zscore_multi/demo_cusum_ewma_zscore_multi/lic_proj3.gen/sources_1/ip/fifo32xN_buffering/fifo32xN_buffering/fifo32xN_buffering_in_context.xdc] for cell 'z_score_inst/mean_inst/sum_buffering_instances[2].sum_buffering_inst_i/fifo_buffer_inst'
Finished Parsing XDC File [e:/VivadoProjects/demo_cusum_ewma_zscore_multi/demo_cusum_ewma_zscore_multi/lic_proj3.gen/sources_1/ip/fifo32xN_buffering/fifo32xN_buffering/fifo32xN_buffering_in_context.xdc] for cell 'z_score_inst/mean_inst/sum_buffering_instances[2].sum_buffering_inst_i/fifo_buffer_inst'
Parsing XDC File [e:/VivadoProjects/demo_cusum_ewma_zscore_multi/demo_cusum_ewma_zscore_multi/lic_proj3.gen/sources_1/ip/fifo32xN_buffering/fifo32xN_buffering/fifo32xN_buffering_in_context.xdc] for cell 'z_score_inst/mean_inst/sum_buffering_instances[3].sum_buffering_inst_i/fifo_buffer_inst'
Finished Parsing XDC File [e:/VivadoProjects/demo_cusum_ewma_zscore_multi/demo_cusum_ewma_zscore_multi/lic_proj3.gen/sources_1/ip/fifo32xN_buffering/fifo32xN_buffering/fifo32xN_buffering_in_context.xdc] for cell 'z_score_inst/mean_inst/sum_buffering_instances[3].sum_buffering_inst_i/fifo_buffer_inst'
Parsing XDC File [e:/VivadoProjects/demo_cusum_ewma_zscore_multi/demo_cusum_ewma_zscore_multi/lic_proj3.gen/sources_1/ip/fifo32xN_buffering/fifo32xN_buffering/fifo32xN_buffering_in_context.xdc] for cell 'z_score_inst/std_dev_inst/sqrd_dev_inst/fifo_instances_x[0].fifo_x_inst_i'
Finished Parsing XDC File [e:/VivadoProjects/demo_cusum_ewma_zscore_multi/demo_cusum_ewma_zscore_multi/lic_proj3.gen/sources_1/ip/fifo32xN_buffering/fifo32xN_buffering/fifo32xN_buffering_in_context.xdc] for cell 'z_score_inst/std_dev_inst/sqrd_dev_inst/fifo_instances_x[0].fifo_x_inst_i'
Parsing XDC File [e:/VivadoProjects/demo_cusum_ewma_zscore_multi/demo_cusum_ewma_zscore_multi/lic_proj3.gen/sources_1/ip/fifo32xN_buffering/fifo32xN_buffering/fifo32xN_buffering_in_context.xdc] for cell 'z_score_inst/std_dev_inst/sqrd_dev_inst/fifo_instances_x[1].fifo_x_inst_i'
Finished Parsing XDC File [e:/VivadoProjects/demo_cusum_ewma_zscore_multi/demo_cusum_ewma_zscore_multi/lic_proj3.gen/sources_1/ip/fifo32xN_buffering/fifo32xN_buffering/fifo32xN_buffering_in_context.xdc] for cell 'z_score_inst/std_dev_inst/sqrd_dev_inst/fifo_instances_x[1].fifo_x_inst_i'
Parsing XDC File [e:/VivadoProjects/demo_cusum_ewma_zscore_multi/demo_cusum_ewma_zscore_multi/lic_proj3.gen/sources_1/ip/fifo32xN_buffering/fifo32xN_buffering/fifo32xN_buffering_in_context.xdc] for cell 'z_score_inst/std_dev_inst/sqrd_dev_inst/fifo_instances_x[2].fifo_x_inst_i'
Finished Parsing XDC File [e:/VivadoProjects/demo_cusum_ewma_zscore_multi/demo_cusum_ewma_zscore_multi/lic_proj3.gen/sources_1/ip/fifo32xN_buffering/fifo32xN_buffering/fifo32xN_buffering_in_context.xdc] for cell 'z_score_inst/std_dev_inst/sqrd_dev_inst/fifo_instances_x[2].fifo_x_inst_i'
Parsing XDC File [e:/VivadoProjects/demo_cusum_ewma_zscore_multi/demo_cusum_ewma_zscore_multi/lic_proj3.gen/sources_1/ip/fifo32xN_buffering/fifo32xN_buffering/fifo32xN_buffering_in_context.xdc] for cell 'z_score_inst/std_dev_inst/sqrd_dev_inst/fifo_instances_x[3].fifo_x_inst_i'
Finished Parsing XDC File [e:/VivadoProjects/demo_cusum_ewma_zscore_multi/demo_cusum_ewma_zscore_multi/lic_proj3.gen/sources_1/ip/fifo32xN_buffering/fifo32xN_buffering/fifo32xN_buffering_in_context.xdc] for cell 'z_score_inst/std_dev_inst/sqrd_dev_inst/fifo_instances_x[3].fifo_x_inst_i'
Parsing XDC File [e:/VivadoProjects/demo_cusum_ewma_zscore_multi/demo_cusum_ewma_zscore_multi/lic_proj3.gen/sources_1/ip/fifo32xN_buffering/fifo32xN_buffering/fifo32xN_buffering_in_context.xdc] for cell 'ewma_inst/fifo_input_instances[0].fifo_input_inst_i'
Finished Parsing XDC File [e:/VivadoProjects/demo_cusum_ewma_zscore_multi/demo_cusum_ewma_zscore_multi/lic_proj3.gen/sources_1/ip/fifo32xN_buffering/fifo32xN_buffering/fifo32xN_buffering_in_context.xdc] for cell 'ewma_inst/fifo_input_instances[0].fifo_input_inst_i'
Parsing XDC File [e:/VivadoProjects/demo_cusum_ewma_zscore_multi/demo_cusum_ewma_zscore_multi/lic_proj3.gen/sources_1/ip/fifo32xN_buffering/fifo32xN_buffering/fifo32xN_buffering_in_context.xdc] for cell 'ewma_inst/fifo_input_instances[1].fifo_input_inst_i'
Finished Parsing XDC File [e:/VivadoProjects/demo_cusum_ewma_zscore_multi/demo_cusum_ewma_zscore_multi/lic_proj3.gen/sources_1/ip/fifo32xN_buffering/fifo32xN_buffering/fifo32xN_buffering_in_context.xdc] for cell 'ewma_inst/fifo_input_instances[1].fifo_input_inst_i'
Parsing XDC File [e:/VivadoProjects/demo_cusum_ewma_zscore_multi/demo_cusum_ewma_zscore_multi/lic_proj3.gen/sources_1/ip/fifo32xN_buffering/fifo32xN_buffering/fifo32xN_buffering_in_context.xdc] for cell 'ewma_inst/fifo_input_instances[2].fifo_input_inst_i'
Finished Parsing XDC File [e:/VivadoProjects/demo_cusum_ewma_zscore_multi/demo_cusum_ewma_zscore_multi/lic_proj3.gen/sources_1/ip/fifo32xN_buffering/fifo32xN_buffering/fifo32xN_buffering_in_context.xdc] for cell 'ewma_inst/fifo_input_instances[2].fifo_input_inst_i'
Parsing XDC File [e:/VivadoProjects/demo_cusum_ewma_zscore_multi/demo_cusum_ewma_zscore_multi/lic_proj3.gen/sources_1/ip/fifo32xN_buffering/fifo32xN_buffering/fifo32xN_buffering_in_context.xdc] for cell 'ewma_inst/fifo_input_instances[3].fifo_input_inst_i'
Finished Parsing XDC File [e:/VivadoProjects/demo_cusum_ewma_zscore_multi/demo_cusum_ewma_zscore_multi/lic_proj3.gen/sources_1/ip/fifo32xN_buffering/fifo32xN_buffering/fifo32xN_buffering_in_context.xdc] for cell 'ewma_inst/fifo_input_instances[3].fifo_input_inst_i'
Parsing XDC File [e:/VivadoProjects/demo_cusum_ewma_zscore_multi/demo_cusum_ewma_zscore_multi/lic_proj3.gen/sources_1/ip/fifo32x16_buffering/fifo32x16_buffering/fifo32x16_buffering_in_context.xdc] for cell 'z_score_inst/mean_inst/fifo_instances[0].fifo_inst_i'
Finished Parsing XDC File [e:/VivadoProjects/demo_cusum_ewma_zscore_multi/demo_cusum_ewma_zscore_multi/lic_proj3.gen/sources_1/ip/fifo32x16_buffering/fifo32x16_buffering/fifo32x16_buffering_in_context.xdc] for cell 'z_score_inst/mean_inst/fifo_instances[0].fifo_inst_i'
Parsing XDC File [e:/VivadoProjects/demo_cusum_ewma_zscore_multi/demo_cusum_ewma_zscore_multi/lic_proj3.gen/sources_1/ip/fifo32x16_buffering/fifo32x16_buffering/fifo32x16_buffering_in_context.xdc] for cell 'z_score_inst/mean_inst/fifo_instances[1].fifo_inst_i'
Finished Parsing XDC File [e:/VivadoProjects/demo_cusum_ewma_zscore_multi/demo_cusum_ewma_zscore_multi/lic_proj3.gen/sources_1/ip/fifo32x16_buffering/fifo32x16_buffering/fifo32x16_buffering_in_context.xdc] for cell 'z_score_inst/mean_inst/fifo_instances[1].fifo_inst_i'
Parsing XDC File [e:/VivadoProjects/demo_cusum_ewma_zscore_multi/demo_cusum_ewma_zscore_multi/lic_proj3.gen/sources_1/ip/fifo32x16_buffering/fifo32x16_buffering/fifo32x16_buffering_in_context.xdc] for cell 'z_score_inst/mean_inst/fifo_instances[2].fifo_inst_i'
Finished Parsing XDC File [e:/VivadoProjects/demo_cusum_ewma_zscore_multi/demo_cusum_ewma_zscore_multi/lic_proj3.gen/sources_1/ip/fifo32x16_buffering/fifo32x16_buffering/fifo32x16_buffering_in_context.xdc] for cell 'z_score_inst/mean_inst/fifo_instances[2].fifo_inst_i'
Parsing XDC File [e:/VivadoProjects/demo_cusum_ewma_zscore_multi/demo_cusum_ewma_zscore_multi/lic_proj3.gen/sources_1/ip/fifo32x16_buffering/fifo32x16_buffering/fifo32x16_buffering_in_context.xdc] for cell 'z_score_inst/mean_inst/fifo_instances[3].fifo_inst_i'
Finished Parsing XDC File [e:/VivadoProjects/demo_cusum_ewma_zscore_multi/demo_cusum_ewma_zscore_multi/lic_proj3.gen/sources_1/ip/fifo32x16_buffering/fifo32x16_buffering/fifo32x16_buffering_in_context.xdc] for cell 'z_score_inst/mean_inst/fifo_instances[3].fifo_inst_i'
Parsing XDC File [e:/VivadoProjects/demo_cusum_ewma_zscore_multi/demo_cusum_ewma_zscore_multi/lic_proj3.gen/sources_1/ip/fifo32x16_buffering/fifo32x16_buffering/fifo32x16_buffering_in_context.xdc] for cell 'z_score_inst/std_dev_inst/sqrd_dev_inst/sum_buffering_instances[0].sum_buffering_inst_i/fifo_buffer_inst'
Finished Parsing XDC File [e:/VivadoProjects/demo_cusum_ewma_zscore_multi/demo_cusum_ewma_zscore_multi/lic_proj3.gen/sources_1/ip/fifo32x16_buffering/fifo32x16_buffering/fifo32x16_buffering_in_context.xdc] for cell 'z_score_inst/std_dev_inst/sqrd_dev_inst/sum_buffering_instances[0].sum_buffering_inst_i/fifo_buffer_inst'
Parsing XDC File [e:/VivadoProjects/demo_cusum_ewma_zscore_multi/demo_cusum_ewma_zscore_multi/lic_proj3.gen/sources_1/ip/fifo32x16_buffering/fifo32x16_buffering/fifo32x16_buffering_in_context.xdc] for cell 'z_score_inst/std_dev_inst/sqrd_dev_inst/sum_buffering_instances[1].sum_buffering_inst_i/fifo_buffer_inst'
Finished Parsing XDC File [e:/VivadoProjects/demo_cusum_ewma_zscore_multi/demo_cusum_ewma_zscore_multi/lic_proj3.gen/sources_1/ip/fifo32x16_buffering/fifo32x16_buffering/fifo32x16_buffering_in_context.xdc] for cell 'z_score_inst/std_dev_inst/sqrd_dev_inst/sum_buffering_instances[1].sum_buffering_inst_i/fifo_buffer_inst'
Parsing XDC File [e:/VivadoProjects/demo_cusum_ewma_zscore_multi/demo_cusum_ewma_zscore_multi/lic_proj3.gen/sources_1/ip/fifo32x16_buffering/fifo32x16_buffering/fifo32x16_buffering_in_context.xdc] for cell 'z_score_inst/std_dev_inst/sqrd_dev_inst/sum_buffering_instances[2].sum_buffering_inst_i/fifo_buffer_inst'
Finished Parsing XDC File [e:/VivadoProjects/demo_cusum_ewma_zscore_multi/demo_cusum_ewma_zscore_multi/lic_proj3.gen/sources_1/ip/fifo32x16_buffering/fifo32x16_buffering/fifo32x16_buffering_in_context.xdc] for cell 'z_score_inst/std_dev_inst/sqrd_dev_inst/sum_buffering_instances[2].sum_buffering_inst_i/fifo_buffer_inst'
Parsing XDC File [e:/VivadoProjects/demo_cusum_ewma_zscore_multi/demo_cusum_ewma_zscore_multi/lic_proj3.gen/sources_1/ip/fifo32x16_buffering/fifo32x16_buffering/fifo32x16_buffering_in_context.xdc] for cell 'z_score_inst/std_dev_inst/sqrd_dev_inst/sum_buffering_instances[3].sum_buffering_inst_i/fifo_buffer_inst'
Finished Parsing XDC File [e:/VivadoProjects/demo_cusum_ewma_zscore_multi/demo_cusum_ewma_zscore_multi/lic_proj3.gen/sources_1/ip/fifo32x16_buffering/fifo32x16_buffering/fifo32x16_buffering_in_context.xdc] for cell 'z_score_inst/std_dev_inst/sqrd_dev_inst/sum_buffering_instances[3].sum_buffering_inst_i/fifo_buffer_inst'
Parsing XDC File [e:/VivadoProjects/demo_cusum_ewma_zscore_multi/demo_cusum_ewma_zscore_multi/lic_proj3.gen/sources_1/ip/fifo32x16_buffering/fifo32x16_buffering/fifo32x16_buffering_in_context.xdc] for cell 'z_score_inst/std_dev_inst/sqrd_dev_inst/fifo_mean_instances[0].fifo_mean_inst_i'
Finished Parsing XDC File [e:/VivadoProjects/demo_cusum_ewma_zscore_multi/demo_cusum_ewma_zscore_multi/lic_proj3.gen/sources_1/ip/fifo32x16_buffering/fifo32x16_buffering/fifo32x16_buffering_in_context.xdc] for cell 'z_score_inst/std_dev_inst/sqrd_dev_inst/fifo_mean_instances[0].fifo_mean_inst_i'
Parsing XDC File [e:/VivadoProjects/demo_cusum_ewma_zscore_multi/demo_cusum_ewma_zscore_multi/lic_proj3.gen/sources_1/ip/fifo32x16_buffering/fifo32x16_buffering/fifo32x16_buffering_in_context.xdc] for cell 'z_score_inst/std_dev_inst/sqrd_dev_inst/fifo_mean_instances[1].fifo_mean_inst_i'
Finished Parsing XDC File [e:/VivadoProjects/demo_cusum_ewma_zscore_multi/demo_cusum_ewma_zscore_multi/lic_proj3.gen/sources_1/ip/fifo32x16_buffering/fifo32x16_buffering/fifo32x16_buffering_in_context.xdc] for cell 'z_score_inst/std_dev_inst/sqrd_dev_inst/fifo_mean_instances[1].fifo_mean_inst_i'
Parsing XDC File [e:/VivadoProjects/demo_cusum_ewma_zscore_multi/demo_cusum_ewma_zscore_multi/lic_proj3.gen/sources_1/ip/fifo32x16_buffering/fifo32x16_buffering/fifo32x16_buffering_in_context.xdc] for cell 'z_score_inst/std_dev_inst/sqrd_dev_inst/fifo_mean_instances[2].fifo_mean_inst_i'
Finished Parsing XDC File [e:/VivadoProjects/demo_cusum_ewma_zscore_multi/demo_cusum_ewma_zscore_multi/lic_proj3.gen/sources_1/ip/fifo32x16_buffering/fifo32x16_buffering/fifo32x16_buffering_in_context.xdc] for cell 'z_score_inst/std_dev_inst/sqrd_dev_inst/fifo_mean_instances[2].fifo_mean_inst_i'
Parsing XDC File [e:/VivadoProjects/demo_cusum_ewma_zscore_multi/demo_cusum_ewma_zscore_multi/lic_proj3.gen/sources_1/ip/fifo32x16_buffering/fifo32x16_buffering/fifo32x16_buffering_in_context.xdc] for cell 'z_score_inst/std_dev_inst/sqrd_dev_inst/fifo_mean_instances[3].fifo_mean_inst_i'
Finished Parsing XDC File [e:/VivadoProjects/demo_cusum_ewma_zscore_multi/demo_cusum_ewma_zscore_multi/lic_proj3.gen/sources_1/ip/fifo32x16_buffering/fifo32x16_buffering/fifo32x16_buffering_in_context.xdc] for cell 'z_score_inst/std_dev_inst/sqrd_dev_inst/fifo_mean_instances[3].fifo_mean_inst_i'
Parsing XDC File [e:/VivadoProjects/demo_cusum_ewma_zscore_multi/demo_cusum_ewma_zscore_multi/lic_proj3.gen/sources_1/ip/fifo32x16_buffering/fifo32x16_buffering/fifo32x16_buffering_in_context.xdc] for cell 'z_score_inst/std_dev_inst/sqrd_dev_inst/fifo_instances_sum[0].fifo_sum_inst_i'
Finished Parsing XDC File [e:/VivadoProjects/demo_cusum_ewma_zscore_multi/demo_cusum_ewma_zscore_multi/lic_proj3.gen/sources_1/ip/fifo32x16_buffering/fifo32x16_buffering/fifo32x16_buffering_in_context.xdc] for cell 'z_score_inst/std_dev_inst/sqrd_dev_inst/fifo_instances_sum[0].fifo_sum_inst_i'
Parsing XDC File [e:/VivadoProjects/demo_cusum_ewma_zscore_multi/demo_cusum_ewma_zscore_multi/lic_proj3.gen/sources_1/ip/fifo32x16_buffering/fifo32x16_buffering/fifo32x16_buffering_in_context.xdc] for cell 'z_score_inst/std_dev_inst/sqrd_dev_inst/fifo_instances_sum[1].fifo_sum_inst_i'
Finished Parsing XDC File [e:/VivadoProjects/demo_cusum_ewma_zscore_multi/demo_cusum_ewma_zscore_multi/lic_proj3.gen/sources_1/ip/fifo32x16_buffering/fifo32x16_buffering/fifo32x16_buffering_in_context.xdc] for cell 'z_score_inst/std_dev_inst/sqrd_dev_inst/fifo_instances_sum[1].fifo_sum_inst_i'
Parsing XDC File [e:/VivadoProjects/demo_cusum_ewma_zscore_multi/demo_cusum_ewma_zscore_multi/lic_proj3.gen/sources_1/ip/fifo32x16_buffering/fifo32x16_buffering/fifo32x16_buffering_in_context.xdc] for cell 'z_score_inst/std_dev_inst/sqrd_dev_inst/fifo_instances_sum[2].fifo_sum_inst_i'
Finished Parsing XDC File [e:/VivadoProjects/demo_cusum_ewma_zscore_multi/demo_cusum_ewma_zscore_multi/lic_proj3.gen/sources_1/ip/fifo32x16_buffering/fifo32x16_buffering/fifo32x16_buffering_in_context.xdc] for cell 'z_score_inst/std_dev_inst/sqrd_dev_inst/fifo_instances_sum[2].fifo_sum_inst_i'
Parsing XDC File [e:/VivadoProjects/demo_cusum_ewma_zscore_multi/demo_cusum_ewma_zscore_multi/lic_proj3.gen/sources_1/ip/fifo32x16_buffering/fifo32x16_buffering/fifo32x16_buffering_in_context.xdc] for cell 'z_score_inst/std_dev_inst/sqrd_dev_inst/fifo_instances_sum[3].fifo_sum_inst_i'
Finished Parsing XDC File [e:/VivadoProjects/demo_cusum_ewma_zscore_multi/demo_cusum_ewma_zscore_multi/lic_proj3.gen/sources_1/ip/fifo32x16_buffering/fifo32x16_buffering/fifo32x16_buffering_in_context.xdc] for cell 'z_score_inst/std_dev_inst/sqrd_dev_inst/fifo_instances_sum[3].fifo_sum_inst_i'
Parsing XDC File [e:/VivadoProjects/demo_cusum_ewma_zscore_multi/demo_cusum_ewma_zscore_multi/lic_proj3.gen/sources_1/ip/fifo32x16_buffering/fifo32x16_buffering/fifo32x16_buffering_in_context.xdc] for cell 'z_score_inst/div_inst/fifo_inst_1'
Finished Parsing XDC File [e:/VivadoProjects/demo_cusum_ewma_zscore_multi/demo_cusum_ewma_zscore_multi/lic_proj3.gen/sources_1/ip/fifo32x16_buffering/fifo32x16_buffering/fifo32x16_buffering_in_context.xdc] for cell 'z_score_inst/div_inst/fifo_inst_1'
Parsing XDC File [e:/VivadoProjects/demo_cusum_ewma_zscore_multi/demo_cusum_ewma_zscore_multi/lic_proj3.gen/sources_1/ip/fifo32x16_buffering/fifo32x16_buffering/fifo32x16_buffering_in_context.xdc] for cell 'z_score_inst/div_inst/fifo_inst_2'
Finished Parsing XDC File [e:/VivadoProjects/demo_cusum_ewma_zscore_multi/demo_cusum_ewma_zscore_multi/lic_proj3.gen/sources_1/ip/fifo32x16_buffering/fifo32x16_buffering/fifo32x16_buffering_in_context.xdc] for cell 'z_score_inst/div_inst/fifo_inst_2'
Parsing XDC File [e:/VivadoProjects/demo_cusum_ewma_zscore_multi/demo_cusum_ewma_zscore_multi/lic_proj3.gen/sources_1/ip/fifo32x16_buffering/fifo32x16_buffering/fifo32x16_buffering_in_context.xdc] for cell 'ewma_inst/fifo_feedback_instances[0].fifo_feedback_inst_i/fifo_x_inst'
Finished Parsing XDC File [e:/VivadoProjects/demo_cusum_ewma_zscore_multi/demo_cusum_ewma_zscore_multi/lic_proj3.gen/sources_1/ip/fifo32x16_buffering/fifo32x16_buffering/fifo32x16_buffering_in_context.xdc] for cell 'ewma_inst/fifo_feedback_instances[0].fifo_feedback_inst_i/fifo_x_inst'
Parsing XDC File [e:/VivadoProjects/demo_cusum_ewma_zscore_multi/demo_cusum_ewma_zscore_multi/lic_proj3.gen/sources_1/ip/fifo32x16_buffering/fifo32x16_buffering/fifo32x16_buffering_in_context.xdc] for cell 'ewma_inst/fifo_feedback_instances[1].fifo_feedback_inst_i/fifo_x_inst'
Finished Parsing XDC File [e:/VivadoProjects/demo_cusum_ewma_zscore_multi/demo_cusum_ewma_zscore_multi/lic_proj3.gen/sources_1/ip/fifo32x16_buffering/fifo32x16_buffering/fifo32x16_buffering_in_context.xdc] for cell 'ewma_inst/fifo_feedback_instances[1].fifo_feedback_inst_i/fifo_x_inst'
Parsing XDC File [e:/VivadoProjects/demo_cusum_ewma_zscore_multi/demo_cusum_ewma_zscore_multi/lic_proj3.gen/sources_1/ip/fifo32x16_buffering/fifo32x16_buffering/fifo32x16_buffering_in_context.xdc] for cell 'ewma_inst/fifo_feedback_instances[2].fifo_feedback_inst_i/fifo_x_inst'
Finished Parsing XDC File [e:/VivadoProjects/demo_cusum_ewma_zscore_multi/demo_cusum_ewma_zscore_multi/lic_proj3.gen/sources_1/ip/fifo32x16_buffering/fifo32x16_buffering/fifo32x16_buffering_in_context.xdc] for cell 'ewma_inst/fifo_feedback_instances[2].fifo_feedback_inst_i/fifo_x_inst'
Parsing XDC File [e:/VivadoProjects/demo_cusum_ewma_zscore_multi/demo_cusum_ewma_zscore_multi/lic_proj3.gen/sources_1/ip/fifo32x16_buffering/fifo32x16_buffering/fifo32x16_buffering_in_context.xdc] for cell 'ewma_inst/fifo_feedback_instances[3].fifo_feedback_inst_i/fifo_x_inst'
Finished Parsing XDC File [e:/VivadoProjects/demo_cusum_ewma_zscore_multi/demo_cusum_ewma_zscore_multi/lic_proj3.gen/sources_1/ip/fifo32x16_buffering/fifo32x16_buffering/fifo32x16_buffering_in_context.xdc] for cell 'ewma_inst/fifo_feedback_instances[3].fifo_feedback_inst_i/fifo_x_inst'
Parsing XDC File [e:/VivadoProjects/demo_cusum_ewma_zscore_multi/demo_cusum_ewma_zscore_multi/lic_proj3.gen/sources_1/ip/fifo32x16_buffering/fifo32x16_buffering/fifo32x16_buffering_in_context.xdc] for cell 'ewma_inst/fifo_x_inst'
Finished Parsing XDC File [e:/VivadoProjects/demo_cusum_ewma_zscore_multi/demo_cusum_ewma_zscore_multi/lic_proj3.gen/sources_1/ip/fifo32x16_buffering/fifo32x16_buffering/fifo32x16_buffering_in_context.xdc] for cell 'ewma_inst/fifo_x_inst'
Parsing XDC File [e:/VivadoProjects/demo_cusum_ewma_zscore_multi/demo_cusum_ewma_zscore_multi/lic_proj3.gen/sources_1/ip/fifo32x16_buffering/fifo32x16_buffering/fifo32x16_buffering_in_context.xdc] for cell 'ewma_inst/fifo_St_1_inst'
Finished Parsing XDC File [e:/VivadoProjects/demo_cusum_ewma_zscore_multi/demo_cusum_ewma_zscore_multi/lic_proj3.gen/sources_1/ip/fifo32x16_buffering/fifo32x16_buffering/fifo32x16_buffering_in_context.xdc] for cell 'ewma_inst/fifo_St_1_inst'
Parsing XDC File [e:/VivadoProjects/demo_cusum_ewma_zscore_multi/demo_cusum_ewma_zscore_multi/project_1.gen/sources_1/ip/fp_comp/fp_comp/fp_comp_in_context.xdc] for cell 'z_score_inst/clasif_inst/fp_comp_inst'
Finished Parsing XDC File [e:/VivadoProjects/demo_cusum_ewma_zscore_multi/demo_cusum_ewma_zscore_multi/project_1.gen/sources_1/ip/fp_comp/fp_comp/fp_comp_in_context.xdc] for cell 'z_score_inst/clasif_inst/fp_comp_inst'
Parsing XDC File [e:/VivadoProjects/demo_cusum_ewma_zscore_multi/demo_cusum_ewma_zscore_multi/project_1.gen/sources_1/ip/fp_comp/fp_comp/fp_comp_in_context.xdc] for cell 'ewma_inst/clasif_inst/fp_comp_inst'
Finished Parsing XDC File [e:/VivadoProjects/demo_cusum_ewma_zscore_multi/demo_cusum_ewma_zscore_multi/project_1.gen/sources_1/ip/fp_comp/fp_comp/fp_comp_in_context.xdc] for cell 'ewma_inst/clasif_inst/fp_comp_inst'
Parsing XDC File [e:/VivadoProjects/demo_cusum_ewma_zscore_multi/demo_cusum_ewma_zscore_multi/lic_proj.gen/sources_1/ip/fp_acc/fp_acc/fp_acc_in_context.xdc] for cell 'z_score_inst/mean_inst/sum_buffering_instances[0].sum_buffering_inst_i/sum_inst/acc_inst'
Finished Parsing XDC File [e:/VivadoProjects/demo_cusum_ewma_zscore_multi/demo_cusum_ewma_zscore_multi/lic_proj.gen/sources_1/ip/fp_acc/fp_acc/fp_acc_in_context.xdc] for cell 'z_score_inst/mean_inst/sum_buffering_instances[0].sum_buffering_inst_i/sum_inst/acc_inst'
Parsing XDC File [e:/VivadoProjects/demo_cusum_ewma_zscore_multi/demo_cusum_ewma_zscore_multi/lic_proj.gen/sources_1/ip/fp_acc/fp_acc/fp_acc_in_context.xdc] for cell 'z_score_inst/mean_inst/sum_buffering_instances[1].sum_buffering_inst_i/sum_inst/acc_inst'
Finished Parsing XDC File [e:/VivadoProjects/demo_cusum_ewma_zscore_multi/demo_cusum_ewma_zscore_multi/lic_proj.gen/sources_1/ip/fp_acc/fp_acc/fp_acc_in_context.xdc] for cell 'z_score_inst/mean_inst/sum_buffering_instances[1].sum_buffering_inst_i/sum_inst/acc_inst'
Parsing XDC File [e:/VivadoProjects/demo_cusum_ewma_zscore_multi/demo_cusum_ewma_zscore_multi/lic_proj.gen/sources_1/ip/fp_acc/fp_acc/fp_acc_in_context.xdc] for cell 'z_score_inst/mean_inst/sum_buffering_instances[2].sum_buffering_inst_i/sum_inst/acc_inst'
Finished Parsing XDC File [e:/VivadoProjects/demo_cusum_ewma_zscore_multi/demo_cusum_ewma_zscore_multi/lic_proj.gen/sources_1/ip/fp_acc/fp_acc/fp_acc_in_context.xdc] for cell 'z_score_inst/mean_inst/sum_buffering_instances[2].sum_buffering_inst_i/sum_inst/acc_inst'
Parsing XDC File [e:/VivadoProjects/demo_cusum_ewma_zscore_multi/demo_cusum_ewma_zscore_multi/lic_proj.gen/sources_1/ip/fp_acc/fp_acc/fp_acc_in_context.xdc] for cell 'z_score_inst/mean_inst/sum_buffering_instances[3].sum_buffering_inst_i/sum_inst/acc_inst'
Finished Parsing XDC File [e:/VivadoProjects/demo_cusum_ewma_zscore_multi/demo_cusum_ewma_zscore_multi/lic_proj.gen/sources_1/ip/fp_acc/fp_acc/fp_acc_in_context.xdc] for cell 'z_score_inst/mean_inst/sum_buffering_instances[3].sum_buffering_inst_i/sum_inst/acc_inst'
Parsing XDC File [e:/VivadoProjects/demo_cusum_ewma_zscore_multi/demo_cusum_ewma_zscore_multi/lic_proj.gen/sources_1/ip/fp_acc/fp_acc/fp_acc_in_context.xdc] for cell 'z_score_inst/std_dev_inst/sqrd_dev_inst/sum_buffering_instances[0].sum_buffering_inst_i/sum_inst/acc_inst'
Finished Parsing XDC File [e:/VivadoProjects/demo_cusum_ewma_zscore_multi/demo_cusum_ewma_zscore_multi/lic_proj.gen/sources_1/ip/fp_acc/fp_acc/fp_acc_in_context.xdc] for cell 'z_score_inst/std_dev_inst/sqrd_dev_inst/sum_buffering_instances[0].sum_buffering_inst_i/sum_inst/acc_inst'
Parsing XDC File [e:/VivadoProjects/demo_cusum_ewma_zscore_multi/demo_cusum_ewma_zscore_multi/lic_proj.gen/sources_1/ip/fp_acc/fp_acc/fp_acc_in_context.xdc] for cell 'z_score_inst/std_dev_inst/sqrd_dev_inst/sum_buffering_instances[1].sum_buffering_inst_i/sum_inst/acc_inst'
Finished Parsing XDC File [e:/VivadoProjects/demo_cusum_ewma_zscore_multi/demo_cusum_ewma_zscore_multi/lic_proj.gen/sources_1/ip/fp_acc/fp_acc/fp_acc_in_context.xdc] for cell 'z_score_inst/std_dev_inst/sqrd_dev_inst/sum_buffering_instances[1].sum_buffering_inst_i/sum_inst/acc_inst'
Parsing XDC File [e:/VivadoProjects/demo_cusum_ewma_zscore_multi/demo_cusum_ewma_zscore_multi/lic_proj.gen/sources_1/ip/fp_acc/fp_acc/fp_acc_in_context.xdc] for cell 'z_score_inst/std_dev_inst/sqrd_dev_inst/sum_buffering_instances[2].sum_buffering_inst_i/sum_inst/acc_inst'
Finished Parsing XDC File [e:/VivadoProjects/demo_cusum_ewma_zscore_multi/demo_cusum_ewma_zscore_multi/lic_proj.gen/sources_1/ip/fp_acc/fp_acc/fp_acc_in_context.xdc] for cell 'z_score_inst/std_dev_inst/sqrd_dev_inst/sum_buffering_instances[2].sum_buffering_inst_i/sum_inst/acc_inst'
Parsing XDC File [e:/VivadoProjects/demo_cusum_ewma_zscore_multi/demo_cusum_ewma_zscore_multi/lic_proj.gen/sources_1/ip/fp_acc/fp_acc/fp_acc_in_context.xdc] for cell 'z_score_inst/std_dev_inst/sqrd_dev_inst/sum_buffering_instances[3].sum_buffering_inst_i/sum_inst/acc_inst'
Finished Parsing XDC File [e:/VivadoProjects/demo_cusum_ewma_zscore_multi/demo_cusum_ewma_zscore_multi/lic_proj.gen/sources_1/ip/fp_acc/fp_acc/fp_acc_in_context.xdc] for cell 'z_score_inst/std_dev_inst/sqrd_dev_inst/sum_buffering_instances[3].sum_buffering_inst_i/sum_inst/acc_inst'
Parsing XDC File [e:/VivadoProjects/demo_cusum_ewma_zscore_multi/demo_cusum_ewma_zscore_multi/lic_proj3.gen/sources_1/ip/fifo32xN_sample/fifo32xN_sample/fifo32xN_sample_in_context.xdc] for cell 'z_score_inst/mean_inst/sum_buffering_instances[0].sum_buffering_inst_i/sum_inst/fifo_inst'
Finished Parsing XDC File [e:/VivadoProjects/demo_cusum_ewma_zscore_multi/demo_cusum_ewma_zscore_multi/lic_proj3.gen/sources_1/ip/fifo32xN_sample/fifo32xN_sample/fifo32xN_sample_in_context.xdc] for cell 'z_score_inst/mean_inst/sum_buffering_instances[0].sum_buffering_inst_i/sum_inst/fifo_inst'
Parsing XDC File [e:/VivadoProjects/demo_cusum_ewma_zscore_multi/demo_cusum_ewma_zscore_multi/lic_proj3.gen/sources_1/ip/fifo32xN_sample/fifo32xN_sample/fifo32xN_sample_in_context.xdc] for cell 'z_score_inst/mean_inst/sum_buffering_instances[1].sum_buffering_inst_i/sum_inst/fifo_inst'
Finished Parsing XDC File [e:/VivadoProjects/demo_cusum_ewma_zscore_multi/demo_cusum_ewma_zscore_multi/lic_proj3.gen/sources_1/ip/fifo32xN_sample/fifo32xN_sample/fifo32xN_sample_in_context.xdc] for cell 'z_score_inst/mean_inst/sum_buffering_instances[1].sum_buffering_inst_i/sum_inst/fifo_inst'
Parsing XDC File [e:/VivadoProjects/demo_cusum_ewma_zscore_multi/demo_cusum_ewma_zscore_multi/lic_proj3.gen/sources_1/ip/fifo32xN_sample/fifo32xN_sample/fifo32xN_sample_in_context.xdc] for cell 'z_score_inst/mean_inst/sum_buffering_instances[2].sum_buffering_inst_i/sum_inst/fifo_inst'
Finished Parsing XDC File [e:/VivadoProjects/demo_cusum_ewma_zscore_multi/demo_cusum_ewma_zscore_multi/lic_proj3.gen/sources_1/ip/fifo32xN_sample/fifo32xN_sample/fifo32xN_sample_in_context.xdc] for cell 'z_score_inst/mean_inst/sum_buffering_instances[2].sum_buffering_inst_i/sum_inst/fifo_inst'
Parsing XDC File [e:/VivadoProjects/demo_cusum_ewma_zscore_multi/demo_cusum_ewma_zscore_multi/lic_proj3.gen/sources_1/ip/fifo32xN_sample/fifo32xN_sample/fifo32xN_sample_in_context.xdc] for cell 'z_score_inst/mean_inst/sum_buffering_instances[3].sum_buffering_inst_i/sum_inst/fifo_inst'
Finished Parsing XDC File [e:/VivadoProjects/demo_cusum_ewma_zscore_multi/demo_cusum_ewma_zscore_multi/lic_proj3.gen/sources_1/ip/fifo32xN_sample/fifo32xN_sample/fifo32xN_sample_in_context.xdc] for cell 'z_score_inst/mean_inst/sum_buffering_instances[3].sum_buffering_inst_i/sum_inst/fifo_inst'
Parsing XDC File [e:/VivadoProjects/demo_cusum_ewma_zscore_multi/demo_cusum_ewma_zscore_multi/lic_proj3.gen/sources_1/ip/fifo32xN_sample/fifo32xN_sample/fifo32xN_sample_in_context.xdc] for cell 'z_score_inst/std_dev_inst/sqrd_dev_inst/sum_buffering_instances[0].sum_buffering_inst_i/sum_inst/fifo_inst'
Finished Parsing XDC File [e:/VivadoProjects/demo_cusum_ewma_zscore_multi/demo_cusum_ewma_zscore_multi/lic_proj3.gen/sources_1/ip/fifo32xN_sample/fifo32xN_sample/fifo32xN_sample_in_context.xdc] for cell 'z_score_inst/std_dev_inst/sqrd_dev_inst/sum_buffering_instances[0].sum_buffering_inst_i/sum_inst/fifo_inst'
Parsing XDC File [e:/VivadoProjects/demo_cusum_ewma_zscore_multi/demo_cusum_ewma_zscore_multi/lic_proj3.gen/sources_1/ip/fifo32xN_sample/fifo32xN_sample/fifo32xN_sample_in_context.xdc] for cell 'z_score_inst/std_dev_inst/sqrd_dev_inst/sum_buffering_instances[1].sum_buffering_inst_i/sum_inst/fifo_inst'
Finished Parsing XDC File [e:/VivadoProjects/demo_cusum_ewma_zscore_multi/demo_cusum_ewma_zscore_multi/lic_proj3.gen/sources_1/ip/fifo32xN_sample/fifo32xN_sample/fifo32xN_sample_in_context.xdc] for cell 'z_score_inst/std_dev_inst/sqrd_dev_inst/sum_buffering_instances[1].sum_buffering_inst_i/sum_inst/fifo_inst'
Parsing XDC File [e:/VivadoProjects/demo_cusum_ewma_zscore_multi/demo_cusum_ewma_zscore_multi/lic_proj3.gen/sources_1/ip/fifo32xN_sample/fifo32xN_sample/fifo32xN_sample_in_context.xdc] for cell 'z_score_inst/std_dev_inst/sqrd_dev_inst/sum_buffering_instances[2].sum_buffering_inst_i/sum_inst/fifo_inst'
Finished Parsing XDC File [e:/VivadoProjects/demo_cusum_ewma_zscore_multi/demo_cusum_ewma_zscore_multi/lic_proj3.gen/sources_1/ip/fifo32xN_sample/fifo32xN_sample/fifo32xN_sample_in_context.xdc] for cell 'z_score_inst/std_dev_inst/sqrd_dev_inst/sum_buffering_instances[2].sum_buffering_inst_i/sum_inst/fifo_inst'
Parsing XDC File [e:/VivadoProjects/demo_cusum_ewma_zscore_multi/demo_cusum_ewma_zscore_multi/lic_proj3.gen/sources_1/ip/fifo32xN_sample/fifo32xN_sample/fifo32xN_sample_in_context.xdc] for cell 'z_score_inst/std_dev_inst/sqrd_dev_inst/sum_buffering_instances[3].sum_buffering_inst_i/sum_inst/fifo_inst'
Finished Parsing XDC File [e:/VivadoProjects/demo_cusum_ewma_zscore_multi/demo_cusum_ewma_zscore_multi/lic_proj3.gen/sources_1/ip/fifo32xN_sample/fifo32xN_sample/fifo32xN_sample_in_context.xdc] for cell 'z_score_inst/std_dev_inst/sqrd_dev_inst/sum_buffering_instances[3].sum_buffering_inst_i/sum_inst/fifo_inst'
Parsing XDC File [e:/VivadoProjects/demo_cusum_ewma_zscore_multi/demo_cusum_ewma_zscore_multi/lic_proj3.gen/sources_1/ip/fp_broadcaster/fp_broadcaster/fp_broadcaster_in_context.xdc] for cell 'ewma_inst/fp_broadcast_x_inst'
Finished Parsing XDC File [e:/VivadoProjects/demo_cusum_ewma_zscore_multi/demo_cusum_ewma_zscore_multi/lic_proj3.gen/sources_1/ip/fp_broadcaster/fp_broadcaster/fp_broadcaster_in_context.xdc] for cell 'ewma_inst/fp_broadcast_x_inst'
Parsing XDC File [e:/VivadoProjects/demo_cusum_ewma_zscore_multi/demo_cusum_ewma_zscore_multi/lic_proj3.gen/sources_1/ip/fp_broadcaster/fp_broadcaster/fp_broadcaster_in_context.xdc] for cell 'ewma_inst/fp_broadcast_St_1_inst'
Finished Parsing XDC File [e:/VivadoProjects/demo_cusum_ewma_zscore_multi/demo_cusum_ewma_zscore_multi/lic_proj3.gen/sources_1/ip/fp_broadcaster/fp_broadcaster/fp_broadcaster_in_context.xdc] for cell 'ewma_inst/fp_broadcast_St_1_inst'
Parsing XDC File [e:/VivadoProjects/demo_cusum_ewma_zscore_multi/demo_cusum_ewma_zscore_multi/ewma_single.gen/sources_1/ip/fp_broadcast_3/fp_broadcast_3/fp_broadcast_3_in_context.xdc] for cell 'ewma_inst/fp_broadcast_St_inst'
Finished Parsing XDC File [e:/VivadoProjects/demo_cusum_ewma_zscore_multi/demo_cusum_ewma_zscore_multi/ewma_single.gen/sources_1/ip/fp_broadcast_3/fp_broadcast_3/fp_broadcast_3_in_context.xdc] for cell 'ewma_inst/fp_broadcast_St_inst'
Parsing XDC File [e:/VivadoProjects/demo_cusum_ewma_zscore_multi/demo_cusum_ewma_zscore_multi/project_1.gen/sources_1/ip/fp_abs/fp_abs/fp_abs_in_context.xdc] for cell 'z_score_inst/clasif_inst/fp_abs_inst'
Finished Parsing XDC File [e:/VivadoProjects/demo_cusum_ewma_zscore_multi/demo_cusum_ewma_zscore_multi/project_1.gen/sources_1/ip/fp_abs/fp_abs/fp_abs_in_context.xdc] for cell 'z_score_inst/clasif_inst/fp_abs_inst'
Parsing XDC File [e:/VivadoProjects/demo_cusum_ewma_zscore_multi/demo_cusum_ewma_zscore_multi/project_1.gen/sources_1/ip/fp_abs/fp_abs/fp_abs_in_context.xdc] for cell 'ewma_inst/clasif_inst/fp_abs_inst_1'
Finished Parsing XDC File [e:/VivadoProjects/demo_cusum_ewma_zscore_multi/demo_cusum_ewma_zscore_multi/project_1.gen/sources_1/ip/fp_abs/fp_abs/fp_abs_in_context.xdc] for cell 'ewma_inst/clasif_inst/fp_abs_inst_1'
Parsing XDC File [e:/VivadoProjects/demo_cusum_ewma_zscore_multi/demo_cusum_ewma_zscore_multi/project_1.gen/sources_1/ip/fp_abs/fp_abs/fp_abs_in_context.xdc] for cell 'ewma_inst/clasif_inst/fp_abs_inst_2'
Finished Parsing XDC File [e:/VivadoProjects/demo_cusum_ewma_zscore_multi/demo_cusum_ewma_zscore_multi/project_1.gen/sources_1/ip/fp_abs/fp_abs/fp_abs_in_context.xdc] for cell 'ewma_inst/clasif_inst/fp_abs_inst_2'
Parsing XDC File [e:/VivadoProjects/demo_cusum_ewma_zscore_multi/demo_cusum_ewma_zscore_multi/lic_proj.gen/sources_1/ip/fp_div/fp_div/fp_div_in_context.xdc] for cell 'z_score_inst/mean_inst/div_inst'
Finished Parsing XDC File [e:/VivadoProjects/demo_cusum_ewma_zscore_multi/demo_cusum_ewma_zscore_multi/lic_proj.gen/sources_1/ip/fp_div/fp_div/fp_div_in_context.xdc] for cell 'z_score_inst/mean_inst/div_inst'
Parsing XDC File [e:/VivadoProjects/demo_cusum_ewma_zscore_multi/demo_cusum_ewma_zscore_multi/lic_proj.gen/sources_1/ip/fp_div/fp_div/fp_div_in_context.xdc] for cell 'z_score_inst/std_dev_inst/div_inst'
Finished Parsing XDC File [e:/VivadoProjects/demo_cusum_ewma_zscore_multi/demo_cusum_ewma_zscore_multi/lic_proj.gen/sources_1/ip/fp_div/fp_div/fp_div_in_context.xdc] for cell 'z_score_inst/std_dev_inst/div_inst'
Parsing XDC File [e:/VivadoProjects/demo_cusum_ewma_zscore_multi/demo_cusum_ewma_zscore_multi/lic_proj.gen/sources_1/ip/fp_div/fp_div/fp_div_in_context.xdc] for cell 'z_score_inst/div_inst/div_inst'
Finished Parsing XDC File [e:/VivadoProjects/demo_cusum_ewma_zscore_multi/demo_cusum_ewma_zscore_multi/lic_proj.gen/sources_1/ip/fp_div/fp_div/fp_div_in_context.xdc] for cell 'z_score_inst/div_inst/div_inst'
Parsing XDC File [e:/VivadoProjects/demo_cusum_ewma_zscore_multi/demo_cusum_ewma_zscore_multi/lic_proj.gen/sources_1/ip/fp_sub/fp_sub/fp_sub_in_context.xdc] for cell 'z_score_inst/std_dev_inst/sqrd_dev_inst/sub_inst'
Finished Parsing XDC File [e:/VivadoProjects/demo_cusum_ewma_zscore_multi/demo_cusum_ewma_zscore_multi/lic_proj.gen/sources_1/ip/fp_sub/fp_sub/fp_sub_in_context.xdc] for cell 'z_score_inst/std_dev_inst/sqrd_dev_inst/sub_inst'
Parsing XDC File [e:/VivadoProjects/demo_cusum_ewma_zscore_multi/demo_cusum_ewma_zscore_multi/lic_proj.gen/sources_1/ip/fp_sub/fp_sub/fp_sub_in_context.xdc] for cell 'ewma_inst/sub_x_St_1_inst'
Finished Parsing XDC File [e:/VivadoProjects/demo_cusum_ewma_zscore_multi/demo_cusum_ewma_zscore_multi/lic_proj.gen/sources_1/ip/fp_sub/fp_sub/fp_sub_in_context.xdc] for cell 'ewma_inst/sub_x_St_1_inst'
Parsing XDC File [e:/VivadoProjects/demo_cusum_ewma_zscore_multi/demo_cusum_ewma_zscore_multi/lic_proj.gen/sources_1/ip/fp_sub/fp_sub/fp_sub_in_context.xdc] for cell 'ewma_inst/sub_x_St_inst'
Finished Parsing XDC File [e:/VivadoProjects/demo_cusum_ewma_zscore_multi/demo_cusum_ewma_zscore_multi/lic_proj.gen/sources_1/ip/fp_sub/fp_sub/fp_sub_in_context.xdc] for cell 'ewma_inst/sub_x_St_inst'
Parsing XDC File [e:/VivadoProjects/demo_cusum_ewma_zscore_multi/demo_cusum_ewma_zscore_multi/int_cusum_multi_stream.gen/sources_1/ip/fifo16x64/fifo16x64/fifo16x64_in_context.xdc] for cell 'cusum_inst/cusum/bypass_current_sensor_fifo_buffer'
Finished Parsing XDC File [e:/VivadoProjects/demo_cusum_ewma_zscore_multi/demo_cusum_ewma_zscore_multi/int_cusum_multi_stream.gen/sources_1/ip/fifo16x64/fifo16x64/fifo16x64_in_context.xdc] for cell 'cusum_inst/cusum/bypass_current_sensor_fifo_buffer'
Parsing XDC File [e:/VivadoProjects/demo_cusum_ewma_zscore_multi/demo_cusum_ewma_zscore_multi/int_cusum_multi_stream.gen/sources_1/ip/fifo16x64/fifo16x64/fifo16x64_in_context.xdc] for cell 'cusum_inst/cusum/current_sensor_in_fifo_buffer'
Finished Parsing XDC File [e:/VivadoProjects/demo_cusum_ewma_zscore_multi/demo_cusum_ewma_zscore_multi/int_cusum_multi_stream.gen/sources_1/ip/fifo16x64/fifo16x64/fifo16x64_in_context.xdc] for cell 'cusum_inst/cusum/current_sensor_in_fifo_buffer'
Parsing XDC File [e:/VivadoProjects/demo_cusum_ewma_zscore_multi/demo_cusum_ewma_zscore_multi/int_cusum_multi_stream.gen/sources_1/ip/fifo16x64/fifo16x64/fifo16x64_in_context.xdc] for cell 'cusum_inst/cusum/previous_sensor_in_fifo_buffer'
Finished Parsing XDC File [e:/VivadoProjects/demo_cusum_ewma_zscore_multi/demo_cusum_ewma_zscore_multi/int_cusum_multi_stream.gen/sources_1/ip/fifo16x64/fifo16x64/fifo16x64_in_context.xdc] for cell 'cusum_inst/cusum/previous_sensor_in_fifo_buffer'
Parsing XDC File [e:/VivadoProjects/demo_cusum_ewma_zscore_multi/demo_cusum_ewma_zscore_multi/int_cusum_multi_stream.gen/sources_1/ip/fifo16x64/fifo16x64/fifo16x64_in_context.xdc] for cell 'cusum_inst/cusum/s_t_fifo_buffer'
Finished Parsing XDC File [e:/VivadoProjects/demo_cusum_ewma_zscore_multi/demo_cusum_ewma_zscore_multi/int_cusum_multi_stream.gen/sources_1/ip/fifo16x64/fifo16x64/fifo16x64_in_context.xdc] for cell 'cusum_inst/cusum/s_t_fifo_buffer'
Parsing XDC File [e:/VivadoProjects/demo_cusum_ewma_zscore_multi/demo_cusum_ewma_zscore_multi/int_cusum_multi_stream.gen/sources_1/ip/fifo16x64/fifo16x64/fifo16x64_in_context.xdc] for cell 'cusum_inst/cusum/gn_s_t_fifo_buffer'
Finished Parsing XDC File [e:/VivadoProjects/demo_cusum_ewma_zscore_multi/demo_cusum_ewma_zscore_multi/int_cusum_multi_stream.gen/sources_1/ip/fifo16x64/fifo16x64/fifo16x64_in_context.xdc] for cell 'cusum_inst/cusum/gn_s_t_fifo_buffer'
Parsing XDC File [e:/VivadoProjects/demo_cusum_ewma_zscore_multi/demo_cusum_ewma_zscore_multi/int_cusum_multi_stream.gen/sources_1/ip/fifo16x64/fifo16x64/fifo16x64_in_context.xdc] for cell 'cusum_inst/cusum/gp_s_t_fifo_buffer'
Finished Parsing XDC File [e:/VivadoProjects/demo_cusum_ewma_zscore_multi/demo_cusum_ewma_zscore_multi/int_cusum_multi_stream.gen/sources_1/ip/fifo16x64/fifo16x64/fifo16x64_in_context.xdc] for cell 'cusum_inst/cusum/gp_s_t_fifo_buffer'
Parsing XDC File [e:/VivadoProjects/demo_cusum_ewma_zscore_multi/demo_cusum_ewma_zscore_multi/int_cusum_multi_stream.gen/sources_1/ip/fifo16x64/fifo16x64/fifo16x64_in_context.xdc] for cell 'cusum_inst/cusum/gn_s_t_drift_fifo_buffer'
Finished Parsing XDC File [e:/VivadoProjects/demo_cusum_ewma_zscore_multi/demo_cusum_ewma_zscore_multi/int_cusum_multi_stream.gen/sources_1/ip/fifo16x64/fifo16x64/fifo16x64_in_context.xdc] for cell 'cusum_inst/cusum/gn_s_t_drift_fifo_buffer'
Parsing XDC File [e:/VivadoProjects/demo_cusum_ewma_zscore_multi/demo_cusum_ewma_zscore_multi/int_cusum_multi_stream.gen/sources_1/ip/fifo16x64/fifo16x64/fifo16x64_in_context.xdc] for cell 'cusum_inst/cusum/gp_s_t_drift_fifo_buffer'
Finished Parsing XDC File [e:/VivadoProjects/demo_cusum_ewma_zscore_multi/demo_cusum_ewma_zscore_multi/int_cusum_multi_stream.gen/sources_1/ip/fifo16x64/fifo16x64/fifo16x64_in_context.xdc] for cell 'cusum_inst/cusum/gp_s_t_drift_fifo_buffer'
Parsing XDC File [e:/VivadoProjects/demo_cusum_ewma_zscore_multi/demo_cusum_ewma_zscore_multi/int_cusum_multi_stream.gen/sources_1/ip/fifo16x64/fifo16x64/fifo16x64_in_context.xdc] for cell 'cusum_inst/cusum/max_gn_fifo_buffer'
Finished Parsing XDC File [e:/VivadoProjects/demo_cusum_ewma_zscore_multi/demo_cusum_ewma_zscore_multi/int_cusum_multi_stream.gen/sources_1/ip/fifo16x64/fifo16x64/fifo16x64_in_context.xdc] for cell 'cusum_inst/cusum/max_gn_fifo_buffer'
Parsing XDC File [e:/VivadoProjects/demo_cusum_ewma_zscore_multi/demo_cusum_ewma_zscore_multi/int_cusum_multi_stream.gen/sources_1/ip/fifo16x64/fifo16x64/fifo16x64_in_context.xdc] for cell 'cusum_inst/cusum/max_gp_fifo_buffer'
Finished Parsing XDC File [e:/VivadoProjects/demo_cusum_ewma_zscore_multi/demo_cusum_ewma_zscore_multi/int_cusum_multi_stream.gen/sources_1/ip/fifo16x64/fifo16x64/fifo16x64_in_context.xdc] for cell 'cusum_inst/cusum/max_gp_fifo_buffer'
Parsing XDC File [E:/VivadoProjects/demo_cusum_ewma_zscore_multi/demo_cusum_ewma_zscore_multi/demo_cusum_ewma_zscore_multi.srcs/constrs_1/new/constr_file.xdc]
WARNING: [Vivado 12-507] No nets matched 'btn_IBUF[0]'. [E:/VivadoProjects/demo_cusum_ewma_zscore_multi/demo_cusum_ewma_zscore_multi/demo_cusum_ewma_zscore_multi.srcs/constrs_1/new/constr_file.xdc:123]
WARNING: [Vivado 12-507] No nets matched 'btn_IBUF[1]'. [E:/VivadoProjects/demo_cusum_ewma_zscore_multi/demo_cusum_ewma_zscore_multi/demo_cusum_ewma_zscore_multi.srcs/constrs_1/new/constr_file.xdc:126]
Finished Parsing XDC File [E:/VivadoProjects/demo_cusum_ewma_zscore_multi/demo_cusum_ewma_zscore_multi/demo_cusum_ewma_zscore_multi.srcs/constrs_1/new/constr_file.xdc]
WARNING: [Project 1-498] One or more constraints failed evaluation while reading constraint file [E:/VivadoProjects/demo_cusum_ewma_zscore_multi/demo_cusum_ewma_zscore_multi/demo_cusum_ewma_zscore_multi.srcs/constrs_1/new/constr_file.xdc] and the design contains unresolved black boxes. These constraints will be read post-synthesis (as long as their source constraint file is marked as used_in_implementation) and should be applied correctly then. You should review the constraints listed in the file [.Xil/top_level_proj_propImpl.xdc] and check the run log file to verify that these constraints were correctly applied.
INFO: [Project 1-236] Implementation specific constraints were found while reading constraint file [E:/VivadoProjects/demo_cusum_ewma_zscore_multi/demo_cusum_ewma_zscore_multi/demo_cusum_ewma_zscore_multi.srcs/constrs_1/new/constr_file.xdc]. These constraints will be ignored for synthesis but will be used in implementation. Impacted constraints are listed in the file [.Xil/top_level_proj_propImpl.xdc].
Resolution: To avoid this warning, move constraints listed in [.Xil/top_level_proj_propImpl.xdc] to another XDC file and exclude this new file from synthesis with the used_in_synthesis property (File Properties dialog in GUI) and re-run elaboration/synthesis.
Completed Processing XDC Constraints

Netlist sorting complete. Time (s): cpu = 00:00:00 ; elapsed = 00:00:00.003 . Memory (MB): peak = 1412.527 ; gain = 0.000
INFO: [Project 1-111] Unisim Transformation Summary:
No Unisim elements were transformed.

Constraint Validation Runtime : Time (s): cpu = 00:00:00 ; elapsed = 00:00:00.025 . Memory (MB): peak = 1412.527 ; gain = 0.000
WARNING: [Timing 38-316] Clock period '100.000' specified during out-of-context synthesis of instance 'ewma_inst/add_St_inst' at clock pin 'aclk' is different from the actual clock period '10.000', this can lead to different synthesis results.
WARNING: [Timing 38-316] Clock period '100.000' specified during out-of-context synthesis of instance 'ewma_inst/mul_p_St_inst' at clock pin 'aclk' is different from the actual clock period '10.000', this can lead to different synthesis results.
WARNING: [Timing 38-316] Clock period '100.000' specified during out-of-context synthesis of instance 'ewma_inst/mul_x_St_1_alpha_inst' at clock pin 'aclk' is different from the actual clock period '10.000', this can lead to different synthesis results.
WARNING: [Timing 38-316] Clock period '100.000' specified during out-of-context synthesis of instance 'ewma_inst/sub_x_St_1_inst' at clock pin 'aclk' is different from the actual clock period '10.000', this can lead to different synthesis results.
WARNING: [Timing 38-316] Clock period '100.000' specified during out-of-context synthesis of instance 'ewma_inst/sub_x_St_inst' at clock pin 'aclk' is different from the actual clock period '10.000', this can lead to different synthesis results.
WARNING: [Timing 38-316] Clock period '100.000' specified during out-of-context synthesis of instance 'ewma_inst/clasif_inst/fp_comp_inst' at clock pin 'aclk' is different from the actual clock period '10.000', this can lead to different synthesis results.
WARNING: [Timing 38-316] Clock period '100.000' specified during out-of-context synthesis of instance 'z_score_inst/clasif_inst/fp_comp_inst' at clock pin 'aclk' is different from the actual clock period '10.000', this can lead to different synthesis results.
WARNING: [Timing 38-316] Clock period '100.000' specified during out-of-context synthesis of instance 'z_score_inst/div_inst/div_inst' at clock pin 'aclk' is different from the actual clock period '10.000', this can lead to different synthesis results.
WARNING: [Timing 38-316] Clock period '100.000' specified during out-of-context synthesis of instance 'z_score_inst/mean_inst/div_inst' at clock pin 'aclk' is different from the actual clock period '10.000', this can lead to different synthesis results.
WARNING: [Timing 38-316] Clock period '100.000' specified during out-of-context synthesis of instance 'z_score_inst/mean_inst/sum_buffering_instances[0].sum_buffering_inst_i/sum_inst/acc_inst' at clock pin 'aclk' is different from the actual clock period '10.000', this can lead to different synthesis results.
WARNING: [Timing 38-316] Clock period '100.000' specified during out-of-context synthesis of instance 'z_score_inst/mean_inst/sum_buffering_instances[1].sum_buffering_inst_i/sum_inst/acc_inst' at clock pin 'aclk' is different from the actual clock period '10.000', this can lead to different synthesis results.
WARNING: [Timing 38-316] Clock period '100.000' specified during out-of-context synthesis of instance 'z_score_inst/mean_inst/sum_buffering_instances[2].sum_buffering_inst_i/sum_inst/acc_inst' at clock pin 'aclk' is different from the actual clock period '10.000', this can lead to different synthesis results.
WARNING: [Timing 38-316] Clock period '100.000' specified during out-of-context synthesis of instance 'z_score_inst/mean_inst/sum_buffering_instances[3].sum_buffering_inst_i/sum_inst/acc_inst' at clock pin 'aclk' is different from the actual clock period '10.000', this can lead to different synthesis results.
WARNING: [Timing 38-316] Clock period '100.000' specified during out-of-context synthesis of instance 'z_score_inst/std_dev_inst/div_inst' at clock pin 'aclk' is different from the actual clock period '10.000', this can lead to different synthesis results.
WARNING: [Timing 38-316] Clock period '100.000' specified during out-of-context synthesis of instance 'z_score_inst/std_dev_inst/sqrt_inst' at clock pin 'aclk' is different from the actual clock period '10.000', this can lead to different synthesis results.
WARNING: [Timing 38-316] Clock period '100.000' specified during out-of-context synthesis of instance 'z_score_inst/std_dev_inst/sqrd_dev_inst/mul_inst' at clock pin 'aclk' is different from the actual clock period '10.000', this can lead to different synthesis results.
WARNING: [Timing 38-316] Clock period '100.000' specified during out-of-context synthesis of instance 'z_score_inst/std_dev_inst/sqrd_dev_inst/sub_inst' at clock pin 'aclk' is different from the actual clock period '10.000', this can lead to different synthesis results.
WARNING: [Timing 38-316] Clock period '100.000' specified during out-of-context synthesis of instance 'z_score_inst/std_dev_inst/sqrd_dev_inst/sum_buffering_instances[0].sum_buffering_inst_i/sum_inst/acc_inst' at clock pin 'aclk' is different from the actual clock period '10.000', this can lead to different synthesis results.
WARNING: [Timing 38-316] Clock period '100.000' specified during out-of-context synthesis of instance 'z_score_inst/std_dev_inst/sqrd_dev_inst/sum_buffering_instances[1].sum_buffering_inst_i/sum_inst/acc_inst' at clock pin 'aclk' is different from the actual clock period '10.000', this can lead to different synthesis results.
WARNING: [Timing 38-316] Clock period '100.000' specified during out-of-context synthesis of instance 'z_score_inst/std_dev_inst/sqrd_dev_inst/sum_buffering_instances[2].sum_buffering_inst_i/sum_inst/acc_inst' at clock pin 'aclk' is different from the actual clock period '10.000', this can lead to different synthesis results.
WARNING: [Timing 38-316] Clock period '100.000' specified during out-of-context synthesis of instance 'z_score_inst/std_dev_inst/sqrd_dev_inst/sum_buffering_instances[3].sum_buffering_inst_i/sum_inst/acc_inst' at clock pin 'aclk' is different from the actual clock period '10.000', this can lead to different synthesis results.
INFO: [Designutils 20-5440] No compile time benefit to using incremental synthesis; A full resynthesis will be run
INFO: [Designutils 20-4379] Flow is switching to default flow due to incremental criteria not met. If you would like to alter this behaviour and have the flow terminate instead, please set the following parameter config_implementation {autoIncr.Synth.RejectBehavior Terminate}
INFO: [Synth 8-11241] undeclared symbol 'REGCCE', assumed default net type 'wire' [E:/Vivado/Vivado/2022.2/data/verilog/src/unimacro/BRAM_SINGLE_MACRO.v:2170]
---------------------------------------------------------------------------------
Finished Constraint Validation : Time (s): cpu = 00:00:14 ; elapsed = 00:00:14 . Memory (MB): peak = 1424.281 ; gain = 597.355
---------------------------------------------------------------------------------
---------------------------------------------------------------------------------
Start Loading Part and Timing Information
---------------------------------------------------------------------------------
Loading part: xc7a100tcsg324-1
---------------------------------------------------------------------------------
Finished Loading Part and Timing Information : Time (s): cpu = 00:00:14 ; elapsed = 00:00:14 . Memory (MB): peak = 1424.281 ; gain = 597.355
---------------------------------------------------------------------------------
---------------------------------------------------------------------------------
Start Applying 'set_property' XDC Constraints
---------------------------------------------------------------------------------
Applied set_property KEEP_HIERARCHY = SOFT for z_score_inst/std_dev_inst/sqrt_inst. (constraint file  auto generated constraint).
Applied set_property KEEP_HIERARCHY = SOFT for z_score_inst/std_dev_inst/sqrd_dev_inst/mul_inst. (constraint file  auto generated constraint).
Applied set_property KEEP_HIERARCHY = SOFT for ewma_inst/mul_p_St_inst. (constraint file  auto generated constraint).
Applied set_property KEEP_HIERARCHY = SOFT for ewma_inst/mul_x_St_1_alpha_inst. (constraint file  auto generated constraint).
Applied set_property KEEP_HIERARCHY = SOFT for ewma_inst/add_St_inst. (constraint file  auto generated constraint).
Applied set_property KEEP_HIERARCHY = SOFT for z_score_inst/mean_inst/\sum_buffering_instances[0].sum_buffering_inst_i /fifo_buffer_inst. (constraint file  auto generated constraint).
Applied set_property KEEP_HIERARCHY = SOFT for z_score_inst/mean_inst/\sum_buffering_instances[1].sum_buffering_inst_i /fifo_buffer_inst. (constraint file  auto generated constraint).
Applied set_property KEEP_HIERARCHY = SOFT for z_score_inst/mean_inst/\sum_buffering_instances[2].sum_buffering_inst_i /fifo_buffer_inst. (constraint file  auto generated constraint).
Applied set_property KEEP_HIERARCHY = SOFT for z_score_inst/mean_inst/\sum_buffering_instances[3].sum_buffering_inst_i /fifo_buffer_inst. (constraint file  auto generated constraint).
Applied set_property KEEP_HIERARCHY = SOFT for ewma_inst/\fifo_input_instances[0].fifo_input_inst_i . (constraint file  auto generated constraint).
Applied set_property KEEP_HIERARCHY = SOFT for ewma_inst/\fifo_input_instances[1].fifo_input_inst_i . (constraint file  auto generated constraint).
Applied set_property KEEP_HIERARCHY = SOFT for ewma_inst/\fifo_input_instances[2].fifo_input_inst_i . (constraint file  auto generated constraint).
Applied set_property KEEP_HIERARCHY = SOFT for ewma_inst/\fifo_input_instances[3].fifo_input_inst_i . (constraint file  auto generated constraint).
Applied set_property KEEP_HIERARCHY = SOFT for z_score_inst/std_dev_inst/sqrd_dev_inst/\fifo_instances_x[0].fifo_x_inst_i . (constraint file  auto generated constraint).
Applied set_property KEEP_HIERARCHY = SOFT for z_score_inst/std_dev_inst/sqrd_dev_inst/\fifo_instances_x[1].fifo_x_inst_i . (constraint file  auto generated constraint).
Applied set_property KEEP_HIERARCHY = SOFT for z_score_inst/std_dev_inst/sqrd_dev_inst/\fifo_instances_x[2].fifo_x_inst_i . (constraint file  auto generated constraint).
Applied set_property KEEP_HIERARCHY = SOFT for z_score_inst/std_dev_inst/sqrd_dev_inst/\fifo_instances_x[3].fifo_x_inst_i . (constraint file  auto generated constraint).
Applied set_property KEEP_HIERARCHY = SOFT for ewma_inst/fifo_St_1_inst. (constraint file  auto generated constraint).
Applied set_property KEEP_HIERARCHY = SOFT for z_score_inst/std_dev_inst/sqrd_dev_inst/\sum_buffering_instances[0].sum_buffering_inst_i /fifo_buffer_inst. (constraint file  auto generated constraint).
Applied set_property KEEP_HIERARCHY = SOFT for z_score_inst/std_dev_inst/sqrd_dev_inst/\sum_buffering_instances[1].sum_buffering_inst_i /fifo_buffer_inst. (constraint file  auto generated constraint).
Applied set_property KEEP_HIERARCHY = SOFT for z_score_inst/std_dev_inst/sqrd_dev_inst/\sum_buffering_instances[2].sum_buffering_inst_i /fifo_buffer_inst. (constraint file  auto generated constraint).
Applied set_property KEEP_HIERARCHY = SOFT for z_score_inst/std_dev_inst/sqrd_dev_inst/\sum_buffering_instances[3].sum_buffering_inst_i /fifo_buffer_inst. (constraint file  auto generated constraint).
Applied set_property KEEP_HIERARCHY = SOFT for z_score_inst/div_inst/fifo_inst_1. (constraint file  auto generated constraint).
Applied set_property KEEP_HIERARCHY = SOFT for z_score_inst/div_inst/fifo_inst_2. (constraint file  auto generated constraint).
Applied set_property KEEP_HIERARCHY = SOFT for z_score_inst/mean_inst/\fifo_instances[0].fifo_inst_i . (constraint file  auto generated constraint).
Applied set_property KEEP_HIERARCHY = SOFT for z_score_inst/mean_inst/\fifo_instances[1].fifo_inst_i . (constraint file  auto generated constraint).
Applied set_property KEEP_HIERARCHY = SOFT for z_score_inst/mean_inst/\fifo_instances[2].fifo_inst_i . (constraint file  auto generated constraint).
Applied set_property KEEP_HIERARCHY = SOFT for z_score_inst/mean_inst/\fifo_instances[3].fifo_inst_i . (constraint file  auto generated constraint).
Applied set_property KEEP_HIERARCHY = SOFT for z_score_inst/std_dev_inst/sqrd_dev_inst/\fifo_instances_sum[0].fifo_sum_inst_i . (constraint file  auto generated constraint).
Applied set_property KEEP_HIERARCHY = SOFT for z_score_inst/std_dev_inst/sqrd_dev_inst/\fifo_instances_sum[1].fifo_sum_inst_i . (constraint file  auto generated constraint).
Applied set_property KEEP_HIERARCHY = SOFT for z_score_inst/std_dev_inst/sqrd_dev_inst/\fifo_instances_sum[2].fifo_sum_inst_i . (constraint file  auto generated constraint).
Applied set_property KEEP_HIERARCHY = SOFT for z_score_inst/std_dev_inst/sqrd_dev_inst/\fifo_instances_sum[3].fifo_sum_inst_i . (constraint file  auto generated constraint).
Applied set_property KEEP_HIERARCHY = SOFT for z_score_inst/std_dev_inst/sqrd_dev_inst/\fifo_mean_instances[0].fifo_mean_inst_i . (constraint file  auto generated constraint).
Applied set_property KEEP_HIERARCHY = SOFT for z_score_inst/std_dev_inst/sqrd_dev_inst/\fifo_mean_instances[1].fifo_mean_inst_i . (constraint file  auto generated constraint).
Applied set_property KEEP_HIERARCHY = SOFT for z_score_inst/std_dev_inst/sqrd_dev_inst/\fifo_mean_instances[2].fifo_mean_inst_i . (constraint file  auto generated constraint).
Applied set_property KEEP_HIERARCHY = SOFT for z_score_inst/std_dev_inst/sqrd_dev_inst/\fifo_mean_instances[3].fifo_mean_inst_i . (constraint file  auto generated constraint).
Applied set_property KEEP_HIERARCHY = SOFT for ewma_inst/\fifo_feedback_instances[0].fifo_feedback_inst_i /fifo_x_inst. (constraint file  auto generated constraint).
Applied set_property KEEP_HIERARCHY = SOFT for ewma_inst/\fifo_feedback_instances[1].fifo_feedback_inst_i /fifo_x_inst. (constraint file  auto generated constraint).
Applied set_property KEEP_HIERARCHY = SOFT for ewma_inst/\fifo_feedback_instances[2].fifo_feedback_inst_i /fifo_x_inst. (constraint file  auto generated constraint).
Applied set_property KEEP_HIERARCHY = SOFT for ewma_inst/\fifo_feedback_instances[3].fifo_feedback_inst_i /fifo_x_inst. (constraint file  auto generated constraint).
Applied set_property KEEP_HIERARCHY = SOFT for ewma_inst/fifo_x_inst. (constraint file  auto generated constraint).
Applied set_property KEEP_HIERARCHY = SOFT for z_score_inst/clasif_inst/fp_comp_inst. (constraint file  auto generated constraint).
Applied set_property KEEP_HIERARCHY = SOFT for ewma_inst/clasif_inst/fp_comp_inst. (constraint file  auto generated constraint).
Applied set_property KEEP_HIERARCHY = SOFT for z_score_inst/mean_inst/\sum_buffering_instances[0].sum_buffering_inst_i /sum_inst/acc_inst. (constraint file  auto generated constraint).
Applied set_property KEEP_HIERARCHY = SOFT for z_score_inst/mean_inst/\sum_buffering_instances[1].sum_buffering_inst_i /sum_inst/acc_inst. (constraint file  auto generated constraint).
Applied set_property KEEP_HIERARCHY = SOFT for z_score_inst/mean_inst/\sum_buffering_instances[2].sum_buffering_inst_i /sum_inst/acc_inst. (constraint file  auto generated constraint).
Applied set_property KEEP_HIERARCHY = SOFT for z_score_inst/mean_inst/\sum_buffering_instances[3].sum_buffering_inst_i /sum_inst/acc_inst. (constraint file  auto generated constraint).
Applied set_property KEEP_HIERARCHY = SOFT for z_score_inst/std_dev_inst/sqrd_dev_inst/\sum_buffering_instances[0].sum_buffering_inst_i /sum_inst/acc_inst. (constraint file  auto generated constraint).
Applied set_property KEEP_HIERARCHY = SOFT for z_score_inst/std_dev_inst/sqrd_dev_inst/\sum_buffering_instances[1].sum_buffering_inst_i /sum_inst/acc_inst. (constraint file  auto generated constraint).
Applied set_property KEEP_HIERARCHY = SOFT for z_score_inst/std_dev_inst/sqrd_dev_inst/\sum_buffering_instances[2].sum_buffering_inst_i /sum_inst/acc_inst. (constraint file  auto generated constraint).
Applied set_property KEEP_HIERARCHY = SOFT for z_score_inst/std_dev_inst/sqrd_dev_inst/\sum_buffering_instances[3].sum_buffering_inst_i /sum_inst/acc_inst. (constraint file  auto generated constraint).
Applied set_property KEEP_HIERARCHY = SOFT for z_score_inst/mean_inst/\sum_buffering_instances[0].sum_buffering_inst_i /sum_inst/fifo_inst. (constraint file  auto generated constraint).
Applied set_property KEEP_HIERARCHY = SOFT for z_score_inst/mean_inst/\sum_buffering_instances[1].sum_buffering_inst_i /sum_inst/fifo_inst. (constraint file  auto generated constraint).
Applied set_property KEEP_HIERARCHY = SOFT for z_score_inst/mean_inst/\sum_buffering_instances[2].sum_buffering_inst_i /sum_inst/fifo_inst. (constraint file  auto generated constraint).
Applied set_property KEEP_HIERARCHY = SOFT for z_score_inst/mean_inst/\sum_buffering_instances[3].sum_buffering_inst_i /sum_inst/fifo_inst. (constraint file  auto generated constraint).
Applied set_property KEEP_HIERARCHY = SOFT for z_score_inst/std_dev_inst/sqrd_dev_inst/\sum_buffering_instances[0].sum_buffering_inst_i /sum_inst/fifo_inst. (constraint file  auto generated constraint).
Applied set_property KEEP_HIERARCHY = SOFT for z_score_inst/std_dev_inst/sqrd_dev_inst/\sum_buffering_instances[1].sum_buffering_inst_i /sum_inst/fifo_inst. (constraint file  auto generated constraint).
Applied set_property KEEP_HIERARCHY = SOFT for z_score_inst/std_dev_inst/sqrd_dev_inst/\sum_buffering_instances[2].sum_buffering_inst_i /sum_inst/fifo_inst. (constraint file  auto generated constraint).
Applied set_property KEEP_HIERARCHY = SOFT for z_score_inst/std_dev_inst/sqrd_dev_inst/\sum_buffering_instances[3].sum_buffering_inst_i /sum_inst/fifo_inst. (constraint file  auto generated constraint).
Applied set_property KEEP_HIERARCHY = SOFT for ewma_inst/fp_broadcast_St_1_inst. (constraint file  auto generated constraint).
Applied set_property KEEP_HIERARCHY = SOFT for ewma_inst/fp_broadcast_x_inst. (constraint file  auto generated constraint).
Applied set_property KEEP_HIERARCHY = SOFT for ewma_inst/fp_broadcast_St_inst. (constraint file  auto generated constraint).
Applied set_property KEEP_HIERARCHY = SOFT for z_score_inst/clasif_inst/fp_abs_inst. (constraint file  auto generated constraint).
Applied set_property KEEP_HIERARCHY = SOFT for ewma_inst/clasif_inst/fp_abs_inst_1. (constraint file  auto generated constraint).
Applied set_property KEEP_HIERARCHY = SOFT for ewma_inst/clasif_inst/fp_abs_inst_2. (constraint file  auto generated constraint).
Applied set_property KEEP_HIERARCHY = SOFT for z_score_inst/mean_inst/div_inst. (constraint file  auto generated constraint).
Applied set_property KEEP_HIERARCHY = SOFT for z_score_inst/std_dev_inst/div_inst. (constraint file  auto generated constraint).
Applied set_property KEEP_HIERARCHY = SOFT for z_score_inst/div_inst/div_inst. (constraint file  auto generated constraint).
Applied set_property KEEP_HIERARCHY = SOFT for z_score_inst/std_dev_inst/sqrd_dev_inst/sub_inst. (constraint file  auto generated constraint).
Applied set_property KEEP_HIERARCHY = SOFT for ewma_inst/sub_x_St_1_inst. (constraint file  auto generated constraint).
Applied set_property KEEP_HIERARCHY = SOFT for ewma_inst/sub_x_St_inst. (constraint file  auto generated constraint).
Applied set_property KEEP_HIERARCHY = SOFT for cusum_inst/cusum/bypass_current_sensor_fifo_buffer. (constraint file  auto generated constraint).
Applied set_property KEEP_HIERARCHY = SOFT for cusum_inst/cusum/current_sensor_in_fifo_buffer. (constraint file  auto generated constraint).
Applied set_property KEEP_HIERARCHY = SOFT for cusum_inst/cusum/gn_s_t_drift_fifo_buffer. (constraint file  auto generated constraint).
Applied set_property KEEP_HIERARCHY = SOFT for cusum_inst/cusum/gn_s_t_fifo_buffer. (constraint file  auto generated constraint).
Applied set_property KEEP_HIERARCHY = SOFT for cusum_inst/cusum/gp_s_t_drift_fifo_buffer. (constraint file  auto generated constraint).
Applied set_property KEEP_HIERARCHY = SOFT for cusum_inst/cusum/gp_s_t_fifo_buffer. (constraint file  auto generated constraint).
Applied set_property KEEP_HIERARCHY = SOFT for cusum_inst/cusum/max_gn_fifo_buffer. (constraint file  auto generated constraint).
Applied set_property KEEP_HIERARCHY = SOFT for cusum_inst/cusum/max_gp_fifo_buffer. (constraint file  auto generated constraint).
Applied set_property KEEP_HIERARCHY = SOFT for cusum_inst/cusum/previous_sensor_in_fifo_buffer. (constraint file  auto generated constraint).
Applied set_property KEEP_HIERARCHY = SOFT for cusum_inst/cusum/s_t_fifo_buffer. (constraint file  auto generated constraint).
---------------------------------------------------------------------------------
Finished applying 'set_property' XDC Constraints : Time (s): cpu = 00:00:14 ; elapsed = 00:00:15 . Memory (MB): peak = 1424.281 ; gain = 597.355
---------------------------------------------------------------------------------
INFO: [Synth 8-802] inferred FSM for state register 'r_SM_Main_reg' in module 'uart_tx'
WARNING: [Synth 8-3936] Found unconnected internal register 'full_input_reg' and it is trimmed from '64' to '56' bits. [E:/VivadoProjects/demo_cusum_ewma_zscore_multi/demo_cusum_ewma_zscore_multi/demo_cusum_ewma_zscore_multi.srcs/sources_1/new/top_level_project.vhd:369]
WARNING: [Synth 8-3936] Found unconnected internal register 'received_data_accumulator_reg' and it is trimmed from '64' to '56' bits. [E:/VivadoProjects/demo_cusum_ewma_zscore_multi/demo_cusum_ewma_zscore_multi/demo_cusum_ewma_zscore_multi.srcs/sources_1/new/top_level_project.vhd:365]
INFO: [Synth 8-802] inferred FSM for state register 'uart_state_reg' in module 'top_level_proj'
---------------------------------------------------------------------------------------------------
                   State |                     New Encoding |                Previous Encoding 
---------------------------------------------------------------------------------------------------
                  s_idle |                              000 |                              000
          s_tx_start_bit |                              001 |                              001
          s_tx_data_bits |                              010 |                              010
           s_tx_stop_bit |                              011 |                              011
               s_cleanup |                              100 |                              100
---------------------------------------------------------------------------------------------------
INFO: [Synth 8-3354] encoded FSM with state register 'r_SM_Main_reg' using encoding 'sequential' in module 'uart_tx'
---------------------------------------------------------------------------------------------------
                   State |                     New Encoding |                Previous Encoding 
---------------------------------------------------------------------------------------------------
                     idl |                              000 |                              000
                    selb |                              001 |                              101
                     sb2 |                              010 |                              001
                     sb3 |                              011 |                              010
                     sb4 |                              100 |                              011
                     sb5 |                              101 |                              100
---------------------------------------------------------------------------------------------------
INFO: [Synth 8-3354] encoded FSM with state register 'uart_state_reg' using encoding 'sequential' in module 'top_level_proj'
---------------------------------------------------------------------------------
Finished RTL Optimization Phase 2 : Time (s): cpu = 00:00:15 ; elapsed = 00:00:16 . Memory (MB): peak = 1424.281 ; gain = 597.355
---------------------------------------------------------------------------------
---------------------------------------------------------------------------------
Start RTL Component Statistics 
---------------------------------------------------------------------------------
Detailed RTL Component Info : 
+---Adders : 
	   3 Input   32 Bit       Adders := 5     
	   2 Input   32 Bit       Adders := 5     
	   2 Input   10 Bit       Adders := 2     
	   2 Input    8 Bit       Adders := 1     
	   2 Input    7 Bit       Adders := 9     
	   2 Input    6 Bit       Adders := 12    
	   2 Input    4 Bit       Adders := 2     
	   2 Input    3 Bit       Adders := 4     
	   2 Input    2 Bit       Adders := 4     
+---Registers : 
	               64 Bit    Registers := 19    
	               56 Bit    Registers := 2     
	               40 Bit    Registers := 1     
	               32 Bit    Registers := 28    
	               16 Bit    Registers := 1     
	               10 Bit    Registers := 2     
	                8 Bit    Registers := 6     
	                7 Bit    Registers := 12    
	                6 Bit    Registers := 6     
	                4 Bit    Registers := 13    
	                3 Bit    Registers := 5     
	                2 Bit    Registers := 1     
	                1 Bit    Registers := 143   
+---RAMs : 
	              128 Bit	(64 X 2 bit)          RAMs := 6     
	               32 Bit	(16 X 2 bit)          RAMs := 1     
+---Muxes : 
	   2 Input   64 Bit        Muxes := 12    
	   4 Input   64 Bit        Muxes := 2     
	   2 Input   40 Bit        Muxes := 2     
	   2 Input   32 Bit        Muxes := 31    
	   4 Input   32 Bit        Muxes := 7     
	   2 Input   16 Bit        Muxes := 3     
	   2 Input   10 Bit        Muxes := 2     
	   6 Input   10 Bit        Muxes := 1     
	   8 Input    8 Bit        Muxes := 1     
	   6 Input    8 Bit        Muxes := 2     
	   2 Input    8 Bit        Muxes := 3     
	   4 Input    8 Bit        Muxes := 1     
	   4 Input    7 Bit        Muxes := 1     
	   2 Input    6 Bit        Muxes := 12    
	   2 Input    4 Bit        Muxes := 15    
	   2 Input    3 Bit        Muxes := 9     
	   5 Input    3 Bit        Muxes := 2     
	   6 Input    3 Bit        Muxes := 2     
	   2 Input    2 Bit        Muxes := 1     
	   3 Input    2 Bit        Muxes := 1     
	   5 Input    1 Bit        Muxes := 10    
	   2 Input    1 Bit        Muxes := 225   
	   6 Input    1 Bit        Muxes := 7     
	   4 Input    1 Bit        Muxes := 1     
---------------------------------------------------------------------------------
Finished RTL Component Statistics 
---------------------------------------------------------------------------------
---------------------------------------------------------------------------------
Start Part Resource Summary
---------------------------------------------------------------------------------
Part Resources:
DSPs: 240 (col length:80)
BRAMs: 270 (col length: RAMB18 80 RAMB36 40)
---------------------------------------------------------------------------------
Finished Part Resource Summary
---------------------------------------------------------------------------------
---------------------------------------------------------------------------------
Start Cross Boundary and Area Optimization
---------------------------------------------------------------------------------
WARNING: [Synth 8-7080] Parallel synthesis criteria is not met
WARNING: [Synth 8-6014] Unused sequential element std_dev_inst/std_id_fifo_reg was removed. 
WARNING: [Synth 8-3936] Found unconnected internal register 'received_data_accumulator_reg' and it is trimmed from '56' to '48' bits. [E:/VivadoProjects/demo_cusum_ewma_zscore_multi/demo_cusum_ewma_zscore_multi/demo_cusum_ewma_zscore_multi.srcs/sources_1/new/top_level_project.vhd:365]
WARNING: [Synth 8-7129] Port s_axis_b_tdata[31] in module multi_stream_int_adder_subtractor is either unconnected or has no load
WARNING: [Synth 8-7129] Port s_axis_b_tdata[30] in module multi_stream_int_adder_subtractor is either unconnected or has no load
WARNING: [Synth 8-7129] Port s_axis_b_tdata[29] in module multi_stream_int_adder_subtractor is either unconnected or has no load
WARNING: [Synth 8-7129] Port s_axis_b_tdata[28] in module multi_stream_int_adder_subtractor is either unconnected or has no load
WARNING: [Synth 8-7129] Port s_axis_b_tdata[27] in module multi_stream_int_adder_subtractor is either unconnected or has no load
WARNING: [Synth 8-7129] Port s_axis_b_tdata[26] in module multi_stream_int_adder_subtractor is either unconnected or has no load
WARNING: [Synth 8-7129] Port s_axis_b_tdata[25] in module multi_stream_int_adder_subtractor is either unconnected or has no load
WARNING: [Synth 8-7129] Port s_axis_b_tdata[24] in module multi_stream_int_adder_subtractor is either unconnected or has no load
WARNING: [Synth 8-7129] Port s_axis_b_tdata[23] in module multi_stream_int_adder_subtractor is either unconnected or has no load
WARNING: [Synth 8-7129] Port s_axis_b_tdata[22] in module multi_stream_int_adder_subtractor is either unconnected or has no load
WARNING: [Synth 8-7129] Port s_axis_b_tdata[21] in module multi_stream_int_adder_subtractor is either unconnected or has no load
WARNING: [Synth 8-7129] Port s_axis_b_tdata[20] in module multi_stream_int_adder_subtractor is either unconnected or has no load
WARNING: [Synth 8-7129] Port s_axis_b_tdata[19] in module multi_stream_int_adder_subtractor is either unconnected or has no load
WARNING: [Synth 8-7129] Port s_axis_b_tdata[18] in module multi_stream_int_adder_subtractor is either unconnected or has no load
WARNING: [Synth 8-7129] Port s_axis_b_tdata[17] in module multi_stream_int_adder_subtractor is either unconnected or has no load
WARNING: [Synth 8-7129] Port s_axis_b_tdata[16] in module multi_stream_int_adder_subtractor is either unconnected or has no load
WARNING: [Synth 8-7129] Port s_axis_b_tdata[15] in module multi_stream_int_adder_subtractor is either unconnected or has no load
WARNING: [Synth 8-7129] Port s_axis_b_tdata[14] in module multi_stream_int_adder_subtractor is either unconnected or has no load
WARNING: [Synth 8-7129] Port s_axis_b_tdata[13] in module multi_stream_int_adder_subtractor is either unconnected or has no load
WARNING: [Synth 8-7129] Port s_axis_b_tdata[12] in module multi_stream_int_adder_subtractor is either unconnected or has no load
WARNING: [Synth 8-7129] Port s_axis_b_tdata[11] in module multi_stream_int_adder_subtractor is either unconnected or has no load
WARNING: [Synth 8-7129] Port s_axis_b_tdata[10] in module multi_stream_int_adder_subtractor is either unconnected or has no load
WARNING: [Synth 8-7129] Port s_axis_b_tdata[9] in module multi_stream_int_adder_subtractor is either unconnected or has no load
WARNING: [Synth 8-7129] Port s_axis_b_tdata[8] in module multi_stream_int_adder_subtractor is either unconnected or has no load
WARNING: [Synth 8-7129] Port s_axis_b_tdata[7] in module multi_stream_int_adder_subtractor is either unconnected or has no load
WARNING: [Synth 8-7129] Port s_axis_b_tdata[6] in module multi_stream_int_adder_subtractor is either unconnected or has no load
WARNING: [Synth 8-7129] Port s_axis_b_tdata[5] in module multi_stream_int_adder_subtractor is either unconnected or has no load
WARNING: [Synth 8-7129] Port s_axis_b_tdata[4] in module multi_stream_int_adder_subtractor is either unconnected or has no load
WARNING: [Synth 8-7129] Port s_axis_b_tdata[3] in module multi_stream_int_adder_subtractor is either unconnected or has no load
WARNING: [Synth 8-7129] Port s_axis_b_tdata[2] in module multi_stream_int_adder_subtractor is either unconnected or has no load
WARNING: [Synth 8-7129] Port s_axis_b_tdata[1] in module multi_stream_int_adder_subtractor is either unconnected or has no load
INFO: [Common 17-14] Message 'Synth 8-7129' appears 100 times and further instances of the messages will be disabled. Use the Tcl command set_msg_config to change the current settings.
---------------------------------------------------------------------------------
Finished Cross Boundary and Area Optimization : Time (s): cpu = 00:00:24 ; elapsed = 00:00:26 . Memory (MB): peak = 1424.281 ; gain = 597.355
---------------------------------------------------------------------------------
---------------------------------------------------------------------------------
Start ROM, RAM, DSP, Shift Register and Retiming Reporting
---------------------------------------------------------------------------------

Distributed RAM: Preliminary Mapping Report (see note below)
+-------------+------------------------------------------------+-----------+----------------------+---------------+
|Module Name  | RTL Object                                     | Inference | Size (Depth x Width) | Primitives    | 
+-------------+------------------------------------------------+-----------+----------------------+---------------+
|z_score_inst | std_dev_inst/sqrd_dev_inst/sub_id_fifo_reg     | Implied   | 64 x 2               | RAM64M x 1    | 
|z_score_inst | std_dev_inst/sqrd_dev_inst/mul_id_fifo_arr_reg | Implied   | 64 x 2               | RAM64M x 1    | 
|z_score_inst | mean_inst/mean_id_fifo_reg                     | Implied   | 16 x 2               | RAM16X1D x 2  | 
|z_score_inst | anom_id_fifo_reg                               | Implied   | 64 x 2               | RAM64M x 1    | 
|ewma_inst    | ewma_id_fifo_reg                               | Implied   | 64 x 2               | RAM64M x 1    | 
|ewma_inst    | anom_id_fifo_reg                               | Implied   | 64 x 2               | RAM64M x 1    | 
+-------------+------------------------------------------------+-----------+----------------------+---------------+

Note: The table above is a preliminary report that shows the Distributed RAMs at the current stage of the synthesis flow. Some Distributed RAMs may be reimplemented as non Distributed RAM primitives later in the synthesis flow. Multiple instantiated RAMs are reported only once.
---------------------------------------------------------------------------------
Finished ROM, RAM, DSP, Shift Register and Retiming Reporting
---------------------------------------------------------------------------------
---------------------------------------------------------------------------------
Start Applying XDC Timing Constraints
---------------------------------------------------------------------------------
---------------------------------------------------------------------------------
Finished Applying XDC Timing Constraints : Time (s): cpu = 00:00:28 ; elapsed = 00:00:30 . Memory (MB): peak = 1424.281 ; gain = 597.355
---------------------------------------------------------------------------------
---------------------------------------------------------------------------------
Start Timing Optimization
---------------------------------------------------------------------------------
---------------------------------------------------------------------------------
Finished Timing Optimization : Time (s): cpu = 00:00:30 ; elapsed = 00:00:31 . Memory (MB): peak = 1424.281 ; gain = 597.355
---------------------------------------------------------------------------------
---------------------------------------------------------------------------------
Start ROM, RAM, DSP, Shift Register and Retiming Reporting
---------------------------------------------------------------------------------

Distributed RAM: Final Mapping Report
+-------------+------------------------------------------------+-----------+----------------------+---------------+
|Module Name  | RTL Object                                     | Inference | Size (Depth x Width) | Primitives    | 
+-------------+------------------------------------------------+-----------+----------------------+---------------+
|z_score_inst | std_dev_inst/sqrd_dev_inst/sub_id_fifo_reg     | Implied   | 64 x 2               | RAM64M x 1    | 
|z_score_inst | std_dev_inst/sqrd_dev_inst/mul_id_fifo_arr_reg | Implied   | 64 x 2               | RAM64M x 1    | 
|z_score_inst | mean_inst/mean_id_fifo_reg                     | Implied   | 16 x 2               | RAM16X1D x 2  | 
|z_score_inst | anom_id_fifo_reg                               | Implied   | 64 x 2               | RAM64M x 1    | 
|ewma_inst    | ewma_id_fifo_reg                               | Implied   | 64 x 2               | RAM64M x 1    | 
|ewma_inst    | anom_id_fifo_reg                               | Implied   | 64 x 2               | RAM64M x 1    | 
+-------------+------------------------------------------------+-----------+----------------------+---------------+

---------------------------------------------------------------------------------
Finished ROM, RAM, DSP, Shift Register and Retiming Reporting
---------------------------------------------------------------------------------
---------------------------------------------------------------------------------
Start Technology Mapping
---------------------------------------------------------------------------------
---------------------------------------------------------------------------------
Finished Technology Mapping : Time (s): cpu = 00:00:31 ; elapsed = 00:00:33 . Memory (MB): peak = 1424.281 ; gain = 597.355
---------------------------------------------------------------------------------
---------------------------------------------------------------------------------
Start IO Insertion
---------------------------------------------------------------------------------
---------------------------------------------------------------------------------
Start Flattening Before IO Insertion
---------------------------------------------------------------------------------
---------------------------------------------------------------------------------
Finished Flattening Before IO Insertion
---------------------------------------------------------------------------------
---------------------------------------------------------------------------------
Start Final Netlist Cleanup
---------------------------------------------------------------------------------
---------------------------------------------------------------------------------
Finished Final Netlist Cleanup
---------------------------------------------------------------------------------
---------------------------------------------------------------------------------
Finished IO Insertion : Time (s): cpu = 00:00:35 ; elapsed = 00:00:37 . Memory (MB): peak = 1424.281 ; gain = 597.355
---------------------------------------------------------------------------------
---------------------------------------------------------------------------------
Start Renaming Generated Instances
---------------------------------------------------------------------------------
---------------------------------------------------------------------------------
Finished Renaming Generated Instances : Time (s): cpu = 00:00:35 ; elapsed = 00:00:37 . Memory (MB): peak = 1424.281 ; gain = 597.355
---------------------------------------------------------------------------------
---------------------------------------------------------------------------------
Start Rebuilding User Hierarchy
---------------------------------------------------------------------------------
---------------------------------------------------------------------------------
Finished Rebuilding User Hierarchy : Time (s): cpu = 00:00:35 ; elapsed = 00:00:37 . Memory (MB): peak = 1424.281 ; gain = 597.355
---------------------------------------------------------------------------------
---------------------------------------------------------------------------------
Start Renaming Generated Ports
---------------------------------------------------------------------------------
---------------------------------------------------------------------------------
Finished Renaming Generated Ports : Time (s): cpu = 00:00:35 ; elapsed = 00:00:37 . Memory (MB): peak = 1424.281 ; gain = 597.355
---------------------------------------------------------------------------------
---------------------------------------------------------------------------------
Start Handling Custom Attributes
---------------------------------------------------------------------------------
---------------------------------------------------------------------------------
Finished Handling Custom Attributes : Time (s): cpu = 00:00:35 ; elapsed = 00:00:37 . Memory (MB): peak = 1424.281 ; gain = 597.355
---------------------------------------------------------------------------------
---------------------------------------------------------------------------------
Start Renaming Generated Nets
---------------------------------------------------------------------------------
---------------------------------------------------------------------------------
Finished Renaming Generated Nets : Time (s): cpu = 00:00:35 ; elapsed = 00:00:37 . Memory (MB): peak = 1424.281 ; gain = 597.355
---------------------------------------------------------------------------------
---------------------------------------------------------------------------------
Start Writing Synthesis Report
---------------------------------------------------------------------------------

Report BlackBoxes: 
+------+--------------------+----------+
|      |BlackBox name       |Instances |
+------+--------------------+----------+
|1     |fifo16x64           |        10|
|2     |fifo32xN_buffering  |        12|
|3     |fp_broadcaster      |         2|
|4     |fifo32x16_buffering |        24|
|5     |fp_sub              |         3|
|6     |fp_mul              |         3|
|7     |fp_add              |         1|
|8     |fp_broadcast_3      |         1|
|9     |fp_abs              |         3|
|10    |fp_comp             |         2|
|11    |fp_div              |         3|
|12    |fifo32xN_sample     |         8|
|13    |fp_acc              |         8|
|14    |fp_sqrt             |         1|
+------+--------------------+----------+

Report Cell Usage: 
+------+--------------------+------+
|      |Cell                |Count |
+------+--------------------+------+
|1     |fifo16x64           |    10|
|11    |fifo32x16_buffering |    24|
|35    |fifo32xN_buffering  |    12|
|47    |fifo32xN_sample     |     8|
|55    |fp_abs              |     3|
|58    |fp_acc              |     8|
|66    |fp_add              |     1|
|67    |fp_broadcast        |     1|
|68    |fp_broadcaster      |     2|
|70    |fp_comp             |     2|
|72    |fp_div              |     3|
|75    |fp_mul              |     3|
|78    |fp_sqrt             |     1|
|79    |fp_sub              |     3|
|82    |BUFG                |     1|
|83    |CARRY4              |    60|
|84    |LUT1                |    90|
|85    |LUT2                |   657|
|86    |LUT3                |   675|
|87    |LUT4                |   130|
|88    |LUT5                |   305|
|89    |LUT6                |   581|
|90    |RAM16X1D            |     2|
|91    |RAM64M              |     5|
|92    |FDCE                |   137|
|93    |FDRE                |  2471|
|94    |FDSE                |    24|
|95    |IBUF                |     5|
|96    |OBUF                |    16|
|97    |OBUFT               |    17|
+------+--------------------+------+
---------------------------------------------------------------------------------
Finished Writing Synthesis Report : Time (s): cpu = 00:00:35 ; elapsed = 00:00:37 . Memory (MB): peak = 1424.281 ; gain = 597.355
---------------------------------------------------------------------------------
Synthesis finished with 0 errors, 0 critical warnings and 74 warnings.
Synthesis Optimization Runtime : Time (s): cpu = 00:00:27 ; elapsed = 00:00:35 . Memory (MB): peak = 1424.281 ; gain = 523.316
Synthesis Optimization Complete : Time (s): cpu = 00:00:36 ; elapsed = 00:00:37 . Memory (MB): peak = 1424.281 ; gain = 597.355
INFO: [Project 1-571] Translating synthesized netlist
Netlist sorting complete. Time (s): cpu = 00:00:00 ; elapsed = 00:00:00.100 . Memory (MB): peak = 1434.883 ; gain = 0.000
INFO: [Netlist 29-17] Analyzing 67 Unisim elements for replacement
INFO: [Netlist 29-28] Unisim Transformation completed in 0 CPU seconds
INFO: [Project 1-570] Preparing netlist for logic optimization
INFO: [Opt 31-138] Pushed 0 inverter(s) to 0 load pin(s).
Netlist sorting complete. Time (s): cpu = 00:00:00 ; elapsed = 00:00:00 . Memory (MB): peak = 1438.547 ; gain = 0.000
INFO: [Project 1-111] Unisim Transformation Summary:
  A total of 7 instances were transformed.
  RAM16X1D => RAM32X1D (RAMD32(x2)): 2 instances
  RAM64M => RAM64M (RAMD64E(x4)): 5 instances

Synth Design complete, checksum: fd23c327
INFO: [Common 17-83] Releasing license: Synthesis
205 Infos, 136 Warnings, 0 Critical Warnings and 0 Errors encountered.
synth_design completed successfully
synth_design: Time (s): cpu = 00:00:40 ; elapsed = 00:00:43 . Memory (MB): peak = 1438.547 ; gain = 1010.910
INFO: [Common 17-1381] The checkpoint 'E:/VivadoProjects/demo_cusum_ewma_zscore_multi/demo_cusum_ewma_zscore_multi/demo_cusum_ewma_zscore_multi.runs/synth_1/top_level_proj.dcp' has been generated.
INFO: [runtcl-4] Executing : report_utilization -file top_level_proj_utilization_synth.rpt -pb top_level_proj_utilization_synth.pb
INFO: [Common 17-206] Exiting Vivado at Wed Apr 22 19:46:07 2026...
